{"metadata":{"timeStamp":"2023-04-01 13:20:39.632","logLikelihoodPerRead":1.6101299884217526,"logLikelihood":804718.958475995,"gradientCalls":23,"fitSteps":19,"regularization":6.92071469762709E-4,"functionCalls":0,"fitter":"proBound","fitName":"component0-0-h","fitTime":1.371,"dataLoops":23},"optimizerSetting":{"output":{"outputPath":"/mnt/e/desktop/HB_Rotation_1/ProBound_run/Tcf21__Yang2017/result","baseName":"fit"},"nThreads":12,"likelihoodThreshold":2.0E-4,"lbfgsSettings":{"memory":100,"convergence":1.0E-7,"MCSearch":true,"maxIters":2000},"lambdaL2":1.0E-6,"fixedLibrarySize":false,"expBound":40,"nRetries":3,"hkSettings":{"epsilon":1.0E-7,"kickFinal":false,"fdDelta":1.0E-4,"kickAll":false,"maxIters":200,"evCutoff":1.0E-9}},"modelSettings":{"enrichmentModel":[{"variationsOptimized":false,"bindingSaturation":false,"cumulativeEnrichment":true,"concentration":1,"modelType":"SELEX","bindingModeInteractions":[],"componentName":"SELEX enrichment model 0","freezingLevel":0,"includeComponent":true,"bindingModes":[0,1,2],"variationDescription":[],"modifications":[]}],"letterOrder":"ACGT","countTable":[{"leftFlank":"CGGAGTCGGCAAGCAGAAGACGGCATACGATGCA","variationsOptimized":true,"transliterate":{"in":[],"out":[]},"variableRegionLength":20,"countTableFile":"/mnt/e/countTables/Yang2017/Tcf21_ESZ_TCCGTG20NTGC.100000.tsv","modeledColumns":[0,1,2,3,4],"inputFileType":"tsv","nColumns":5,"rightFlank":"CACGGAGATCGGAAGAGCGTCG","componentName":"Count table 0","freezingLevel":0,"includeComponent":true,"variationDescription":[]}],"bindingModeInteractions":[],"bindingModes":[{"variationsOptimized":false,"fitLogActivity":true,"flankLength":0,"singleStrand":false,"variationName":"0;0;0","size":0,"dinucleotideDistance":0,"componentName":"Binding mode 0","freezingLevel":0,"positionBias":false,"includeComponent":true,"variationDescription":[],"modifications":[]},{"variationsOptimized":false,"fitLogActivity":true,"flankLength":0,"singleStrand":false,"variationName":"12;0;0","size":12,"dinucleotideDistance":0,"componentName":"Binding mode 1","freezingLevel":0,"positionBias":false,"includeComponent":false,"variationDescription":[],"modifications":[]},{"variationsOptimized":false,"fitLogActivity":true,"flankLength":0,"singleStrand":false,"variationName":"16;0;0","size":16,"dinucleotideDistance":0,"componentName":"Binding mode 2","freezingLevel":0,"positionBias":false,"includeComponent":false,"variationDescription":[],"modifications":[]}],"letterComplement":"C-G,A-T"},"coefficients":{"enrichmentModel":[{}],"countTable":[{"h":[-13.466669063481392,-6.733335003262472,-4.334501317954789E-9,6.733334647464968,13.466669490629801]}],"bindingModeInteractions":[],"bindingModes":[{"mononucleotide":[],"activity":[[-6.733401891837359,-6.733401891837359,-6.733401891837359,-6.733401891837359,-6.733401891837359]],"dinucleotide":[],"modifications":[]},{"mononucleotide":[0,0,0,0,0,0,0,0,0,0,0,0,-1,0,-1,-1,0,-1,-1,-1,0,0,0,0,0,0,0,0,-1,-1,-1,0,-1,-1,0,-1,0,0,0,0,0,0,0,0,0,0,0,0],"activity":[[0,0,0,0,0]],"dinucleotide":[],"modifications":[]},{"mononucleotide":[0,0,0,0,0,0,0,0,0,0,0,0,0,0,0,0,0,0,0,0,0,0,0,0,0,0,0,0,0,0,0,0,0,0,0,0,0,0,0,0,0,0,0,0,0,0,0,0,0,0,0,0,0,0,0,0,0,0,0,0,0,0,0,0],"activity":[[0,0,0,0,0]],"dinucleotide":[],"modifications":[]}]},"modelFittingConstraints":{"enrichmentModel":[{"trySaturation":false}],"countTable":[{}],"bindingModes":[{"maxFlankLength":-1,"positionBiasBinWidth":1,"optimizeSizeHeuristic":false,"maxSize":-1,"optimizeFlankLength":false,"symmetryString":"null","roundSpecificActivity":true,"informationThreshold":0.1,"optimizeMotifShift":false,"fittingStages":[],"optimizeMotifShiftHeuristic":false,"experimentSpecificPositionBias":true,"minSize":-1,"experimentSpecificActivity":true,"optimizeSize":false},{"maxFlankLength":-1,"positionBiasBinWidth":1,"optimizeSizeHeuristic":false,"maxSize":-1,"optimizeFlankLength":true,"symmetryString":"abcdefFEDCBA","roundSpecificActivity":true,"informationThreshold":0.1,"optimizeMotifShift":false,"fittingStages":[{"optimizeFlankLength":true},{"optimizeMotifShift":false},{"optimizeMotifShiftHeuristic":false}],"optimizeMotifShiftHeuristic":false,"experimentSpecificPositionBias":true,"minSize":-1,"experimentSpecificActivity":true,"optimizeSize":false},{"maxFlankLength":-1,"positionBiasBinWidth":1,"optimizeSizeHeuristic":false,"maxSize":-1,"optimizeFlankLength":true,"symmetryString":"abcdefghHGFEDCBA","roundSpecificActivity":true,"informationThreshold":0.1,"optimizeMotifShift":false,"fittingStages":[{"optimizeFlankLength":true},{"optimizeMotifShift":false},{"optimizeMotifShiftHeuristic":false}],"optimizeMotifShiftHeuristic":false,"experimentSpecificPositionBias":true,"minSize":-1,"experimentSpecificActivity":true,"optimizeSize":false}]}}
{"metadata":{"timeStamp":"2023-04-01 13:20:41.629","logLikelihoodPerRead":1.6094499124344832,"logLikelihood":804718.9562172416,"gradientCalls":48,"fitSteps":40,"regularization":1.2000000000085291E-5,"functionCalls":0,"fitter":"proBound","fitName":"component0-1-f0","fitTime":3.368,"dataLoops":48},"optimizerSetting":{"output":{"outputPath":"/mnt/e/desktop/HB_Rotation_1/ProBound_run/Tcf21__Yang2017/result","baseName":"fit"},"nThreads":12,"likelihoodThreshold":2.0E-4,"lbfgsSettings":{"memory":100,"convergence":1.0E-7,"MCSearch":true,"maxIters":2000},"lambdaL2":1.0E-6,"fixedLibrarySize":false,"expBound":40,"nRetries":3,"hkSettings":{"epsilon":1.0E-7,"kickFinal":false,"fdDelta":1.0E-4,"kickAll":false,"maxIters":200,"evCutoff":1.0E-9}},"modelSettings":{"enrichmentModel":[{"variationsOptimized":false,"bindingSaturation":false,"cumulativeEnrichment":true,"concentration":1,"modelType":"SELEX","bindingModeInteractions":[],"componentName":"SELEX enrichment model 0","freezingLevel":0,"includeComponent":true,"bindingModes":[0,1,2],"variationDescription":[],"modifications":[]}],"letterOrder":"ACGT","countTable":[{"leftFlank":"CGGAGTCGGCAAGCAGAAGACGGCATACGATGCA","variationsOptimized":true,"transliterate":{"in":[],"out":[]},"variableRegionLength":20,"countTableFile":"/mnt/e/countTables/Yang2017/Tcf21_ESZ_TCCGTG20NTGC.100000.tsv","modeledColumns":[0,1,2,3,4],"inputFileType":"tsv","nColumns":5,"rightFlank":"CACGGAGATCGGAAGAGCGTCG","componentName":"Count table 0","freezingLevel":0,"includeComponent":true,"variationDescription":[]}],"bindingModeInteractions":[],"bindingModes":[{"variationsOptimized":false,"fitLogActivity":true,"flankLength":0,"singleStrand":false,"variationName":"0;0;0","size":0,"dinucleotideDistance":0,"componentName":"Binding mode 0","freezingLevel":0,"positionBias":false,"includeComponent":true,"variationDescription":[],"modifications":[]},{"variationsOptimized":false,"fitLogActivity":true,"flankLength":0,"singleStrand":false,"variationName":"12;0;0","size":12,"dinucleotideDistance":0,"componentName":"Binding mode 1","freezingLevel":0,"positionBias":false,"includeComponent":false,"variationDescription":[],"modifications":[]},{"variationsOptimized":false,"fitLogActivity":true,"flankLength":0,"singleStrand":false,"variationName":"16;0;0","size":16,"dinucleotideDistance":0,"componentName":"Binding mode 2","freezingLevel":0,"positionBias":false,"includeComponent":false,"variationDescription":[],"modifications":[]}],"letterComplement":"C-G,A-T"},"coefficients":{"enrichmentModel":[{}],"countTable":[{"h":[1.7710536295067266E-8,-1.415891046155235E-7,-2.5680606617495916E-9,1.422559175199431E-7,-1.4445584204845173E-8]}],"bindingModeInteractions":[],"bindingModes":[{"mononucleotide":[],"activity":[[-4.4094398410086445E-7,1.5858314482038985E-7,-1.4498098318496705E-7,-1.3961755106534535E-7,1.559318896335218E-7]],"dinucleotide":[],"modifications":[]},{"mononucleotide":[0,0,0,0,0,0,0,0,0,0,0,0,-1,0,-1,-1,0,-1,-1,-1,0,0,0,0,0,0,0,0,-1,-1,-1,0,-1,-1,0,-1,0,0,0,0,0,0,0,0,0,0,0,0],"activity":[[0,0,0,0,0]],"dinucleotide":[],"modifications":[]},{"mononucleotide":[0,0,0,0,0,0,0,0,0,0,0,0,0,0,0,0,0,0,0,0,0,0,0,0,0,0,0,0,0,0,0,0,0,0,0,0,0,0,0,0,0,0,0,0,0,0,0,0,0,0,0,0,0,0,0,0,0,0,0,0,0,0,0,0],"activity":[[0,0,0,0,0]],"dinucleotide":[],"modifications":[]}]},"modelFittingConstraints":{"enrichmentModel":[{"trySaturation":false}],"countTable":[{}],"bindingModes":[{"maxFlankLength":-1,"positionBiasBinWidth":1,"optimizeSizeHeuristic":false,"maxSize":-1,"optimizeFlankLength":false,"symmetryString":"null","roundSpecificActivity":true,"informationThreshold":0.1,"optimizeMotifShift":false,"fittingStages":[],"optimizeMotifShiftHeuristic":false,"experimentSpecificPositionBias":true,"minSize":-1,"experimentSpecificActivity":true,"optimizeSize":false},{"maxFlankLength":-1,"positionBiasBinWidth":1,"optimizeSizeHeuristic":false,"maxSize":-1,"optimizeFlankLength":true,"symmetryString":"abcdefFEDCBA","roundSpecificActivity":true,"informationThreshold":0.1,"optimizeMotifShift":false,"fittingStages":[{"optimizeFlankLength":true},{"optimizeMotifShift":false},{"optimizeMotifShiftHeuristic":false}],"optimizeMotifShiftHeuristic":false,"experimentSpecificPositionBias":true,"minSize":-1,"experimentSpecificActivity":true,"optimizeSize":false},{"maxFlankLength":-1,"positionBiasBinWidth":1,"optimizeSizeHeuristic":false,"maxSize":-1,"optimizeFlankLength":true,"symmetryString":"abcdefghHGFEDCBA","roundSpecificActivity":true,"informationThreshold":0.1,"optimizeMotifShift":false,"fittingStages":[{"optimizeFlankLength":true},{"optimizeMotifShift":false},{"optimizeMotifShiftHeuristic":false}],"optimizeMotifShiftHeuristic":false,"experimentSpecificPositionBias":true,"minSize":-1,"experimentSpecificActivity":true,"optimizeSize":false}]}}
{"metadata":{"timeStamp":"2023-04-01 13:20:41.663","logLikelihoodPerRead":1.6094499124344837,"logLikelihood":804718.9562172418,"gradientCalls":49,"fitSteps":43,"regularization":1.2000000000085291E-5,"functionCalls":0,"fitter":"proBound","fitName":"component0-2-variation0","fitTime":3.402,"dataLoops":49},"optimizerSetting":{"output":{"outputPath":"/mnt/e/desktop/HB_Rotation_1/ProBound_run/Tcf21__Yang2017/result","baseName":"fit"},"nThreads":12,"likelihoodThreshold":2.0E-4,"lbfgsSettings":{"memory":100,"convergence":1.0E-7,"MCSearch":true,"maxIters":2000},"lambdaL2":1.0E-6,"fixedLibrarySize":false,"expBound":40,"nRetries":3,"hkSettings":{"epsilon":1.0E-7,"kickFinal":false,"fdDelta":1.0E-4,"kickAll":false,"maxIters":200,"evCutoff":1.0E-9}},"modelSettings":{"enrichmentModel":[{"variationsOptimized":false,"bindingSaturation":false,"cumulativeEnrichment":true,"concentration":1,"modelType":"SELEX","bindingModeInteractions":[],"componentName":"SELEX enrichment model 0","freezingLevel":0,"includeComponent":true,"bindingModes":[0,1,2],"variationDescription":[],"modifications":[]}],"letterOrder":"ACGT","countTable":[{"leftFlank":"CGGAGTCGGCAAGCAGAAGACGGCATACGATGCA","variationsOptimized":true,"transliterate":{"in":[],"out":[]},"variableRegionLength":20,"countTableFile":"/mnt/e/countTables/Yang2017/Tcf21_ESZ_TCCGTG20NTGC.100000.tsv","modeledColumns":[0,1,2,3,4],"inputFileType":"tsv","nColumns":5,"rightFlank":"CACGGAGATCGGAAGAGCGTCG","componentName":"Count table 0","freezingLevel":0,"includeComponent":true,"variationDescription":[]}],"bindingModeInteractions":[],"bindingModes":[{"variationsOptimized":false,"fitLogActivity":true,"flankLength":0,"singleStrand":false,"variationName":"0;0;0","size":0,"dinucleotideDistance":0,"componentName":"Binding mode 0","freezingLevel":0,"positionBias":false,"includeComponent":true,"variationDescription":[{"variationName":"0;0;0","descriptionString":"Initial model."}],"modifications":[]},{"variationsOptimized":false,"fitLogActivity":true,"flankLength":0,"singleStrand":false,"variationName":"12;0;0","size":12,"dinucleotideDistance":0,"componentName":"Binding mode 1","freezingLevel":0,"positionBias":false,"includeComponent":false,"variationDescription":[],"modifications":[]},{"variationsOptimized":false,"fitLogActivity":true,"flankLength":0,"singleStrand":false,"variationName":"16;0;0","size":16,"dinucleotideDistance":0,"componentName":"Binding mode 2","freezingLevel":0,"positionBias":false,"includeComponent":false,"variationDescription":[],"modifications":[]}],"letterComplement":"C-G,A-T"},"coefficients":{"enrichmentModel":[{}],"countTable":[{"h":[1.7710536295067266E-8,-1.415891046155235E-7,-2.5680606617495916E-9,1.422559175199431E-7,-1.4445584204845173E-8]}],"bindingModeInteractions":[],"bindingModes":[{"mononucleotide":[],"activity":[[-4.4094398410086445E-7,1.5858314482038985E-7,-1.4498098318496705E-7,-1.3961755106534535E-7,1.559318896335218E-7]],"dinucleotide":[],"modifications":[]},{"mononucleotide":[0,0,0,0,0,0,0,0,0,0,0,0,-1,0,-1,-1,0,-1,-1,-1,0,0,0,0,0,0,0,0,-1,-1,-1,0,-1,-1,0,-1,0,0,0,0,0,0,0,0,0,0,0,0],"activity":[[0,0,0,0,0]],"dinucleotide":[],"modifications":[]},{"mononucleotide":[0,0,0,0,0,0,0,0,0,0,0,0,0,0,0,0,0,0,0,0,0,0,0,0,0,0,0,0,0,0,0,0,0,0,0,0,0,0,0,0,0,0,0,0,0,0,0,0,0,0,0,0,0,0,0,0,0,0,0,0,0,0,0,0],"activity":[[0,0,0,0,0]],"dinucleotide":[],"modifications":[]}]},"modelFittingConstraints":{"enrichmentModel":[{"trySaturation":false}],"countTable":[{}],"bindingModes":[{"maxFlankLength":-1,"positionBiasBinWidth":1,"optimizeSizeHeuristic":false,"maxSize":-1,"optimizeFlankLength":false,"symmetryString":"null","roundSpecificActivity":true,"informationThreshold":0.1,"optimizeMotifShift":false,"fittingStages":[],"optimizeMotifShiftHeuristic":false,"experimentSpecificPositionBias":true,"minSize":-1,"experimentSpecificActivity":true,"optimizeSize":false},{"maxFlankLength":-1,"positionBiasBinWidth":1,"optimizeSizeHeuristic":false,"maxSize":-1,"optimizeFlankLength":true,"symmetryString":"abcdefFEDCBA","roundSpecificActivity":true,"informationThreshold":0.1,"optimizeMotifShift":false,"fittingStages":[{"optimizeFlankLength":true},{"optimizeMotifShift":false},{"optimizeMotifShiftHeuristic":false}],"optimizeMotifShiftHeuristic":false,"experimentSpecificPositionBias":true,"minSize":-1,"experimentSpecificActivity":true,"optimizeSize":false},{"maxFlankLength":-1,"positionBiasBinWidth":1,"optimizeSizeHeuristic":false,"maxSize":-1,"optimizeFlankLength":true,"symmetryString":"abcdefghHGFEDCBA","roundSpecificActivity":true,"informationThreshold":0.1,"optimizeMotifShift":false,"fittingStages":[{"optimizeFlankLength":true},{"optimizeMotifShift":false},{"optimizeMotifShiftHeuristic":false}],"optimizeMotifShiftHeuristic":false,"experimentSpecificPositionBias":true,"minSize":-1,"experimentSpecificActivity":true,"optimizeSize":false}]}}
{"metadata":{"timeStamp":"2023-04-01 13:20:42.463","logLikelihoodPerRead":1.6094499124344834,"logLikelihood":804718.9562172417,"gradientCalls":50,"fitSteps":46,"regularization":1.2000000000085291E-5,"functionCalls":0,"fitter":"proBound","fitName":"component0-4-all","fitTime":4.202,"dataLoops":50},"optimizerSetting":{"output":{"outputPath":"/mnt/e/desktop/HB_Rotation_1/ProBound_run/Tcf21__Yang2017/result","baseName":"fit"},"nThreads":12,"likelihoodThreshold":2.0E-4,"lbfgsSettings":{"memory":100,"convergence":1.0E-7,"MCSearch":true,"maxIters":2000},"lambdaL2":1.0E-6,"fixedLibrarySize":false,"expBound":40,"nRetries":3,"hkSettings":{"epsilon":1.0E-7,"kickFinal":false,"fdDelta":1.0E-4,"kickAll":false,"maxIters":200,"evCutoff":1.0E-9}},"modelSettings":{"enrichmentModel":[{"variationsOptimized":false,"bindingSaturation":false,"cumulativeEnrichment":true,"concentration":1,"modelType":"SELEX","bindingModeInteractions":[],"componentName":"SELEX enrichment model 0","freezingLevel":0,"includeComponent":true,"bindingModes":[0,1,2],"variationDescription":[],"modifications":[]}],"letterOrder":"ACGT","countTable":[{"leftFlank":"CGGAGTCGGCAAGCAGAAGACGGCATACGATGCA","variationsOptimized":true,"transliterate":{"in":[],"out":[]},"variableRegionLength":20,"countTableFile":"/mnt/e/countTables/Yang2017/Tcf21_ESZ_TCCGTG20NTGC.100000.tsv","modeledColumns":[0,1,2,3,4],"inputFileType":"tsv","nColumns":5,"rightFlank":"CACGGAGATCGGAAGAGCGTCG","componentName":"Count table 0","freezingLevel":0,"includeComponent":true,"variationDescription":[]}],"bindingModeInteractions":[],"bindingModes":[{"variationsOptimized":true,"fitLogActivity":true,"flankLength":0,"singleStrand":false,"variationName":"0;0;0","size":0,"dinucleotideDistance":0,"componentName":"Binding mode 0","freezingLevel":0,"positionBias":false,"includeComponent":true,"variationDescription":[{"variationName":"0;0;0","descriptionString":"Initial model."}],"modifications":[]},{"variationsOptimized":false,"fitLogActivity":true,"flankLength":0,"singleStrand":false,"variationName":"12;0;0","size":12,"dinucleotideDistance":0,"componentName":"Binding mode 1","freezingLevel":0,"positionBias":false,"includeComponent":false,"variationDescription":[],"modifications":[]},{"variationsOptimized":false,"fitLogActivity":true,"flankLength":0,"singleStrand":false,"variationName":"16;0;0","size":16,"dinucleotideDistance":0,"componentName":"Binding mode 2","freezingLevel":0,"positionBias":false,"includeComponent":false,"variationDescription":[],"modifications":[]}],"letterComplement":"C-G,A-T"},"coefficients":{"enrichmentModel":[{}],"countTable":[{"h":[1.7710536295067266E-8,-1.415891046155235E-7,-2.5680606617495916E-9,1.422559175199431E-7,-1.4445584204845173E-8]}],"bindingModeInteractions":[],"bindingModes":[{"mononucleotide":[],"activity":[[-4.4094398410086445E-7,1.5858314482038985E-7,-1.4498098318496705E-7,-1.3961755106534535E-7,1.559318896335218E-7]],"dinucleotide":[],"modifications":[]},{"mononucleotide":[0,0,0,0,0,0,0,0,0,0,0,0,-1,0,-1,-1,0,-1,-1,-1,0,0,0,0,0,0,0,0,-1,-1,-1,0,-1,-1,0,-1,0,0,0,0,0,0,0,0,0,0,0,0],"activity":[[0,0,0,0,0]],"dinucleotide":[],"modifications":[]},{"mononucleotide":[0,0,0,0,0,0,0,0,0,0,0,0,0,0,0,0,0,0,0,0,0,0,0,0,0,0,0,0,0,0,0,0,0,0,0,0,0,0,0,0,0,0,0,0,0,0,0,0,0,0,0,0,0,0,0,0,0,0,0,0,0,0,0,0],"activity":[[0,0,0,0,0]],"dinucleotide":[],"modifications":[]}]},"modelFittingConstraints":{"enrichmentModel":[{"trySaturation":false}],"countTable":[{}],"bindingModes":[{"maxFlankLength":-1,"positionBiasBinWidth":1,"optimizeSizeHeuristic":false,"maxSize":-1,"optimizeFlankLength":false,"symmetryString":"null","roundSpecificActivity":true,"informationThreshold":0.1,"optimizeMotifShift":false,"fittingStages":[],"optimizeMotifShiftHeuristic":false,"experimentSpecificPositionBias":true,"minSize":-1,"experimentSpecificActivity":true,"optimizeSize":false},{"maxFlankLength":-1,"positionBiasBinWidth":1,"optimizeSizeHeuristic":false,"maxSize":-1,"optimizeFlankLength":true,"symmetryString":"abcdefFEDCBA","roundSpecificActivity":true,"informationThreshold":0.1,"optimizeMotifShift":false,"fittingStages":[{"optimizeFlankLength":true},{"optimizeMotifShift":false},{"optimizeMotifShiftHeuristic":false}],"optimizeMotifShiftHeuristic":false,"experimentSpecificPositionBias":true,"minSize":-1,"experimentSpecificActivity":true,"optimizeSize":false},{"maxFlankLength":-1,"positionBiasBinWidth":1,"optimizeSizeHeuristic":false,"maxSize":-1,"optimizeFlankLength":true,"symmetryString":"abcdefghHGFEDCBA","roundSpecificActivity":true,"informationThreshold":0.1,"optimizeMotifShift":false,"fittingStages":[{"optimizeFlankLength":true},{"optimizeMotifShift":false},{"optimizeMotifShiftHeuristic":false}],"optimizeMotifShiftHeuristic":false,"experimentSpecificPositionBias":true,"minSize":-1,"experimentSpecificActivity":true,"optimizeSize":false}]}}
{"metadata":{"timeStamp":"2023-04-01 13:20:43.68","logLikelihoodPerRead":1.643771558237419,"logLikelihood":821873.1228776104,"gradientCalls":60,"fitSteps":57,"regularization":2.531248219826611E-5,"functionCalls":0,"fitter":"proBound","fitName":"component1-0-h","fitTime":5.419,"dataLoops":60},"optimizerSetting":{"output":{"outputPath":"/mnt/e/desktop/HB_Rotation_1/ProBound_run/Tcf21__Yang2017/result","baseName":"fit"},"nThreads":12,"likelihoodThreshold":2.0E-4,"lbfgsSettings":{"memory":100,"convergence":1.0E-7,"MCSearch":true,"maxIters":2000},"lambdaL2":1.0E-6,"fixedLibrarySize":false,"expBound":40,"nRetries":3,"hkSettings":{"epsilon":1.0E-7,"kickFinal":false,"fdDelta":1.0E-4,"kickAll":false,"maxIters":200,"evCutoff":1.0E-9}},"modelSettings":{"enrichmentModel":[{"variationsOptimized":false,"bindingSaturation":false,"cumulativeEnrichment":true,"concentration":1,"modelType":"SELEX","bindingModeInteractions":[],"componentName":"SELEX enrichment model 0","freezingLevel":0,"includeComponent":true,"bindingModes":[0,1,2],"variationDescription":[],"modifications":[]}],"letterOrder":"ACGT","countTable":[{"leftFlank":"CGGAGTCGGCAAGCAGAAGACGGCATACGATGCA","variationsOptimized":true,"transliterate":{"in":[],"out":[]},"variableRegionLength":20,"countTableFile":"/mnt/e/countTables/Yang2017/Tcf21_ESZ_TCCGTG20NTGC.100000.tsv","modeledColumns":[0,1,2,3,4],"inputFileType":"tsv","nColumns":5,"rightFlank":"CACGGAGATCGGAAGAGCGTCG","componentName":"Count table 0","freezingLevel":0,"includeComponent":true,"variationDescription":[]}],"bindingModeInteractions":[],"bindingModes":[{"variationsOptimized":true,"fitLogActivity":true,"flankLength":0,"singleStrand":false,"variationName":"0;0;0","size":0,"dinucleotideDistance":0,"componentName":"Binding mode 0","freezingLevel":0,"positionBias":false,"includeComponent":true,"variationDescription":[{"variationName":"0;0;0","descriptionString":"Initial model."}],"modifications":[]},{"variationsOptimized":false,"fitLogActivity":true,"flankLength":0,"singleStrand":false,"variationName":"12;0;0","size":12,"dinucleotideDistance":0,"componentName":"Binding mode 1","freezingLevel":0,"positionBias":false,"includeComponent":true,"variationDescription":[],"modifications":[]},{"variationsOptimized":false,"fitLogActivity":true,"flankLength":0,"singleStrand":false,"variationName":"16;0;0","size":16,"dinucleotideDistance":0,"componentName":"Binding mode 2","freezingLevel":0,"positionBias":false,"includeComponent":false,"variationDescription":[],"modifications":[]}],"letterComplement":"C-G,A-T"},"coefficients":{"enrichmentModel":[{}],"countTable":[{"h":[2.191718113212066,1.1309846606383096,0.03795475432559516,-1.092721524763976,-2.2679360020485935]}],"bindingModeInteractions":[],"bindingModes":[{"mononucleotide":[],"activity":[[-4.4094398410086445E-7,1.5858314482038985E-7,-1.4498098318496705E-7,-1.3961755106534535E-7,1.559318896335218E-7]],"dinucleotide":[],"modifications":[]},{"mononucleotide":[0,0,0,0,0,0,0,0,0,0,0,0,-1,0,-1,-1,0,-1,-1,-1,0,0,0,0,0,0,0,0,-1,-1,-1,0,-1,-1,0,-1,0,0,0,0,0,0,0,0,0,0,0,0],"activity":[[0.4220690678540745,0.42206966738120355,0.4220693638170753,0.4220693691805075,0.42206966472994817]],"dinucleotide":[],"modifications":[]},{"mononucleotide":[0,0,0,0,0,0,0,0,0,0,0,0,0,0,0,0,0,0,0,0,0,0,0,0,0,0,0,0,0,0,0,0,0,0,0,0,0,0,0,0,0,0,0,0,0,0,0,0,0,0,0,0,0,0,0,0,0,0,0,0,0,0,0,0],"activity":[[0,0,0,0,0]],"dinucleotide":[],"modifications":[]}]},"modelFittingConstraints":{"enrichmentModel":[{"trySaturation":false}],"countTable":[{}],"bindingModes":[{"maxFlankLength":-1,"positionBiasBinWidth":1,"optimizeSizeHeuristic":false,"maxSize":-1,"optimizeFlankLength":false,"symmetryString":"null","roundSpecificActivity":true,"informationThreshold":0.1,"optimizeMotifShift":false,"fittingStages":[],"optimizeMotifShiftHeuristic":false,"experimentSpecificPositionBias":true,"minSize":-1,"experimentSpecificActivity":true,"optimizeSize":false},{"maxFlankLength":-1,"positionBiasBinWidth":1,"optimizeSizeHeuristic":false,"maxSize":-1,"optimizeFlankLength":true,"symmetryString":"abcdefFEDCBA","roundSpecificActivity":true,"informationThreshold":0.1,"optimizeMotifShift":false,"fittingStages":[{"optimizeFlankLength":true},{"optimizeMotifShift":false},{"optimizeMotifShiftHeuristic":false}],"optimizeMotifShiftHeuristic":false,"experimentSpecificPositionBias":true,"minSize":-1,"experimentSpecificActivity":true,"optimizeSize":false},{"maxFlankLength":-1,"positionBiasBinWidth":1,"optimizeSizeHeuristic":false,"maxSize":-1,"optimizeFlankLength":true,"symmetryString":"abcdefghHGFEDCBA","roundSpecificActivity":true,"informationThreshold":0.1,"optimizeMotifShift":false,"fittingStages":[{"optimizeFlankLength":true},{"optimizeMotifShift":false},{"optimizeMotifShiftHeuristic":false}],"optimizeMotifShiftHeuristic":false,"experimentSpecificPositionBias":true,"minSize":-1,"experimentSpecificActivity":true,"optimizeSize":false}]}}
{"metadata":{"timeStamp":"2023-04-01 13:21:20.024","logLikelihoodPerRead":1.6030453248405976,"logLikelihood":800155.4484211319,"gradientCalls":246,"fitSteps":236,"regularization":0.002734427998333631,"functionCalls":0,"fitter":"proBound","fitName":"component1-1-f0","fitTime":41.764,"dataLoops":246},"optimizerSetting":{"output":{"outputPath":"/mnt/e/desktop/HB_Rotation_1/ProBound_run/Tcf21__Yang2017/result","baseName":"fit"},"nThreads":12,"likelihoodThreshold":2.0E-4,"lbfgsSettings":{"memory":100,"convergence":1.0E-7,"MCSearch":true,"maxIters":2000},"lambdaL2":1.0E-6,"fixedLibrarySize":false,"expBound":40,"nRetries":3,"hkSettings":{"epsilon":1.0E-7,"kickFinal":false,"fdDelta":1.0E-4,"kickAll":false,"maxIters":200,"evCutoff":1.0E-9}},"modelSettings":{"enrichmentModel":[{"variationsOptimized":false,"bindingSaturation":false,"cumulativeEnrichment":true,"concentration":1,"modelType":"SELEX","bindingModeInteractions":[],"componentName":"SELEX enrichment model 0","freezingLevel":0,"includeComponent":true,"bindingModes":[0,1,2],"variationDescription":[],"modifications":[]}],"letterOrder":"ACGT","countTable":[{"leftFlank":"CGGAGTCGGCAAGCAGAAGACGGCATACGATGCA","variationsOptimized":true,"transliterate":{"in":[],"out":[]},"variableRegionLength":20,"countTableFile":"/mnt/e/countTables/Yang2017/Tcf21_ESZ_TCCGTG20NTGC.100000.tsv","modeledColumns":[0,1,2,3,4],"inputFileType":"tsv","nColumns":5,"rightFlank":"CACGGAGATCGGAAGAGCGTCG","componentName":"Count table 0","freezingLevel":0,"includeComponent":true,"variationDescription":[]}],"bindingModeInteractions":[],"bindingModes":[{"variationsOptimized":true,"fitLogActivity":true,"flankLength":0,"singleStrand":false,"variationName":"0;0;0","size":0,"dinucleotideDistance":0,"componentName":"Binding mode 0","freezingLevel":0,"positionBias":false,"includeComponent":true,"variationDescription":[{"variationName":"0;0;0","descriptionString":"Initial model."}],"modifications":[]},{"variationsOptimized":false,"fitLogActivity":true,"flankLength":0,"singleStrand":false,"variationName":"12;0;0","size":12,"dinucleotideDistance":0,"componentName":"Binding mode 1","freezingLevel":0,"positionBias":false,"includeComponent":true,"variationDescription":[],"modifications":[]},{"variationsOptimized":false,"fitLogActivity":true,"flankLength":0,"singleStrand":false,"variationName":"16;0;0","size":16,"dinucleotideDistance":0,"componentName":"Binding mode 2","freezingLevel":0,"positionBias":false,"includeComponent":false,"variationDescription":[],"modifications":[]}],"letterComplement":"C-G,A-T"},"coefficients":{"enrichmentModel":[{}],"countTable":[{"h":[0.4309723645357142,0.28457609256435334,0.04022758703784701,-0.35944776775665843,-0.39632827635764845]}],"bindingModeInteractions":[],"bindingModes":[{"mononucleotide":[],"activity":[[-4.4094398410086445E-7,1.5858314482038985E-7,-1.4498098318496705E-7,-1.3961755106534535E-7,1.559318896335218E-7]],"dinucleotide":[],"modifications":[]},{"mononucleotide":[-0.7758347188088863,-0.032003106713962545,-0.12732442853813397,-0.6004385805647425,-0.4156578232961199,-0.20629204851349514,-0.059276515628938396,-0.8543744471747359,-0.4878363316703611,-0.27326455013790824,-0.24349971973770404,-0.5310002330644724,-0.6803544602631496,-0.11268691272017456,-0.3539405223228043,-0.38862724298338447,-0.08034521564801317,-0.5759973398074651,-0.27197497915652374,-0.6072916036768211,-0.8719107899581231,-0.14176864665663808,-0.3333910634754553,-0.1885303345238299,-0.1885303345238299,-0.3333910634754553,-0.14176864665663808,-0.8719107899581231,-0.6072916036768211,-0.27197497915652374,-0.5759973398074651,-0.08034521564801317,-0.38862724298338447,-0.3539405223228043,-0.11268691272017456,-0.6803544602631496,-0.5310002330644724,-0.24349971973770404,-0.27326455013790824,-0.4878363316703611,-0.8543744471747359,-0.059276515628938396,-0.20629204851349514,-0.4156578232961199,-0.6004385805647425,-0.12732442853813397,-0.032003106713962545,-0.7758347188088863],"activity":[[0.006879905949693927,-0.38506137520649786,0.14730768379530243,0.6721797749929063,-1.9740808821446114]],"dinucleotide":[],"modifications":[]},{"mononucleotide":[0,0,0,0,0,0,0,0,0,0,0,0,0,0,0,0,0,0,0,0,0,0,0,0,0,0,0,0,0,0,0,0,0,0,0,0,0,0,0,0,0,0,0,0,0,0,0,0,0,0,0,0,0,0,0,0,0,0,0,0,0,0,0,0],"activity":[[0,0,0,0,0]],"dinucleotide":[],"modifications":[]}]},"modelFittingConstraints":{"enrichmentModel":[{"trySaturation":false}],"countTable":[{}],"bindingModes":[{"maxFlankLength":-1,"positionBiasBinWidth":1,"optimizeSizeHeuristic":false,"maxSize":-1,"optimizeFlankLength":false,"symmetryString":"null","roundSpecificActivity":true,"informationThreshold":0.1,"optimizeMotifShift":false,"fittingStages":[],"optimizeMotifShiftHeuristic":false,"experimentSpecificPositionBias":true,"minSize":-1,"experimentSpecificActivity":true,"optimizeSize":false},{"maxFlankLength":-1,"positionBiasBinWidth":1,"optimizeSizeHeuristic":false,"maxSize":-1,"optimizeFlankLength":true,"symmetryString":"abcdefFEDCBA","roundSpecificActivity":true,"informationThreshold":0.1,"optimizeMotifShift":false,"fittingStages":[{"optimizeFlankLength":true},{"optimizeMotifShift":false},{"optimizeMotifShiftHeuristic":false}],"optimizeMotifShiftHeuristic":false,"experimentSpecificPositionBias":true,"minSize":-1,"experimentSpecificActivity":true,"optimizeSize":false},{"maxFlankLength":-1,"positionBiasBinWidth":1,"optimizeSizeHeuristic":false,"maxSize":-1,"optimizeFlankLength":true,"symmetryString":"abcdefghHGFEDCBA","roundSpecificActivity":true,"informationThreshold":0.1,"optimizeMotifShift":false,"fittingStages":[{"optimizeFlankLength":true},{"optimizeMotifShift":false},{"optimizeMotifShiftHeuristic":false}],"optimizeMotifShiftHeuristic":false,"experimentSpecificPositionBias":true,"minSize":-1,"experimentSpecificActivity":true,"optimizeSize":false}]}}
{"metadata":{"timeStamp":"2023-04-01 13:21:20.234","logLikelihoodPerRead":1.6030453248405978,"logLikelihood":800155.448421132,"gradientCalls":247,"fitSteps":239,"regularization":0.002734427998333631,"functionCalls":0,"fitter":"proBound","fitName":"component1-2-variation0","fitTime":41.973,"dataLoops":247},"optimizerSetting":{"output":{"outputPath":"/mnt/e/desktop/HB_Rotation_1/ProBound_run/Tcf21__Yang2017/result","baseName":"fit"},"nThreads":12,"likelihoodThreshold":2.0E-4,"lbfgsSettings":{"memory":100,"convergence":1.0E-7,"MCSearch":true,"maxIters":2000},"lambdaL2":1.0E-6,"fixedLibrarySize":false,"expBound":40,"nRetries":3,"hkSettings":{"epsilon":1.0E-7,"kickFinal":false,"fdDelta":1.0E-4,"kickAll":false,"maxIters":200,"evCutoff":1.0E-9}},"modelSettings":{"enrichmentModel":[{"variationsOptimized":false,"bindingSaturation":false,"cumulativeEnrichment":true,"concentration":1,"modelType":"SELEX","bindingModeInteractions":[],"componentName":"SELEX enrichment model 0","freezingLevel":0,"includeComponent":true,"bindingModes":[0,1,2],"variationDescription":[],"modifications":[]}],"letterOrder":"ACGT","countTable":[{"leftFlank":"CGGAGTCGGCAAGCAGAAGACGGCATACGATGCA","variationsOptimized":true,"transliterate":{"in":[],"out":[]},"variableRegionLength":20,"countTableFile":"/mnt/e/countTables/Yang2017/Tcf21_ESZ_TCCGTG20NTGC.100000.tsv","modeledColumns":[0,1,2,3,4],"inputFileType":"tsv","nColumns":5,"rightFlank":"CACGGAGATCGGAAGAGCGTCG","componentName":"Count table 0","freezingLevel":0,"includeComponent":true,"variationDescription":[]}],"bindingModeInteractions":[],"bindingModes":[{"variationsOptimized":true,"fitLogActivity":true,"flankLength":0,"singleStrand":false,"variationName":"0;0;0","size":0,"dinucleotideDistance":0,"componentName":"Binding mode 0","freezingLevel":0,"positionBias":false,"includeComponent":true,"variationDescription":[{"variationName":"0;0;0","descriptionString":"Initial model."}],"modifications":[]},{"variationsOptimized":false,"fitLogActivity":true,"flankLength":0,"singleStrand":false,"variationName":"12;0;0","size":12,"dinucleotideDistance":0,"componentName":"Binding mode 1","freezingLevel":0,"positionBias":false,"includeComponent":true,"variationDescription":[{"variationName":"12;0;0","descriptionString":"Initial model."}],"modifications":[]},{"variationsOptimized":false,"fitLogActivity":true,"flankLength":0,"singleStrand":false,"variationName":"16;0;0","size":16,"dinucleotideDistance":0,"componentName":"Binding mode 2","freezingLevel":0,"positionBias":false,"includeComponent":false,"variationDescription":[],"modifications":[]}],"letterComplement":"C-G,A-T"},"coefficients":{"enrichmentModel":[{}],"countTable":[{"h":[0.4309723645357142,0.28457609256435334,0.04022758703784701,-0.35944776775665843,-0.39632827635764845]}],"bindingModeInteractions":[],"bindingModes":[{"mononucleotide":[],"activity":[[-4.4094398410086445E-7,1.5858314482038985E-7,-1.4498098318496705E-7,-1.3961755106534535E-7,1.559318896335218E-7]],"dinucleotide":[],"modifications":[]},{"mononucleotide":[-0.7758347188088863,-0.032003106713962545,-0.12732442853813397,-0.6004385805647425,-0.4156578232961199,-0.20629204851349514,-0.059276515628938396,-0.8543744471747359,-0.4878363316703611,-0.27326455013790824,-0.24349971973770404,-0.5310002330644724,-0.6803544602631496,-0.11268691272017456,-0.3539405223228043,-0.38862724298338447,-0.08034521564801317,-0.5759973398074651,-0.27197497915652374,-0.6072916036768211,-0.8719107899581231,-0.14176864665663808,-0.3333910634754553,-0.1885303345238299,-0.1885303345238299,-0.3333910634754553,-0.14176864665663808,-0.8719107899581231,-0.6072916036768211,-0.27197497915652374,-0.5759973398074651,-0.08034521564801317,-0.38862724298338447,-0.3539405223228043,-0.11268691272017456,-0.6803544602631496,-0.5310002330644724,-0.24349971973770404,-0.27326455013790824,-0.4878363316703611,-0.8543744471747359,-0.059276515628938396,-0.20629204851349514,-0.4156578232961199,-0.6004385805647425,-0.12732442853813397,-0.032003106713962545,-0.7758347188088863],"activity":[[0.006879905949693927,-0.38506137520649786,0.14730768379530243,0.6721797749929063,-1.9740808821446114]],"dinucleotide":[],"modifications":[]},{"mononucleotide":[0,0,0,0,0,0,0,0,0,0,0,0,0,0,0,0,0,0,0,0,0,0,0,0,0,0,0,0,0,0,0,0,0,0,0,0,0,0,0,0,0,0,0,0,0,0,0,0,0,0,0,0,0,0,0,0,0,0,0,0,0,0,0,0],"activity":[[0,0,0,0,0]],"dinucleotide":[],"modifications":[]}]},"modelFittingConstraints":{"enrichmentModel":[{"trySaturation":false}],"countTable":[{}],"bindingModes":[{"maxFlankLength":-1,"positionBiasBinWidth":1,"optimizeSizeHeuristic":false,"maxSize":-1,"optimizeFlankLength":false,"symmetryString":"null","roundSpecificActivity":true,"informationThreshold":0.1,"optimizeMotifShift":false,"fittingStages":[],"optimizeMotifShiftHeuristic":false,"experimentSpecificPositionBias":true,"minSize":-1,"experimentSpecificActivity":true,"optimizeSize":false},{"maxFlankLength":-1,"positionBiasBinWidth":1,"optimizeSizeHeuristic":false,"maxSize":-1,"optimizeFlankLength":true,"symmetryString":"abcdefFEDCBA","roundSpecificActivity":true,"informationThreshold":0.1,"optimizeMotifShift":false,"fittingStages":[{"optimizeFlankLength":true},{"optimizeMotifShift":false},{"optimizeMotifShiftHeuristic":false}],"optimizeMotifShiftHeuristic":false,"experimentSpecificPositionBias":true,"minSize":-1,"experimentSpecificActivity":true,"optimizeSize":false},{"maxFlankLength":-1,"positionBiasBinWidth":1,"optimizeSizeHeuristic":false,"maxSize":-1,"optimizeFlankLength":true,"symmetryString":"abcdefghHGFEDCBA","roundSpecificActivity":true,"informationThreshold":0.1,"optimizeMotifShift":false,"fittingStages":[{"optimizeFlankLength":true},{"optimizeMotifShift":false},{"optimizeMotifShiftHeuristic":false}],"optimizeMotifShiftHeuristic":false,"experimentSpecificPositionBias":true,"minSize":-1,"experimentSpecificActivity":true,"optimizeSize":false}]}}
{"metadata":{"timeStamp":"2023-04-01 13:21:38.769","logLikelihoodPerRead":1.6031800474281026,"logLikelihood":800213.6400285611,"gradientCalls":328,"fitSteps":320,"regularization":0.002752767370980471,"functionCalls":0,"fitter":"proBound","fitName":"component1-2-variation1","fitTime":60.508,"dataLoops":328},"optimizerSetting":{"output":{"outputPath":"/mnt/e/desktop/HB_Rotation_1/ProBound_run/Tcf21__Yang2017/result","baseName":"fit"},"nThreads":12,"likelihoodThreshold":2.0E-4,"lbfgsSettings":{"memory":100,"convergence":1.0E-7,"MCSearch":true,"maxIters":2000},"lambdaL2":1.0E-6,"fixedLibrarySize":false,"expBound":40,"nRetries":3,"hkSettings":{"epsilon":1.0E-7,"kickFinal":false,"fdDelta":1.0E-4,"kickAll":false,"maxIters":200,"evCutoff":1.0E-9}},"modelSettings":{"enrichmentModel":[{"variationsOptimized":false,"bindingSaturation":false,"cumulativeEnrichment":true,"concentration":1,"modelType":"SELEX","bindingModeInteractions":[],"componentName":"SELEX enrichment model 0","freezingLevel":0,"includeComponent":true,"bindingModes":[0,1,2],"variationDescription":[],"modifications":[]}],"letterOrder":"ACGT","countTable":[{"leftFlank":"CGGAGTCGGCAAGCAGAAGACGGCATACGATGCA","variationsOptimized":true,"transliterate":{"in":[],"out":[]},"variableRegionLength":20,"countTableFile":"/mnt/e/countTables/Yang2017/Tcf21_ESZ_TCCGTG20NTGC.100000.tsv","modeledColumns":[0,1,2,3,4],"inputFileType":"tsv","nColumns":5,"rightFlank":"CACGGAGATCGGAAGAGCGTCG","componentName":"Count table 0","freezingLevel":0,"includeComponent":true,"variationDescription":[]}],"bindingModeInteractions":[],"bindingModes":[{"variationsOptimized":true,"fitLogActivity":true,"flankLength":0,"singleStrand":false,"variationName":"0;0;0","size":0,"dinucleotideDistance":0,"componentName":"Binding mode 0","freezingLevel":0,"positionBias":false,"includeComponent":true,"variationDescription":[{"variationName":"0;0;0","descriptionString":"Initial model."}],"modifications":[]},{"variationsOptimized":false,"fitLogActivity":true,"flankLength":1,"singleStrand":false,"variationName":"12;0;0","size":12,"dinucleotideDistance":0,"componentName":"Binding mode 1","freezingLevel":0,"positionBias":false,"includeComponent":true,"variationDescription":[{"variationName":"12;1;0","descriptionString":"Increases flank length."},{"variationName":"12;0;0","descriptionString":"Initial model."}],"modifications":[]},{"variationsOptimized":false,"fitLogActivity":true,"flankLength":0,"singleStrand":false,"variationName":"16;0;0","size":16,"dinucleotideDistance":0,"componentName":"Binding mode 2","freezingLevel":0,"positionBias":false,"includeComponent":false,"variationDescription":[],"modifications":[]}],"letterComplement":"C-G,A-T"},"coefficients":{"enrichmentModel":[{}],"countTable":[{"h":[0.38372825436726055,0.2571589035861625,0.038040592678943594,-0.3218336491620149,-0.35709410144789433]}],"bindingModeInteractions":[],"bindingModes":[{"mononucleotide":[],"activity":[[-4.4094398410086445E-7,1.5858314482038985E-7,-1.4498098318496705E-7,-1.3961755106534535E-7,1.559318896335218E-7]],"dinucleotide":[],"modifications":[]},{"mononucleotide":[-0.9406648784758654,0.009216633123882953,-0.17962378871478976,-0.5490563811998097,-0.39437950062287436,-0.2169956552720253,-0.07572874948828881,-0.9730245098731044,-0.46271935536124853,-0.30570022753556664,-0.23551509644166718,-0.6561937359154921,-0.7006145156956265,-0.10707330211858616,-0.39237220766890085,-0.46007559481876475,-0.07406609335557096,-0.5934232787293433,-0.32652665590589847,-0.6661195923107193,-1.0057343276083461,-0.12547973266477186,-0.30118711208534943,-0.22772724289840277,-0.22772724289840277,-0.30118711208534943,-0.12547973266477186,-1.0057343276083461,-0.6661195923107193,-0.32652665590589847,-0.5934232787293433,-0.07406609335557096,-0.46007559481876475,-0.39237220766890085,-0.10707330211858616,-0.7006145156956265,-0.6561937359154921,-0.23551509644166718,-0.30570022753556664,-0.46271935536124853,-0.9730245098731044,-0.07572874948828881,-0.2169956552720253,-0.39437950062287436,-0.5490563811998097,-0.17962378871478976,0.009216633123882953,-0.9406648784758654],"activity":[[0.0064147296671093175,-0.4397263220779984,0.12472399548474823,0.6412999866409229,-1.9320833813600082]],"dinucleotide":[],"modifications":[]},{"mononucleotide":[0,0,0,0,0,0,0,0,0,0,0,0,0,0,0,0,0,0,0,0,0,0,0,0,0,0,0,0,0,0,0,0,0,0,0,0,0,0,0,0,0,0,0,0,0,0,0,0,0,0,0,0,0,0,0,0,0,0,0,0,0,0,0,0],"activity":[[0,0,0,0,0]],"dinucleotide":[],"modifications":[]}]},"modelFittingConstraints":{"enrichmentModel":[{"trySaturation":false}],"countTable":[{}],"bindingModes":[{"maxFlankLength":-1,"positionBiasBinWidth":1,"optimizeSizeHeuristic":false,"maxSize":-1,"optimizeFlankLength":false,"symmetryString":"null","roundSpecificActivity":true,"informationThreshold":0.1,"optimizeMotifShift":false,"fittingStages":[],"optimizeMotifShiftHeuristic":false,"experimentSpecificPositionBias":true,"minSize":-1,"experimentSpecificActivity":true,"optimizeSize":false},{"maxFlankLength":-1,"positionBiasBinWidth":1,"optimizeSizeHeuristic":false,"maxSize":-1,"optimizeFlankLength":true,"symmetryString":"abcdefFEDCBA","roundSpecificActivity":true,"informationThreshold":0.1,"optimizeMotifShift":false,"fittingStages":[{"optimizeFlankLength":true},{"optimizeMotifShift":false},{"optimizeMotifShiftHeuristic":false}],"optimizeMotifShiftHeuristic":false,"experimentSpecificPositionBias":true,"minSize":-1,"experimentSpecificActivity":true,"optimizeSize":false},{"maxFlankLength":-1,"positionBiasBinWidth":1,"optimizeSizeHeuristic":false,"maxSize":-1,"optimizeFlankLength":true,"symmetryString":"abcdefghHGFEDCBA","roundSpecificActivity":true,"informationThreshold":0.1,"optimizeMotifShift":false,"fittingStages":[{"optimizeFlankLength":true},{"optimizeMotifShift":false},{"optimizeMotifShiftHeuristic":false}],"optimizeMotifShiftHeuristic":false,"experimentSpecificPositionBias":true,"minSize":-1,"experimentSpecificActivity":true,"optimizeSize":false}]}}
{"metadata":{"timeStamp":"2023-04-01 13:21:51.059","logLikelihoodPerRead":1.6030432245991324,"logLikelihood":800155.4241820585,"gradientCalls":391,"fitSteps":383,"regularization":0.0027323762350153743,"functionCalls":0,"fitter":"proBound","fitName":"component1-4-all","fitTime":72.798,"dataLoops":391},"optimizerSetting":{"output":{"outputPath":"/mnt/e/desktop/HB_Rotation_1/ProBound_run/Tcf21__Yang2017/result","baseName":"fit"},"nThreads":12,"likelihoodThreshold":2.0E-4,"lbfgsSettings":{"memory":100,"convergence":1.0E-7,"MCSearch":true,"maxIters":2000},"lambdaL2":1.0E-6,"fixedLibrarySize":false,"expBound":40,"nRetries":3,"hkSettings":{"epsilon":1.0E-7,"kickFinal":false,"fdDelta":1.0E-4,"kickAll":false,"maxIters":200,"evCutoff":1.0E-9}},"modelSettings":{"enrichmentModel":[{"variationsOptimized":false,"bindingSaturation":false,"cumulativeEnrichment":true,"concentration":1,"modelType":"SELEX","bindingModeInteractions":[],"componentName":"SELEX enrichment model 0","freezingLevel":0,"includeComponent":true,"bindingModes":[0,1,2],"variationDescription":[],"modifications":[]}],"letterOrder":"ACGT","countTable":[{"leftFlank":"CGGAGTCGGCAAGCAGAAGACGGCATACGATGCA","variationsOptimized":true,"transliterate":{"in":[],"out":[]},"variableRegionLength":20,"countTableFile":"/mnt/e/countTables/Yang2017/Tcf21_ESZ_TCCGTG20NTGC.100000.tsv","modeledColumns":[0,1,2,3,4],"inputFileType":"tsv","nColumns":5,"rightFlank":"CACGGAGATCGGAAGAGCGTCG","componentName":"Count table 0","freezingLevel":0,"includeComponent":true,"variationDescription":[]}],"bindingModeInteractions":[],"bindingModes":[{"variationsOptimized":true,"fitLogActivity":true,"flankLength":0,"singleStrand":false,"variationName":"0;0;0","size":0,"dinucleotideDistance":0,"componentName":"Binding mode 0","freezingLevel":0,"positionBias":false,"includeComponent":true,"variationDescription":[{"variationName":"0;0;0","descriptionString":"Initial model."}],"modifications":[]},{"variationsOptimized":true,"fitLogActivity":true,"flankLength":0,"singleStrand":false,"variationName":"12;0;0","size":12,"dinucleotideDistance":0,"componentName":"Binding mode 1","freezingLevel":0,"positionBias":false,"includeComponent":true,"variationDescription":[{"variationName":"12;1;0","descriptionString":"Increases flank length."},{"variationName":"12;0;0","descriptionString":"Initial model."}],"modifications":[]},{"variationsOptimized":false,"fitLogActivity":true,"flankLength":0,"singleStrand":false,"variationName":"16;0;0","size":16,"dinucleotideDistance":0,"componentName":"Binding mode 2","freezingLevel":0,"positionBias":false,"includeComponent":false,"variationDescription":[],"modifications":[]}],"letterComplement":"C-G,A-T"},"coefficients":{"enrichmentModel":[{}],"countTable":[{"h":[0.2634883117381464,0.06042282390004836,0.056171635076014255,0.1874647880165629,-0.5675475587237766]}],"bindingModeInteractions":[],"bindingModes":[{"mononucleotide":[],"activity":[[-4.887137267384896E-12,0.05662383939439901,-0.24046489077716085,-0.53256778955368,0.7195813675766078]],"dinucleotide":[],"modifications":[]},{"mononucleotide":[-0.7761224141416438,-0.032783709496510986,-0.12819005217649643,-0.6010304868967947,-0.4164010123297617,-0.20704086431838528,-0.060093651572558554,-0.8545911344969914,-0.48850916893228974,-0.27407755624697877,-0.2442248924218526,-0.5313150451157552,-0.6806409187659602,-0.11365406924508706,-0.3545493119962924,-0.38927484024038156,-0.08114721324437153,-0.5765741026851728,-0.2727453941387455,-0.607652430180208,-0.8722106105930622,-0.14245705271159728,-0.334277037825022,-0.1891819615920895,-0.1891819615920895,-0.334277037825022,-0.14245705271159728,-0.8722106105930622,-0.607652430180208,-0.2727453941387455,-0.5765741026851728,-0.08114721324437153,-0.38927484024038156,-0.3545493119962924,-0.11365406924508706,-0.6806409187659602,-0.5313150451157552,-0.2442248924218526,-0.27407755624697877,-0.48850916893228974,-0.8545911344969914,-0.060093651572558554,-0.20704086431838528,-0.4164010123297617,-0.6010304868967947,-0.12819005217649643,-0.032783709496510986,-0.7761224141416438],"activity":[[7.684775945509362E-8,-0.3201116383092452,-0.08343660685254803,0.15250096893943654,-1.2871465496060124]],"dinucleotide":[],"modifications":[]},{"mononucleotide":[0,0,0,0,0,0,0,0,0,0,0,0,0,0,0,0,0,0,0,0,0,0,0,0,0,0,0,0,0,0,0,0,0,0,0,0,0,0,0,0,0,0,0,0,0,0,0,0,0,0,0,0,0,0,0,0,0,0,0,0,0,0,0,0],"activity":[[0,0,0,0,0]],"dinucleotide":[],"modifications":[]}]},"modelFittingConstraints":{"enrichmentModel":[{"trySaturation":false}],"countTable":[{}],"bindingModes":[{"maxFlankLength":-1,"positionBiasBinWidth":1,"optimizeSizeHeuristic":false,"maxSize":-1,"optimizeFlankLength":false,"symmetryString":"null","roundSpecificActivity":true,"informationThreshold":0.1,"optimizeMotifShift":false,"fittingStages":[],"optimizeMotifShiftHeuristic":false,"experimentSpecificPositionBias":true,"minSize":-1,"experimentSpecificActivity":true,"optimizeSize":false},{"maxFlankLength":-1,"positionBiasBinWidth":1,"optimizeSizeHeuristic":false,"maxSize":-1,"optimizeFlankLength":false,"symmetryString":"abcdefFEDCBA","roundSpecificActivity":true,"informationThreshold":0.1,"optimizeMotifShift":false,"fittingStages":[{"optimizeFlankLength":true},{"optimizeMotifShift":false},{"optimizeMotifShiftHeuristic":false}],"optimizeMotifShiftHeuristic":false,"experimentSpecificPositionBias":true,"minSize":-1,"experimentSpecificActivity":true,"optimizeSize":false},{"maxFlankLength":-1,"positionBiasBinWidth":1,"optimizeSizeHeuristic":false,"maxSize":-1,"optimizeFlankLength":true,"symmetryString":"abcdefghHGFEDCBA","roundSpecificActivity":true,"informationThreshold":0.1,"optimizeMotifShift":false,"fittingStages":[{"optimizeFlankLength":true},{"optimizeMotifShift":false},{"optimizeMotifShiftHeuristic":false}],"optimizeMotifShiftHeuristic":false,"experimentSpecificPositionBias":true,"minSize":-1,"experimentSpecificActivity":true,"optimizeSize":false}]}}
{"metadata":{"timeStamp":"2023-04-01 13:21:52.21","logLikelihoodPerRead":1.603558229589394,"logLikelihood":801759.6068542,"gradientCalls":400,"fitSteps":393,"regularization":3.901588099402933E-5,"functionCalls":0,"fitter":"proBound","fitName":"component2-0-h","fitTime":73.949,"dataLoops":400},"optimizerSetting":{"output":{"outputPath":"/mnt/e/desktop/HB_Rotation_1/ProBound_run/Tcf21__Yang2017/result","baseName":"fit"},"nThreads":12,"likelihoodThreshold":2.0E-4,"lbfgsSettings":{"memory":100,"convergence":1.0E-7,"MCSearch":true,"maxIters":2000},"lambdaL2":1.0E-6,"fixedLibrarySize":false,"expBound":40,"nRetries":3,"hkSettings":{"epsilon":1.0E-7,"kickFinal":false,"fdDelta":1.0E-4,"kickAll":false,"maxIters":200,"evCutoff":1.0E-9}},"modelSettings":{"enrichmentModel":[{"variationsOptimized":false,"bindingSaturation":false,"cumulativeEnrichment":true,"concentration":1,"modelType":"SELEX","bindingModeInteractions":[],"componentName":"SELEX enrichment model 0","freezingLevel":0,"includeComponent":true,"bindingModes":[0,1,2],"variationDescription":[],"modifications":[]}],"letterOrder":"ACGT","countTable":[{"leftFlank":"CGGAGTCGGCAAGCAGAAGACGGCATACGATGCA","variationsOptimized":true,"transliterate":{"in":[],"out":[]},"variableRegionLength":20,"countTableFile":"/mnt/e/countTables/Yang2017/Tcf21_ESZ_TCCGTG20NTGC.100000.tsv","modeledColumns":[0,1,2,3,4],"inputFileType":"tsv","nColumns":5,"rightFlank":"CACGGAGATCGGAAGAGCGTCG","componentName":"Count table 0","freezingLevel":0,"includeComponent":true,"variationDescription":[]}],"bindingModeInteractions":[],"bindingModes":[{"variationsOptimized":true,"fitLogActivity":true,"flankLength":0,"singleStrand":false,"variationName":"0;0;0","size":0,"dinucleotideDistance":0,"componentName":"Binding mode 0","freezingLevel":0,"positionBias":false,"includeComponent":true,"variationDescription":[{"variationName":"0;0;0","descriptionString":"Initial model."}],"modifications":[]},{"variationsOptimized":true,"fitLogActivity":true,"flankLength":0,"singleStrand":false,"variationName":"12;0;0","size":12,"dinucleotideDistance":0,"componentName":"Binding mode 1","freezingLevel":0,"positionBias":false,"includeComponent":true,"variationDescription":[{"variationName":"12;1;0","descriptionString":"Increases flank length."},{"variationName":"12;0;0","descriptionString":"Initial model."}],"modifications":[]},{"variationsOptimized":false,"fitLogActivity":true,"flankLength":0,"singleStrand":false,"variationName":"16;0;0","size":16,"dinucleotideDistance":0,"componentName":"Binding mode 2","freezingLevel":0,"positionBias":false,"includeComponent":true,"variationDescription":[],"modifications":[]}],"letterComplement":"C-G,A-T"},"coefficients":{"enrichmentModel":[{}],"countTable":[{"h":[2.258864716870351,1.0159495419321811,0.032135573928842795,-0.7221498170725363,-2.5848000156518482]}],"bindingModeInteractions":[],"bindingModes":[{"mononucleotide":[],"activity":[[-4.887137267384896E-12,0.05662383939439901,-0.24046489077716085,-0.53256778955368,0.7195813675766078]],"dinucleotide":[],"modifications":[]},{"mononucleotide":[-0.7761224141416438,-0.032783709496510986,-0.12819005217649643,-0.6010304868967947,-0.4164010123297617,-0.20704086431838528,-0.060093651572558554,-0.8545911344969914,-0.48850916893228974,-0.27407755624697877,-0.2442248924218526,-0.5313150451157552,-0.6806409187659602,-0.11365406924508706,-0.3545493119962924,-0.38927484024038156,-0.08114721324437153,-0.5765741026851728,-0.2727453941387455,-0.607652430180208,-0.8722106105930622,-0.14245705271159728,-0.334277037825022,-0.1891819615920895,-0.1891819615920895,-0.334277037825022,-0.14245705271159728,-0.8722106105930622,-0.607652430180208,-0.2727453941387455,-0.5765741026851728,-0.08114721324437153,-0.38927484024038156,-0.3545493119962924,-0.11365406924508706,-0.6806409187659602,-0.5313150451157552,-0.2442248924218526,-0.27407755624697877,-0.48850916893228974,-0.8545911344969914,-0.060093651572558554,-0.20704086431838528,-0.4164010123297617,-0.6010304868967947,-0.12819005217649643,-0.032783709496510986,-0.7761224141416438],"activity":[[7.684775945509362E-8,-0.3201116383092452,-0.08343660685254803,0.15250096893943654,-1.2871465496060124]],"dinucleotide":[],"modifications":[]},{"mononucleotide":[0,0,0,0,0,0,0,0,0,0,0,0,0,0,0,0,0,0,0,0,0,0,0,0,0,0,0,0,0,0,0,0,0,0,0,0,0,0,0,0,0,0,0,0,0,0,0,0,0,0,0,0,0,0,0,0,0,0,0,0,0,0,0,0],"activity":[[-1.5545833155947175,-1.499859159519308,-1.7940207275961242,-2.081219941203833,-0.8402490095039272]],"dinucleotide":[],"modifications":[]}]},"modelFittingConstraints":{"enrichmentModel":[{"trySaturation":false}],"countTable":[{}],"bindingModes":[{"maxFlankLength":-1,"positionBiasBinWidth":1,"optimizeSizeHeuristic":false,"maxSize":-1,"optimizeFlankLength":false,"symmetryString":"null","roundSpecificActivity":true,"informationThreshold":0.1,"optimizeMotifShift":false,"fittingStages":[],"optimizeMotifShiftHeuristic":false,"experimentSpecificPositionBias":true,"minSize":-1,"experimentSpecificActivity":true,"optimizeSize":false},{"maxFlankLength":-1,"positionBiasBinWidth":1,"optimizeSizeHeuristic":false,"maxSize":-1,"optimizeFlankLength":false,"symmetryString":"abcdefFEDCBA","roundSpecificActivity":true,"informationThreshold":0.1,"optimizeMotifShift":false,"fittingStages":[{"optimizeFlankLength":true},{"optimizeMotifShift":false},{"optimizeMotifShiftHeuristic":false}],"optimizeMotifShiftHeuristic":false,"experimentSpecificPositionBias":true,"minSize":-1,"experimentSpecificActivity":true,"optimizeSize":false},{"maxFlankLength":-1,"positionBiasBinWidth":1,"optimizeSizeHeuristic":false,"maxSize":-1,"optimizeFlankLength":true,"symmetryString":"abcdefghHGFEDCBA","roundSpecificActivity":true,"informationThreshold":0.1,"optimizeMotifShift":false,"fittingStages":[{"optimizeFlankLength":true},{"optimizeMotifShift":false},{"optimizeMotifShiftHeuristic":false}],"optimizeMotifShiftHeuristic":false,"experimentSpecificPositionBias":true,"minSize":-1,"experimentSpecificActivity":true,"optimizeSize":false}]}}
{"metadata":{"timeStamp":"2023-04-01 13:22:47.805","logLikelihoodPerRead":1.6033720331457288,"logLikelihood":799891.3008572856,"gradientCalls":674,"fitSteps":653,"regularization":0.003589431431157847,"functionCalls":0,"fitter":"proBound","fitName":"component2-1-f0","fitTime":129.544,"dataLoops":674},"optimizerSetting":{"output":{"outputPath":"/mnt/e/desktop/HB_Rotation_1/ProBound_run/Tcf21__Yang2017/result","baseName":"fit"},"nThreads":12,"likelihoodThreshold":2.0E-4,"lbfgsSettings":{"memory":100,"convergence":1.0E-7,"MCSearch":true,"maxIters":2000},"lambdaL2":1.0E-6,"fixedLibrarySize":false,"expBound":40,"nRetries":3,"hkSettings":{"epsilon":1.0E-7,"kickFinal":false,"fdDelta":1.0E-4,"kickAll":false,"maxIters":200,"evCutoff":1.0E-9}},"modelSettings":{"enrichmentModel":[{"variationsOptimized":false,"bindingSaturation":false,"cumulativeEnrichment":true,"concentration":1,"modelType":"SELEX","bindingModeInteractions":[],"componentName":"SELEX enrichment model 0","freezingLevel":0,"includeComponent":true,"bindingModes":[0,1,2],"variationDescription":[],"modifications":[]}],"letterOrder":"ACGT","countTable":[{"leftFlank":"CGGAGTCGGCAAGCAGAAGACGGCATACGATGCA","variationsOptimized":true,"transliterate":{"in":[],"out":[]},"variableRegionLength":20,"countTableFile":"/mnt/e/countTables/Yang2017/Tcf21_ESZ_TCCGTG20NTGC.100000.tsv","modeledColumns":[0,1,2,3,4],"inputFileType":"tsv","nColumns":5,"rightFlank":"CACGGAGATCGGAAGAGCGTCG","componentName":"Count table 0","freezingLevel":0,"includeComponent":true,"variationDescription":[]}],"bindingModeInteractions":[],"bindingModes":[{"variationsOptimized":true,"fitLogActivity":true,"flankLength":0,"singleStrand":false,"variationName":"0;0;0","size":0,"dinucleotideDistance":0,"componentName":"Binding mode 0","freezingLevel":0,"positionBias":false,"includeComponent":true,"variationDescription":[{"variationName":"0;0;0","descriptionString":"Initial model."}],"modifications":[]},{"variationsOptimized":true,"fitLogActivity":true,"flankLength":0,"singleStrand":false,"variationName":"12;0;0","size":12,"dinucleotideDistance":0,"componentName":"Binding mode 1","freezingLevel":0,"positionBias":false,"includeComponent":true,"variationDescription":[{"variationName":"12;1;0","descriptionString":"Increases flank length."},{"variationName":"12;0;0","descriptionString":"Initial model."}],"modifications":[]},{"variationsOptimized":false,"fitLogActivity":true,"flankLength":0,"singleStrand":false,"variationName":"16;0;0","size":16,"dinucleotideDistance":0,"componentName":"Binding mode 2","freezingLevel":0,"positionBias":false,"includeComponent":true,"variationDescription":[],"modifications":[]}],"letterComplement":"C-G,A-T"},"coefficients":{"enrichmentModel":[{}],"countTable":[{"h":[1.395974017785629,-0.07094217249325015,-0.19879329588054875,-0.15868820669373804,-0.9675503427209712]}],"bindingModeInteractions":[],"bindingModes":[{"mononucleotide":[],"activity":[[-4.887137267384896E-12,0.05662383939439901,-0.24046489077716085,-0.53256778955368,0.7195813675766078]],"dinucleotide":[],"modifications":[]},{"mononucleotide":[-0.7761224141416438,-0.032783709496510986,-0.12819005217649643,-0.6010304868967947,-0.4164010123297617,-0.20704086431838528,-0.060093651572558554,-0.8545911344969914,-0.48850916893228974,-0.27407755624697877,-0.2442248924218526,-0.5313150451157552,-0.6806409187659602,-0.11365406924508706,-0.3545493119962924,-0.38927484024038156,-0.08114721324437153,-0.5765741026851728,-0.2727453941387455,-0.607652430180208,-0.8722106105930622,-0.14245705271159728,-0.334277037825022,-0.1891819615920895,-0.1891819615920895,-0.334277037825022,-0.14245705271159728,-0.8722106105930622,-0.607652430180208,-0.2727453941387455,-0.5765741026851728,-0.08114721324437153,-0.38927484024038156,-0.3545493119962924,-0.11365406924508706,-0.6806409187659602,-0.5313150451157552,-0.2442248924218526,-0.27407755624697877,-0.48850916893228974,-0.8545911344969914,-0.060093651572558554,-0.20704086431838528,-0.4164010123297617,-0.6010304868967947,-0.12819005217649643,-0.032783709496510986,-0.7761224141416438],"activity":[[7.684775945509362E-8,-0.3201116383092452,-0.08343660685254803,0.15250096893943654,-1.2871465496060124]],"dinucleotide":[],"modifications":[]},{"mononucleotide":[-0.21751055124784155,-0.12558780113536436,-0.21457246213282097,-0.3268586814575331,-0.38724308803185,-0.10097218924120785,-0.11345480142891223,-0.2828594172712086,-0.0526919838849398,-0.3804340720301378,-0.09775915251974006,-0.3536442875400518,-0.3194528850261656,-0.20233677931193372,-0.3276203356811893,-0.03511949595436654,-0.16150780654498093,-0.2150541749108288,-0.16405804744638186,-0.3439094670760361,-0.25257209191123,-0.1855598048090755,-0.23878106445741804,-0.20761653479641393,-0.3434973241705689,-0.1536166243523419,-0.1353090642138451,-0.252106483237437,-0.09463397023630994,-0.3401639638445869,-0.18511467258919712,-0.2646168893042862,-0.2646168893042862,-0.18511467258919712,-0.3401639638445869,-0.09463397023630994,-0.252106483237437,-0.1353090642138451,-0.1536166243523419,-0.3434973241705689,-0.20761653479641393,-0.23878106445741804,-0.1855598048090755,-0.25257209191123,-0.3439094670760361,-0.16405804744638186,-0.2150541749108288,-0.16150780654498093,-0.03511949595436654,-0.3276203356811893,-0.20233677931193372,-0.3194528850261656,-0.3536442875400518,-0.09775915251974006,-0.3804340720301378,-0.0526919838849398,-0.2828594172712086,-0.11345480142891223,-0.10097218924120785,-0.38724308803185,-0.3268586814575331,-0.21457246213282097,-0.12558780113536436,-0.21751055124784155],"activity":[[-0.01780740544602012,2.3135818521686096,-0.8612230214422609,-1.3260809439326395,-0.9917801422950474]],"dinucleotide":[],"modifications":[]}]},"modelFittingConstraints":{"enrichmentModel":[{"trySaturation":false}],"countTable":[{}],"bindingModes":[{"maxFlankLength":-1,"positionBiasBinWidth":1,"optimizeSizeHeuristic":false,"maxSize":-1,"optimizeFlankLength":false,"symmetryString":"null","roundSpecificActivity":true,"informationThreshold":0.1,"optimizeMotifShift":false,"fittingStages":[],"optimizeMotifShiftHeuristic":false,"experimentSpecificPositionBias":true,"minSize":-1,"experimentSpecificActivity":true,"optimizeSize":false},{"maxFlankLength":-1,"positionBiasBinWidth":1,"optimizeSizeHeuristic":false,"maxSize":-1,"optimizeFlankLength":false,"symmetryString":"abcdefFEDCBA","roundSpecificActivity":true,"informationThreshold":0.1,"optimizeMotifShift":false,"fittingStages":[{"optimizeFlankLength":true},{"optimizeMotifShift":false},{"optimizeMotifShiftHeuristic":false}],"optimizeMotifShiftHeuristic":false,"experimentSpecificPositionBias":true,"minSize":-1,"experimentSpecificActivity":true,"optimizeSize":false},{"maxFlankLength":-1,"positionBiasBinWidth":1,"optimizeSizeHeuristic":false,"maxSize":-1,"optimizeFlankLength":true,"symmetryString":"abcdefghHGFEDCBA","roundSpecificActivity":true,"informationThreshold":0.1,"optimizeMotifShift":false,"fittingStages":[{"optimizeFlankLength":true},{"optimizeMotifShift":false},{"optimizeMotifShiftHeuristic":false}],"optimizeMotifShiftHeuristic":false,"experimentSpecificPositionBias":true,"minSize":-1,"experimentSpecificActivity":true,"optimizeSize":false}]}}
{"metadata":{"timeStamp":"2023-04-01 13:22:48.028","logLikelihoodPerRead":1.6033720331457286,"logLikelihood":799891.3008572855,"gradientCalls":675,"fitSteps":656,"regularization":0.003589431431157847,"functionCalls":0,"fitter":"proBound","fitName":"component2-2-variation0","fitTime":129.767,"dataLoops":675},"optimizerSetting":{"output":{"outputPath":"/mnt/e/desktop/HB_Rotation_1/ProBound_run/Tcf21__Yang2017/result","baseName":"fit"},"nThreads":12,"likelihoodThreshold":2.0E-4,"lbfgsSettings":{"memory":100,"convergence":1.0E-7,"MCSearch":true,"maxIters":2000},"lambdaL2":1.0E-6,"fixedLibrarySize":false,"expBound":40,"nRetries":3,"hkSettings":{"epsilon":1.0E-7,"kickFinal":false,"fdDelta":1.0E-4,"kickAll":false,"maxIters":200,"evCutoff":1.0E-9}},"modelSettings":{"enrichmentModel":[{"variationsOptimized":false,"bindingSaturation":false,"cumulativeEnrichment":true,"concentration":1,"modelType":"SELEX","bindingModeInteractions":[],"componentName":"SELEX enrichment model 0","freezingLevel":0,"includeComponent":true,"bindingModes":[0,1,2],"variationDescription":[],"modifications":[]}],"letterOrder":"ACGT","countTable":[{"leftFlank":"CGGAGTCGGCAAGCAGAAGACGGCATACGATGCA","variationsOptimized":true,"transliterate":{"in":[],"out":[]},"variableRegionLength":20,"countTableFile":"/mnt/e/countTables/Yang2017/Tcf21_ESZ_TCCGTG20NTGC.100000.tsv","modeledColumns":[0,1,2,3,4],"inputFileType":"tsv","nColumns":5,"rightFlank":"CACGGAGATCGGAAGAGCGTCG","componentName":"Count table 0","freezingLevel":0,"includeComponent":true,"variationDescription":[]}],"bindingModeInteractions":[],"bindingModes":[{"variationsOptimized":true,"fitLogActivity":true,"flankLength":0,"singleStrand":false,"variationName":"0;0;0","size":0,"dinucleotideDistance":0,"componentName":"Binding mode 0","freezingLevel":0,"positionBias":false,"includeComponent":true,"variationDescription":[{"variationName":"0;0;0","descriptionString":"Initial model."}],"modifications":[]},{"variationsOptimized":true,"fitLogActivity":true,"flankLength":0,"singleStrand":false,"variationName":"12;0;0","size":12,"dinucleotideDistance":0,"componentName":"Binding mode 1","freezingLevel":0,"positionBias":false,"includeComponent":true,"variationDescription":[{"variationName":"12;1;0","descriptionString":"Increases flank length."},{"variationName":"12;0;0","descriptionString":"Initial model."}],"modifications":[]},{"variationsOptimized":false,"fitLogActivity":true,"flankLength":0,"singleStrand":false,"variationName":"16;0;0","size":16,"dinucleotideDistance":0,"componentName":"Binding mode 2","freezingLevel":0,"positionBias":false,"includeComponent":true,"variationDescription":[{"variationName":"16;0;0","descriptionString":"Initial model."}],"modifications":[]}],"letterComplement":"C-G,A-T"},"coefficients":{"enrichmentModel":[{}],"countTable":[{"h":[1.395974017785629,-0.07094217249325015,-0.19879329588054875,-0.15868820669373804,-0.9675503427209712]}],"bindingModeInteractions":[],"bindingModes":[{"mononucleotide":[],"activity":[[-4.887137267384896E-12,0.05662383939439901,-0.24046489077716085,-0.53256778955368,0.7195813675766078]],"dinucleotide":[],"modifications":[]},{"mononucleotide":[-0.7761224141416438,-0.032783709496510986,-0.12819005217649643,-0.6010304868967947,-0.4164010123297617,-0.20704086431838528,-0.060093651572558554,-0.8545911344969914,-0.48850916893228974,-0.27407755624697877,-0.2442248924218526,-0.5313150451157552,-0.6806409187659602,-0.11365406924508706,-0.3545493119962924,-0.38927484024038156,-0.08114721324437153,-0.5765741026851728,-0.2727453941387455,-0.607652430180208,-0.8722106105930622,-0.14245705271159728,-0.334277037825022,-0.1891819615920895,-0.1891819615920895,-0.334277037825022,-0.14245705271159728,-0.8722106105930622,-0.607652430180208,-0.2727453941387455,-0.5765741026851728,-0.08114721324437153,-0.38927484024038156,-0.3545493119962924,-0.11365406924508706,-0.6806409187659602,-0.5313150451157552,-0.2442248924218526,-0.27407755624697877,-0.48850916893228974,-0.8545911344969914,-0.060093651572558554,-0.20704086431838528,-0.4164010123297617,-0.6010304868967947,-0.12819005217649643,-0.032783709496510986,-0.7761224141416438],"activity":[[7.684775945509362E-8,-0.3201116383092452,-0.08343660685254803,0.15250096893943654,-1.2871465496060124]],"dinucleotide":[],"modifications":[]},{"mononucleotide":[-0.21751055124784155,-0.12558780113536436,-0.21457246213282097,-0.3268586814575331,-0.38724308803185,-0.10097218924120785,-0.11345480142891223,-0.2828594172712086,-0.0526919838849398,-0.3804340720301378,-0.09775915251974006,-0.3536442875400518,-0.3194528850261656,-0.20233677931193372,-0.3276203356811893,-0.03511949595436654,-0.16150780654498093,-0.2150541749108288,-0.16405804744638186,-0.3439094670760361,-0.25257209191123,-0.1855598048090755,-0.23878106445741804,-0.20761653479641393,-0.3434973241705689,-0.1536166243523419,-0.1353090642138451,-0.252106483237437,-0.09463397023630994,-0.3401639638445869,-0.18511467258919712,-0.2646168893042862,-0.2646168893042862,-0.18511467258919712,-0.3401639638445869,-0.09463397023630994,-0.252106483237437,-0.1353090642138451,-0.1536166243523419,-0.3434973241705689,-0.20761653479641393,-0.23878106445741804,-0.1855598048090755,-0.25257209191123,-0.3439094670760361,-0.16405804744638186,-0.2150541749108288,-0.16150780654498093,-0.03511949595436654,-0.3276203356811893,-0.20233677931193372,-0.3194528850261656,-0.3536442875400518,-0.09775915251974006,-0.3804340720301378,-0.0526919838849398,-0.2828594172712086,-0.11345480142891223,-0.10097218924120785,-0.38724308803185,-0.3268586814575331,-0.21457246213282097,-0.12558780113536436,-0.21751055124784155],"activity":[[-0.01780740544602012,2.3135818521686096,-0.8612230214422609,-1.3260809439326395,-0.9917801422950474]],"dinucleotide":[],"modifications":[]}]},"modelFittingConstraints":{"enrichmentModel":[{"trySaturation":false}],"countTable":[{}],"bindingModes":[{"maxFlankLength":-1,"positionBiasBinWidth":1,"optimizeSizeHeuristic":false,"maxSize":-1,"optimizeFlankLength":false,"symmetryString":"null","roundSpecificActivity":true,"informationThreshold":0.1,"optimizeMotifShift":false,"fittingStages":[],"optimizeMotifShiftHeuristic":false,"experimentSpecificPositionBias":true,"minSize":-1,"experimentSpecificActivity":true,"optimizeSize":false},{"maxFlankLength":-1,"positionBiasBinWidth":1,"optimizeSizeHeuristic":false,"maxSize":-1,"optimizeFlankLength":false,"symmetryString":"abcdefFEDCBA","roundSpecificActivity":true,"informationThreshold":0.1,"optimizeMotifShift":false,"fittingStages":[{"optimizeFlankLength":true},{"optimizeMotifShift":false},{"optimizeMotifShiftHeuristic":false}],"optimizeMotifShiftHeuristic":false,"experimentSpecificPositionBias":true,"minSize":-1,"experimentSpecificActivity":true,"optimizeSize":false},{"maxFlankLength":-1,"positionBiasBinWidth":1,"optimizeSizeHeuristic":false,"maxSize":-1,"optimizeFlankLength":true,"symmetryString":"abcdefghHGFEDCBA","roundSpecificActivity":true,"informationThreshold":0.1,"optimizeMotifShift":false,"fittingStages":[{"optimizeFlankLength":true},{"optimizeMotifShift":false},{"optimizeMotifShiftHeuristic":false}],"optimizeMotifShiftHeuristic":false,"experimentSpecificPositionBias":true,"minSize":-1,"experimentSpecificActivity":true,"optimizeSize":false}]}}
{"metadata":{"timeStamp":"2023-04-01 13:23:30.694","logLikelihoodPerRead":1.6033773786751493,"logLikelihood":799882.8542966282,"gradientCalls":855,"fitSteps":826,"regularization":0.003611670081893182,"functionCalls":0,"fitter":"proBound","fitName":"component2-2-variation1","fitTime":172.433,"dataLoops":855},"optimizerSetting":{"output":{"outputPath":"/mnt/e/desktop/HB_Rotation_1/ProBound_run/Tcf21__Yang2017/result","baseName":"fit"},"nThreads":12,"likelihoodThreshold":2.0E-4,"lbfgsSettings":{"memory":100,"convergence":1.0E-7,"MCSearch":true,"maxIters":2000},"lambdaL2":1.0E-6,"fixedLibrarySize":false,"expBound":40,"nRetries":3,"hkSettings":{"epsilon":1.0E-7,"kickFinal":false,"fdDelta":1.0E-4,"kickAll":false,"maxIters":200,"evCutoff":1.0E-9}},"modelSettings":{"enrichmentModel":[{"variationsOptimized":false,"bindingSaturation":false,"cumulativeEnrichment":true,"concentration":1,"modelType":"SELEX","bindingModeInteractions":[],"componentName":"SELEX enrichment model 0","freezingLevel":0,"includeComponent":true,"bindingModes":[0,1,2],"variationDescription":[],"modifications":[]}],"letterOrder":"ACGT","countTable":[{"leftFlank":"CGGAGTCGGCAAGCAGAAGACGGCATACGATGCA","variationsOptimized":true,"transliterate":{"in":[],"out":[]},"variableRegionLength":20,"countTableFile":"/mnt/e/countTables/Yang2017/Tcf21_ESZ_TCCGTG20NTGC.100000.tsv","modeledColumns":[0,1,2,3,4],"inputFileType":"tsv","nColumns":5,"rightFlank":"CACGGAGATCGGAAGAGCGTCG","componentName":"Count table 0","freezingLevel":0,"includeComponent":true,"variationDescription":[]}],"bindingModeInteractions":[],"bindingModes":[{"variationsOptimized":true,"fitLogActivity":true,"flankLength":0,"singleStrand":false,"variationName":"0;0;0","size":0,"dinucleotideDistance":0,"componentName":"Binding mode 0","freezingLevel":0,"positionBias":false,"includeComponent":true,"variationDescription":[{"variationName":"0;0;0","descriptionString":"Initial model."}],"modifications":[]},{"variationsOptimized":true,"fitLogActivity":true,"flankLength":0,"singleStrand":false,"variationName":"12;0;0","size":12,"dinucleotideDistance":0,"componentName":"Binding mode 1","freezingLevel":0,"positionBias":false,"includeComponent":true,"variationDescription":[{"variationName":"12;1;0","descriptionString":"Increases flank length."},{"variationName":"12;0;0","descriptionString":"Initial model."}],"modifications":[]},{"variationsOptimized":false,"fitLogActivity":true,"flankLength":1,"singleStrand":false,"variationName":"16;0;0","size":16,"dinucleotideDistance":0,"componentName":"Binding mode 2","freezingLevel":0,"positionBias":false,"includeComponent":true,"variationDescription":[{"variationName":"16;1;0","descriptionString":"Increases flank length."},{"variationName":"16;0;0","descriptionString":"Initial model."}],"modifications":[]}],"letterComplement":"C-G,A-T"},"coefficients":{"enrichmentModel":[{}],"countTable":[{"h":[0.5846053316167996,0.1120274670887567,0.025854167929934314,0.039597954552950274,-0.7620849211863261]}],"bindingModeInteractions":[],"bindingModes":[{"mononucleotide":[],"activity":[[-4.887137267384896E-12,0.05662383939439901,-0.24046489077716085,-0.53256778955368,0.7195813675766078]],"dinucleotide":[],"modifications":[]},{"mononucleotide":[-0.7761224141416438,-0.032783709496510986,-0.12819005217649643,-0.6010304868967947,-0.4164010123297617,-0.20704086431838528,-0.060093651572558554,-0.8545911344969914,-0.48850916893228974,-0.27407755624697877,-0.2442248924218526,-0.5313150451157552,-0.6806409187659602,-0.11365406924508706,-0.3545493119962924,-0.38927484024038156,-0.08114721324437153,-0.5765741026851728,-0.2727453941387455,-0.607652430180208,-0.8722106105930622,-0.14245705271159728,-0.334277037825022,-0.1891819615920895,-0.1891819615920895,-0.334277037825022,-0.14245705271159728,-0.8722106105930622,-0.607652430180208,-0.2727453941387455,-0.5765741026851728,-0.08114721324437153,-0.38927484024038156,-0.3545493119962924,-0.11365406924508706,-0.6806409187659602,-0.5313150451157552,-0.2442248924218526,-0.27407755624697877,-0.48850916893228974,-0.8545911344969914,-0.060093651572558554,-0.20704086431838528,-0.4164010123297617,-0.6010304868967947,-0.12819005217649643,-0.032783709496510986,-0.7761224141416438],"activity":[[7.684775945509362E-8,-0.3201116383092452,-0.08343660685254803,0.15250096893943654,-1.2871465496060124]],"dinucleotide":[],"modifications":[]},{"mononucleotide":[-0.11343405711672168,-0.25912425210874,-0.2555774022116618,-0.5308143297581702,-0.6984140352714988,0.0649473005298129,-0.22672676143348705,-0.29875654502010035,-0.030022999996187745,-0.30072470819043845,0.003867068197183718,-0.8320694012072133,-0.2573863971535595,-0.40855027571041197,-0.48185161596539205,-0.011161752366610737,-0.3319574252410329,-0.30662389615939534,-0.22792129741009914,-0.29244742238465443,-0.40769694686785835,-0.3173540165119415,-0.23008285004733886,-0.20381622776763825,-0.3825290955628642,-0.3909262124459824,-0.18909152736154977,-0.19640320582471807,-0.32026465110154306,-0.35656033344242416,-0.21037915264956514,-0.27174590400228227,-0.27174590400228227,-0.21037915264956514,-0.35656033344242416,-0.32026465110154306,-0.19640320582471807,-0.18909152736154977,-0.3909262124459824,-0.3825290955628642,-0.20381622776763825,-0.23008285004733886,-0.3173540165119415,-0.40769694686785835,-0.29244742238465443,-0.22792129741009914,-0.30662389615939534,-0.3319574252410329,-0.011161752366610737,-0.48185161596539205,-0.40855027571041197,-0.2573863971535595,-0.8320694012072133,0.003867068197183718,-0.30072470819043845,-0.030022999996187745,-0.29875654502010035,-0.22672676143348705,0.0649473005298129,-0.6984140352714988,-0.5308143297581702,-0.2555774022116618,-0.25912425210874,-0.11343405711672168],"activity":[[-0.008129680264734346,0.7644655882649212,-0.7421003673530459,-0.5083296653301984,-0.592417672606293]],"dinucleotide":[],"modifications":[]}]},"modelFittingConstraints":{"enrichmentModel":[{"trySaturation":false}],"countTable":[{}],"bindingModes":[{"maxFlankLength":-1,"positionBiasBinWidth":1,"optimizeSizeHeuristic":false,"maxSize":-1,"optimizeFlankLength":false,"symmetryString":"null","roundSpecificActivity":true,"informationThreshold":0.1,"optimizeMotifShift":false,"fittingStages":[],"optimizeMotifShiftHeuristic":false,"experimentSpecificPositionBias":true,"minSize":-1,"experimentSpecificActivity":true,"optimizeSize":false},{"maxFlankLength":-1,"positionBiasBinWidth":1,"optimizeSizeHeuristic":false,"maxSize":-1,"optimizeFlankLength":false,"symmetryString":"abcdefFEDCBA","roundSpecificActivity":true,"informationThreshold":0.1,"optimizeMotifShift":false,"fittingStages":[{"optimizeFlankLength":true},{"optimizeMotifShift":false},{"optimizeMotifShiftHeuristic":false}],"optimizeMotifShiftHeuristic":false,"experimentSpecificPositionBias":true,"minSize":-1,"experimentSpecificActivity":true,"optimizeSize":false},{"maxFlankLength":-1,"positionBiasBinWidth":1,"optimizeSizeHeuristic":false,"maxSize":-1,"optimizeFlankLength":true,"symmetryString":"abcdefghHGFEDCBA","roundSpecificActivity":true,"informationThreshold":0.1,"optimizeMotifShift":false,"fittingStages":[{"optimizeFlankLength":true},{"optimizeMotifShift":false},{"optimizeMotifShiftHeuristic":false}],"optimizeMotifShiftHeuristic":false,"experimentSpecificPositionBias":true,"minSize":-1,"experimentSpecificActivity":true,"optimizeSize":false}]}}
{"metadata":{"timeStamp":"2023-04-01 13:24:58.713","logLikelihoodPerRead":1.6038492941061764,"logLikelihood":798586.7039387941,"gradientCalls":1133,"fitSteps":1094,"regularization":0.00667588622858821,"functionCalls":0,"fitter":"proBound","fitName":"component2-4-all","fitTime":260.452,"dataLoops":1133},"optimizerSetting":{"output":{"outputPath":"/mnt/e/desktop/HB_Rotation_1/ProBound_run/Tcf21__Yang2017/result","baseName":"fit"},"nThreads":12,"likelihoodThreshold":2.0E-4,"lbfgsSettings":{"memory":100,"convergence":1.0E-7,"MCSearch":true,"maxIters":2000},"lambdaL2":1.0E-6,"fixedLibrarySize":false,"expBound":40,"nRetries":3,"hkSettings":{"epsilon":1.0E-7,"kickFinal":false,"fdDelta":1.0E-4,"kickAll":false,"maxIters":200,"evCutoff":1.0E-9}},"modelSettings":{"enrichmentModel":[{"variationsOptimized":false,"bindingSaturation":false,"cumulativeEnrichment":true,"concentration":1,"modelType":"SELEX","bindingModeInteractions":[],"componentName":"SELEX enrichment model 0","freezingLevel":0,"includeComponent":true,"bindingModes":[0,1,2],"variationDescription":[],"modifications":[]}],"letterOrder":"ACGT","countTable":[{"leftFlank":"CGGAGTCGGCAAGCAGAAGACGGCATACGATGCA","variationsOptimized":true,"transliterate":{"in":[],"out":[]},"variableRegionLength":20,"countTableFile":"/mnt/e/countTables/Yang2017/Tcf21_ESZ_TCCGTG20NTGC.100000.tsv","modeledColumns":[0,1,2,3,4],"inputFileType":"tsv","nColumns":5,"rightFlank":"CACGGAGATCGGAAGAGCGTCG","componentName":"Count table 0","freezingLevel":0,"includeComponent":true,"variationDescription":[]}],"bindingModeInteractions":[],"bindingModes":[{"variationsOptimized":true,"fitLogActivity":true,"flankLength":0,"singleStrand":false,"variationName":"0;0;0","size":0,"dinucleotideDistance":0,"componentName":"Binding mode 0","freezingLevel":0,"positionBias":false,"includeComponent":true,"variationDescription":[{"variationName":"0;0;0","descriptionString":"Initial model."}],"modifications":[]},{"variationsOptimized":true,"fitLogActivity":true,"flankLength":0,"singleStrand":false,"variationName":"12;0;0","size":12,"dinucleotideDistance":0,"componentName":"Binding mode 1","freezingLevel":0,"positionBias":false,"includeComponent":true,"variationDescription":[{"variationName":"12;1;0","descriptionString":"Increases flank length."},{"variationName":"12;0;0","descriptionString":"Initial model."}],"modifications":[]},{"variationsOptimized":true,"fitLogActivity":true,"flankLength":0,"singleStrand":false,"variationName":"16;0;0","size":16,"dinucleotideDistance":0,"componentName":"Binding mode 2","freezingLevel":0,"positionBias":false,"includeComponent":true,"variationDescription":[{"variationName":"16;1;0","descriptionString":"Increases flank length."},{"variationName":"16;0;0","descriptionString":"Initial model."}],"modifications":[]}],"letterComplement":"C-G,A-T"},"coefficients":{"enrichmentModel":[{}],"countTable":[{"h":[0.5757243225799256,0.2701007845958768,-0.013811815926237023,-0.02248290186902456,-0.8095303893805431]}],"bindingModeInteractions":[],"bindingModes":[{"mononucleotide":[],"activity":[[-3.06641552087201E-15,0.1932930668875168,0.09728867397658224,-0.2903762336015938,0.7306890103012612]],"dinucleotide":[],"modifications":[]},{"mononucleotide":[-0.8715174108184942,-0.44693945199192353,-0.8004509705454245,-0.6156140411054565,-0.016204397690739957,-0.9879609476559053,-0.5222692859340166,-1.2080872431750518,-0.07476636094219462,-0.10507088894385826,-0.9658874940632848,-1.5887971305036912,-0.8056561060753723,0.5865538146974364,-1.1110216922694913,-1.4044029004123915,0.6142959444874877,-1.372671511162143,-0.7595474104823764,-1.2166039069019032,-1.4852366985929104,-0.8427550786536661,-0.2803782511633839,-0.12615184604159937,-0.12615184604159937,-0.2803782511633839,-0.8427550786536661,-1.4852366985929104,-1.2166039069019032,-0.7595474104823764,-1.372671511162143,0.6142959444874877,-1.4044029004123915,-1.1110216922694913,0.5865538146974364,-0.8056561060753723,-1.5887971305036912,-0.9658874940632848,-0.10507088894385826,-0.07476636094219462,-1.2080872431750518,-0.5222692859340166,-0.9879609476559053,-0.016204397690739957,-0.6156140411054565,-0.8004509705454245,-0.44693945199192353,-0.8715174108184942],"activity":[[3.175291070875736E-11,-0.349263526680972,-1.110838932116952,-0.7452488062840008,-0.5287281166275508]],"dinucleotide":[],"modifications":[]},{"mononucleotide":[-0.41540992720664865,-0.004466782542362596,-0.04092413617622796,-0.6101867332929305,-0.627075176934874,-0.006706827783143129,0.03317392853975747,-0.47037950304096277,-0.21093487778783648,-0.30986087156858494,-0.04582673605553731,-0.5043650938073093,-0.6061155811253506,-0.1096916352034019,-0.2932988602419749,-0.06188150265048741,-0.23241599597596924,-0.22623813155380784,-0.040743101101327256,-0.571590350585081,-0.60635008727855,-0.011250884173782347,-0.0796288757590181,-0.37375773200928064,-0.5480651420493138,-0.08344114324922569,-0.010180874232330616,-0.4293004196880278,-0.2864904707890115,-0.2308035983677497,-0.18417017342865408,-0.36952333663323295,-0.36952333663323295,-0.18417017342865408,-0.2308035983677497,-0.2864904707890115,-0.4293004196880278,-0.010180874232330616,-0.08344114324922569,-0.5480651420493138,-0.37375773200928064,-0.0796288757590181,-0.011250884173782347,-0.60635008727855,-0.571590350585081,-0.040743101101327256,-0.22623813155380784,-0.23241599597596924,-0.06188150265048741,-0.2932988602419749,-0.1096916352034019,-0.6061155811253506,-0.5043650938073093,-0.04582673605553731,-0.30986087156858494,-0.21093487778783648,-0.47037950304096277,0.03317392853975747,-0.006706827783143129,-0.627075176934874,-0.6101867332929305,-0.04092413617622796,-0.004466782542362596,-0.41540992720664865],"activity":[[-7.3582821900226745E-6,-0.4183298967126556,0.16778296273092536,0.2033721216060414,-1.0117358214586738]],"dinucleotide":[],"modifications":[]}]},"modelFittingConstraints":{"enrichmentModel":[{"trySaturation":false}],"countTable":[{}],"bindingModes":[{"maxFlankLength":-1,"positionBiasBinWidth":1,"optimizeSizeHeuristic":false,"maxSize":-1,"optimizeFlankLength":false,"symmetryString":"null","roundSpecificActivity":true,"informationThreshold":0.1,"optimizeMotifShift":false,"fittingStages":[],"optimizeMotifShiftHeuristic":false,"experimentSpecificPositionBias":true,"minSize":-1,"experimentSpecificActivity":true,"optimizeSize":false},{"maxFlankLength":-1,"positionBiasBinWidth":1,"optimizeSizeHeuristic":false,"maxSize":-1,"optimizeFlankLength":false,"symmetryString":"abcdefFEDCBA","roundSpecificActivity":true,"informationThreshold":0.1,"optimizeMotifShift":false,"fittingStages":[{"optimizeFlankLength":true},{"optimizeMotifShift":false},{"optimizeMotifShiftHeuristic":false}],"optimizeMotifShiftHeuristic":false,"experimentSpecificPositionBias":true,"minSize":-1,"experimentSpecificActivity":true,"optimizeSize":false},{"maxFlankLength":-1,"positionBiasBinWidth":1,"optimizeSizeHeuristic":false,"maxSize":-1,"optimizeFlankLength":false,"symmetryString":"abcdefghHGFEDCBA","roundSpecificActivity":true,"informationThreshold":0.1,"optimizeMotifShift":false,"fittingStages":[{"optimizeFlankLength":true},{"optimizeMotifShift":false},{"optimizeMotifShiftHeuristic":false}],"optimizeMotifShiftHeuristic":false,"experimentSpecificPositionBias":true,"minSize":-1,"experimentSpecificActivity":true,"optimizeSize":false}]}}
