{"metadata":{"timeStamp":"2023-04-01 12:21:13.322","logLikelihoodPerRead":1.4590140554173234,"logLikelihood":595627.2776675019,"gradientCalls":23,"fitSteps":18,"regularization":7.302327451777275E-4,"functionCalls":0,"fitter":"proBound","fitName":"component0-0-h","fitTime":1.122,"dataLoops":23},"optimizerSetting":{"output":{"outputPath":"/mnt/e/desktop/HB_Rotation_1/ProBound_run/TCF3_Yang2017/result","baseName":"fit"},"nThreads":12,"likelihoodThreshold":2.0E-4,"lbfgsSettings":{"memory":100,"convergence":1.0E-7,"MCSearch":true,"maxIters":2000},"lambdaL2":1.0E-6,"fixedLibrarySize":false,"expBound":40,"nRetries":3,"hkSettings":{"epsilon":1.0E-7,"kickFinal":false,"fdDelta":1.0E-4,"kickAll":false,"maxIters":200,"evCutoff":1.0E-9}},"modelSettings":{"enrichmentModel":[{"variationsOptimized":false,"bindingSaturation":false,"cumulativeEnrichment":true,"concentration":1,"modelType":"SELEX","bindingModeInteractions":[],"componentName":"SELEX enrichment model 0","freezingLevel":0,"includeComponent":true,"bindingModes":[0,1,2],"variationDescription":[],"modifications":[]}],"letterOrder":"ACGT","countTable":[{"leftFlank":"CGGAGTCGGCAAGCAGAAGACGGCATACGATGGG","variationsOptimized":true,"transliterate":{"in":[],"out":[]},"variableRegionLength":20,"countTableFile":"/mnt/e/countTables/Yang2017/TCF3_ESY_TACCCG20NCCC.100000.tsv","modeledColumns":[0,1,2,3,4],"inputFileType":"tsv","nColumns":5,"rightFlank":"CGGGTAGATCGGAAGAGCGTCG","componentName":"Count table 0","freezingLevel":0,"includeComponent":true,"variationDescription":[]}],"bindingModeInteractions":[],"bindingModes":[{"variationsOptimized":false,"fitLogActivity":true,"flankLength":0,"singleStrand":false,"variationName":"0;0;0","size":0,"dinucleotideDistance":0,"componentName":"Binding mode 0","freezingLevel":0,"positionBias":false,"includeComponent":true,"variationDescription":[],"modifications":[]},{"variationsOptimized":false,"fitLogActivity":true,"flankLength":0,"singleStrand":false,"variationName":"12;0;0","size":12,"dinucleotideDistance":0,"componentName":"Binding mode 1","freezingLevel":0,"positionBias":false,"includeComponent":false,"variationDescription":[],"modifications":[]},{"variationsOptimized":false,"fitLogActivity":true,"flankLength":0,"singleStrand":false,"variationName":"16;0;0","size":16,"dinucleotideDistance":0,"componentName":"Binding mode 2","freezingLevel":0,"positionBias":false,"includeComponent":false,"variationDescription":[],"modifications":[]}],"letterComplement":"C-G,A-T"},"coefficients":{"enrichmentModel":[{}],"countTable":[{"h":[-12.972506908858499,-8.710088646088657,0.49418618024453553,7.227533796495056,13.960880657614112]}],"bindingModeInteractions":[],"bindingModes":[{"mononucleotide":[],"activity":[[-6.733401891837359,-6.733401891837359,-6.733401891837359,-6.733401891837359,-6.733401891837359]],"dinucleotide":[],"modifications":[]},{"mononucleotide":[0,0,0,0,0,0,0,0,0,0,0,0,-1,0,-1,-1,0,-1,-1,-1,0,0,0,0,0,0,0,0,-1,-1,-1,0,-1,-1,0,-1,0,0,0,0,0,0,0,0,0,0,0,0],"activity":[[0,0,0,0,0]],"dinucleotide":[],"modifications":[]},{"mononucleotide":[0,0,0,0,0,0,0,0,0,0,0,0,0,0,0,0,0,0,0,0,0,0,0,0,0,0,0,0,0,0,0,0,0,0,0,0,0,0,0,0,0,0,0,0,0,0,0,0,0,0,0,0,0,0,0,0,0,0,0,0,0,0,0,0],"activity":[[0,0,0,0,0]],"dinucleotide":[],"modifications":[]}]},"modelFittingConstraints":{"enrichmentModel":[{"trySaturation":false}],"countTable":[{}],"bindingModes":[{"maxFlankLength":-1,"positionBiasBinWidth":1,"optimizeSizeHeuristic":false,"maxSize":-1,"optimizeFlankLength":false,"symmetryString":"null","roundSpecificActivity":true,"informationThreshold":0.1,"optimizeMotifShift":false,"fittingStages":[],"optimizeMotifShiftHeuristic":false,"experimentSpecificPositionBias":true,"minSize":-1,"experimentSpecificActivity":true,"optimizeSize":false},{"maxFlankLength":-1,"positionBiasBinWidth":1,"optimizeSizeHeuristic":false,"maxSize":-1,"optimizeFlankLength":true,"symmetryString":"abcdefFEDCBA","roundSpecificActivity":true,"informationThreshold":0.1,"optimizeMotifShift":false,"fittingStages":[{"optimizeFlankLength":true},{"optimizeMotifShift":false},{"optimizeMotifShiftHeuristic":false}],"optimizeMotifShiftHeuristic":false,"experimentSpecificPositionBias":true,"minSize":-1,"experimentSpecificActivity":true,"optimizeSize":false},{"maxFlankLength":-1,"positionBiasBinWidth":1,"optimizeSizeHeuristic":false,"maxSize":-1,"optimizeFlankLength":true,"symmetryString":"abcdefghHGFEDCBA","roundSpecificActivity":true,"informationThreshold":0.1,"optimizeMotifShift":false,"fittingStages":[{"optimizeFlankLength":true},{"optimizeMotifShift":false},{"optimizeMotifShiftHeuristic":false}],"optimizeMotifShiftHeuristic":false,"experimentSpecificPositionBias":true,"minSize":-1,"experimentSpecificActivity":true,"optimizeSize":false}]}}
{"metadata":{"timeStamp":"2023-04-01 12:21:15.101","logLikelihoodPerRead":1.4582990331788235,"logLikelihood":595627.2733941968,"gradientCalls":46,"fitSteps":39,"regularization":1.5220969079308172E-5,"functionCalls":0,"fitter":"proBound","fitName":"component0-1-f0","fitTime":2.901,"dataLoops":46},"optimizerSetting":{"output":{"outputPath":"/mnt/e/desktop/HB_Rotation_1/ProBound_run/TCF3_Yang2017/result","baseName":"fit"},"nThreads":12,"likelihoodThreshold":2.0E-4,"lbfgsSettings":{"memory":100,"convergence":1.0E-7,"MCSearch":true,"maxIters":2000},"lambdaL2":1.0E-6,"fixedLibrarySize":false,"expBound":40,"nRetries":3,"hkSettings":{"epsilon":1.0E-7,"kickFinal":false,"fdDelta":1.0E-4,"kickAll":false,"maxIters":200,"evCutoff":1.0E-9}},"modelSettings":{"enrichmentModel":[{"variationsOptimized":false,"bindingSaturation":false,"cumulativeEnrichment":true,"concentration":1,"modelType":"SELEX","bindingModeInteractions":[],"componentName":"SELEX enrichment model 0","freezingLevel":0,"includeComponent":true,"bindingModes":[0,1,2],"variationDescription":[],"modifications":[]}],"letterOrder":"ACGT","countTable":[{"leftFlank":"CGGAGTCGGCAAGCAGAAGACGGCATACGATGGG","variationsOptimized":true,"transliterate":{"in":[],"out":[]},"variableRegionLength":20,"countTableFile":"/mnt/e/countTables/Yang2017/TCF3_ESY_TACCCG20NCCC.100000.tsv","modeledColumns":[0,1,2,3,4],"inputFileType":"tsv","nColumns":5,"rightFlank":"CGGGTAGATCGGAAGAGCGTCG","componentName":"Count table 0","freezingLevel":0,"includeComponent":true,"variationDescription":[]}],"bindingModeInteractions":[],"bindingModes":[{"variationsOptimized":false,"fitLogActivity":true,"flankLength":0,"singleStrand":false,"variationName":"0;0;0","size":0,"dinucleotideDistance":0,"componentName":"Binding mode 0","freezingLevel":0,"positionBias":false,"includeComponent":true,"variationDescription":[],"modifications":[]},{"variationsOptimized":false,"fitLogActivity":true,"flankLength":0,"singleStrand":false,"variationName":"12;0;0","size":12,"dinucleotideDistance":0,"componentName":"Binding mode 1","freezingLevel":0,"positionBias":false,"includeComponent":false,"variationDescription":[],"modifications":[]},{"variationsOptimized":false,"fitLogActivity":true,"flankLength":0,"singleStrand":false,"variationName":"16;0;0","size":16,"dinucleotideDistance":0,"componentName":"Binding mode 2","freezingLevel":0,"positionBias":false,"includeComponent":false,"variationDescription":[],"modifications":[]}],"letterComplement":"C-G,A-T"},"coefficients":{"enrichmentModel":[{}],"countTable":[{"h":[0.584182781736856,-1.3032050245147084,0.44937841584142557,0.1797567403518098,0.08988557392494678]}],"bindingModeInteractions":[],"bindingModes":[{"mononucleotide":[],"activity":[[-5.067487304384437E-6,-0.5841966962933033,0.7190017832772401,0.26962373221370983,0.08987244722263842]],"dinucleotide":[],"modifications":[]},{"mononucleotide":[0,0,0,0,0,0,0,0,0,0,0,0,-1,0,-1,-1,0,-1,-1,-1,0,0,0,0,0,0,0,0,-1,-1,-1,0,-1,-1,0,-1,0,0,0,0,0,0,0,0,0,0,0,0],"activity":[[0,0,0,0,0]],"dinucleotide":[],"modifications":[]},{"mononucleotide":[0,0,0,0,0,0,0,0,0,0,0,0,0,0,0,0,0,0,0,0,0,0,0,0,0,0,0,0,0,0,0,0,0,0,0,0,0,0,0,0,0,0,0,0,0,0,0,0,0,0,0,0,0,0,0,0,0,0,0,0,0,0,0,0],"activity":[[0,0,0,0,0]],"dinucleotide":[],"modifications":[]}]},"modelFittingConstraints":{"enrichmentModel":[{"trySaturation":false}],"countTable":[{}],"bindingModes":[{"maxFlankLength":-1,"positionBiasBinWidth":1,"optimizeSizeHeuristic":false,"maxSize":-1,"optimizeFlankLength":false,"symmetryString":"null","roundSpecificActivity":true,"informationThreshold":0.1,"optimizeMotifShift":false,"fittingStages":[],"optimizeMotifShiftHeuristic":false,"experimentSpecificPositionBias":true,"minSize":-1,"experimentSpecificActivity":true,"optimizeSize":false},{"maxFlankLength":-1,"positionBiasBinWidth":1,"optimizeSizeHeuristic":false,"maxSize":-1,"optimizeFlankLength":true,"symmetryString":"abcdefFEDCBA","roundSpecificActivity":true,"informationThreshold":0.1,"optimizeMotifShift":false,"fittingStages":[{"optimizeFlankLength":true},{"optimizeMotifShift":false},{"optimizeMotifShiftHeuristic":false}],"optimizeMotifShiftHeuristic":false,"experimentSpecificPositionBias":true,"minSize":-1,"experimentSpecificActivity":true,"optimizeSize":false},{"maxFlankLength":-1,"positionBiasBinWidth":1,"optimizeSizeHeuristic":false,"maxSize":-1,"optimizeFlankLength":true,"symmetryString":"abcdefghHGFEDCBA","roundSpecificActivity":true,"informationThreshold":0.1,"optimizeMotifShift":false,"fittingStages":[{"optimizeFlankLength":true},{"optimizeMotifShift":false},{"optimizeMotifShiftHeuristic":false}],"optimizeMotifShiftHeuristic":false,"experimentSpecificPositionBias":true,"minSize":-1,"experimentSpecificActivity":true,"optimizeSize":false}]}}
{"metadata":{"timeStamp":"2023-04-01 12:21:15.13","logLikelihoodPerRead":1.458299033178824,"logLikelihood":595627.2733941969,"gradientCalls":47,"fitSteps":42,"regularization":1.5220969079308172E-5,"functionCalls":0,"fitter":"proBound","fitName":"component0-2-variation0","fitTime":2.93,"dataLoops":47},"optimizerSetting":{"output":{"outputPath":"/mnt/e/desktop/HB_Rotation_1/ProBound_run/TCF3_Yang2017/result","baseName":"fit"},"nThreads":12,"likelihoodThreshold":2.0E-4,"lbfgsSettings":{"memory":100,"convergence":1.0E-7,"MCSearch":true,"maxIters":2000},"lambdaL2":1.0E-6,"fixedLibrarySize":false,"expBound":40,"nRetries":3,"hkSettings":{"epsilon":1.0E-7,"kickFinal":false,"fdDelta":1.0E-4,"kickAll":false,"maxIters":200,"evCutoff":1.0E-9}},"modelSettings":{"enrichmentModel":[{"variationsOptimized":false,"bindingSaturation":false,"cumulativeEnrichment":true,"concentration":1,"modelType":"SELEX","bindingModeInteractions":[],"componentName":"SELEX enrichment model 0","freezingLevel":0,"includeComponent":true,"bindingModes":[0,1,2],"variationDescription":[],"modifications":[]}],"letterOrder":"ACGT","countTable":[{"leftFlank":"CGGAGTCGGCAAGCAGAAGACGGCATACGATGGG","variationsOptimized":true,"transliterate":{"in":[],"out":[]},"variableRegionLength":20,"countTableFile":"/mnt/e/countTables/Yang2017/TCF3_ESY_TACCCG20NCCC.100000.tsv","modeledColumns":[0,1,2,3,4],"inputFileType":"tsv","nColumns":5,"rightFlank":"CGGGTAGATCGGAAGAGCGTCG","componentName":"Count table 0","freezingLevel":0,"includeComponent":true,"variationDescription":[]}],"bindingModeInteractions":[],"bindingModes":[{"variationsOptimized":false,"fitLogActivity":true,"flankLength":0,"singleStrand":false,"variationName":"0;0;0","size":0,"dinucleotideDistance":0,"componentName":"Binding mode 0","freezingLevel":0,"positionBias":false,"includeComponent":true,"variationDescription":[{"variationName":"0;0;0","descriptionString":"Initial model."}],"modifications":[]},{"variationsOptimized":false,"fitLogActivity":true,"flankLength":0,"singleStrand":false,"variationName":"12;0;0","size":12,"dinucleotideDistance":0,"componentName":"Binding mode 1","freezingLevel":0,"positionBias":false,"includeComponent":false,"variationDescription":[],"modifications":[]},{"variationsOptimized":false,"fitLogActivity":true,"flankLength":0,"singleStrand":false,"variationName":"16;0;0","size":16,"dinucleotideDistance":0,"componentName":"Binding mode 2","freezingLevel":0,"positionBias":false,"includeComponent":false,"variationDescription":[],"modifications":[]}],"letterComplement":"C-G,A-T"},"coefficients":{"enrichmentModel":[{}],"countTable":[{"h":[0.584182781736856,-1.3032050245147084,0.44937841584142557,0.1797567403518098,0.08988557392494678]}],"bindingModeInteractions":[],"bindingModes":[{"mononucleotide":[],"activity":[[-5.067487304384437E-6,-0.5841966962933033,0.7190017832772401,0.26962373221370983,0.08987244722263842]],"dinucleotide":[],"modifications":[]},{"mononucleotide":[0,0,0,0,0,0,0,0,0,0,0,0,-1,0,-1,-1,0,-1,-1,-1,0,0,0,0,0,0,0,0,-1,-1,-1,0,-1,-1,0,-1,0,0,0,0,0,0,0,0,0,0,0,0],"activity":[[0,0,0,0,0]],"dinucleotide":[],"modifications":[]},{"mononucleotide":[0,0,0,0,0,0,0,0,0,0,0,0,0,0,0,0,0,0,0,0,0,0,0,0,0,0,0,0,0,0,0,0,0,0,0,0,0,0,0,0,0,0,0,0,0,0,0,0,0,0,0,0,0,0,0,0,0,0,0,0,0,0,0,0],"activity":[[0,0,0,0,0]],"dinucleotide":[],"modifications":[]}]},"modelFittingConstraints":{"enrichmentModel":[{"trySaturation":false}],"countTable":[{}],"bindingModes":[{"maxFlankLength":-1,"positionBiasBinWidth":1,"optimizeSizeHeuristic":false,"maxSize":-1,"optimizeFlankLength":false,"symmetryString":"null","roundSpecificActivity":true,"informationThreshold":0.1,"optimizeMotifShift":false,"fittingStages":[],"optimizeMotifShiftHeuristic":false,"experimentSpecificPositionBias":true,"minSize":-1,"experimentSpecificActivity":true,"optimizeSize":false},{"maxFlankLength":-1,"positionBiasBinWidth":1,"optimizeSizeHeuristic":false,"maxSize":-1,"optimizeFlankLength":true,"symmetryString":"abcdefFEDCBA","roundSpecificActivity":true,"informationThreshold":0.1,"optimizeMotifShift":false,"fittingStages":[{"optimizeFlankLength":true},{"optimizeMotifShift":false},{"optimizeMotifShiftHeuristic":false}],"optimizeMotifShiftHeuristic":false,"experimentSpecificPositionBias":true,"minSize":-1,"experimentSpecificActivity":true,"optimizeSize":false},{"maxFlankLength":-1,"positionBiasBinWidth":1,"optimizeSizeHeuristic":false,"maxSize":-1,"optimizeFlankLength":true,"symmetryString":"abcdefghHGFEDCBA","roundSpecificActivity":true,"informationThreshold":0.1,"optimizeMotifShift":false,"fittingStages":[{"optimizeFlankLength":true},{"optimizeMotifShift":false},{"optimizeMotifShiftHeuristic":false}],"optimizeMotifShiftHeuristic":false,"experimentSpecificPositionBias":true,"minSize":-1,"experimentSpecificActivity":true,"optimizeSize":false}]}}
{"metadata":{"timeStamp":"2023-04-01 12:21:15.789","logLikelihoodPerRead":1.458299033178824,"logLikelihood":595627.2733941969,"gradientCalls":48,"fitSteps":45,"regularization":1.5220969079308172E-5,"functionCalls":0,"fitter":"proBound","fitName":"component0-4-all","fitTime":3.589,"dataLoops":48},"optimizerSetting":{"output":{"outputPath":"/mnt/e/desktop/HB_Rotation_1/ProBound_run/TCF3_Yang2017/result","baseName":"fit"},"nThreads":12,"likelihoodThreshold":2.0E-4,"lbfgsSettings":{"memory":100,"convergence":1.0E-7,"MCSearch":true,"maxIters":2000},"lambdaL2":1.0E-6,"fixedLibrarySize":false,"expBound":40,"nRetries":3,"hkSettings":{"epsilon":1.0E-7,"kickFinal":false,"fdDelta":1.0E-4,"kickAll":false,"maxIters":200,"evCutoff":1.0E-9}},"modelSettings":{"enrichmentModel":[{"variationsOptimized":false,"bindingSaturation":false,"cumulativeEnrichment":true,"concentration":1,"modelType":"SELEX","bindingModeInteractions":[],"componentName":"SELEX enrichment model 0","freezingLevel":0,"includeComponent":true,"bindingModes":[0,1,2],"variationDescription":[],"modifications":[]}],"letterOrder":"ACGT","countTable":[{"leftFlank":"CGGAGTCGGCAAGCAGAAGACGGCATACGATGGG","variationsOptimized":true,"transliterate":{"in":[],"out":[]},"variableRegionLength":20,"countTableFile":"/mnt/e/countTables/Yang2017/TCF3_ESY_TACCCG20NCCC.100000.tsv","modeledColumns":[0,1,2,3,4],"inputFileType":"tsv","nColumns":5,"rightFlank":"CGGGTAGATCGGAAGAGCGTCG","componentName":"Count table 0","freezingLevel":0,"includeComponent":true,"variationDescription":[]}],"bindingModeInteractions":[],"bindingModes":[{"variationsOptimized":true,"fitLogActivity":true,"flankLength":0,"singleStrand":false,"variationName":"0;0;0","size":0,"dinucleotideDistance":0,"componentName":"Binding mode 0","freezingLevel":0,"positionBias":false,"includeComponent":true,"variationDescription":[{"variationName":"0;0;0","descriptionString":"Initial model."}],"modifications":[]},{"variationsOptimized":false,"fitLogActivity":true,"flankLength":0,"singleStrand":false,"variationName":"12;0;0","size":12,"dinucleotideDistance":0,"componentName":"Binding mode 1","freezingLevel":0,"positionBias":false,"includeComponent":false,"variationDescription":[],"modifications":[]},{"variationsOptimized":false,"fitLogActivity":true,"flankLength":0,"singleStrand":false,"variationName":"16;0;0","size":16,"dinucleotideDistance":0,"componentName":"Binding mode 2","freezingLevel":0,"positionBias":false,"includeComponent":false,"variationDescription":[],"modifications":[]}],"letterComplement":"C-G,A-T"},"coefficients":{"enrichmentModel":[{}],"countTable":[{"h":[0.584182781736856,-1.3032050245147084,0.44937841584142557,0.1797567403518098,0.08988557392494678]}],"bindingModeInteractions":[],"bindingModes":[{"mononucleotide":[],"activity":[[-5.067487304384437E-6,-0.5841966962933033,0.7190017832772401,0.26962373221370983,0.08987244722263842]],"dinucleotide":[],"modifications":[]},{"mononucleotide":[0,0,0,0,0,0,0,0,0,0,0,0,-1,0,-1,-1,0,-1,-1,-1,0,0,0,0,0,0,0,0,-1,-1,-1,0,-1,-1,0,-1,0,0,0,0,0,0,0,0,0,0,0,0],"activity":[[0,0,0,0,0]],"dinucleotide":[],"modifications":[]},{"mononucleotide":[0,0,0,0,0,0,0,0,0,0,0,0,0,0,0,0,0,0,0,0,0,0,0,0,0,0,0,0,0,0,0,0,0,0,0,0,0,0,0,0,0,0,0,0,0,0,0,0,0,0,0,0,0,0,0,0,0,0,0,0,0,0,0,0],"activity":[[0,0,0,0,0]],"dinucleotide":[],"modifications":[]}]},"modelFittingConstraints":{"enrichmentModel":[{"trySaturation":false}],"countTable":[{}],"bindingModes":[{"maxFlankLength":-1,"positionBiasBinWidth":1,"optimizeSizeHeuristic":false,"maxSize":-1,"optimizeFlankLength":false,"symmetryString":"null","roundSpecificActivity":true,"informationThreshold":0.1,"optimizeMotifShift":false,"fittingStages":[],"optimizeMotifShiftHeuristic":false,"experimentSpecificPositionBias":true,"minSize":-1,"experimentSpecificActivity":true,"optimizeSize":false},{"maxFlankLength":-1,"positionBiasBinWidth":1,"optimizeSizeHeuristic":false,"maxSize":-1,"optimizeFlankLength":true,"symmetryString":"abcdefFEDCBA","roundSpecificActivity":true,"informationThreshold":0.1,"optimizeMotifShift":false,"fittingStages":[{"optimizeFlankLength":true},{"optimizeMotifShift":false},{"optimizeMotifShiftHeuristic":false}],"optimizeMotifShiftHeuristic":false,"experimentSpecificPositionBias":true,"minSize":-1,"experimentSpecificActivity":true,"optimizeSize":false},{"maxFlankLength":-1,"positionBiasBinWidth":1,"optimizeSizeHeuristic":false,"maxSize":-1,"optimizeFlankLength":true,"symmetryString":"abcdefghHGFEDCBA","roundSpecificActivity":true,"informationThreshold":0.1,"optimizeMotifShift":false,"fittingStages":[{"optimizeFlankLength":true},{"optimizeMotifShift":false},{"optimizeMotifShiftHeuristic":false}],"optimizeMotifShiftHeuristic":false,"experimentSpecificPositionBias":true,"minSize":-1,"experimentSpecificActivity":true,"optimizeSize":false}]}}
{"metadata":{"timeStamp":"2023-04-01 12:21:16.979","logLikelihoodPerRead":1.4233783177524886,"logLikelihood":581357.6051850688,"gradientCalls":63,"fitSteps":61,"regularization":3.116322195607143E-5,"functionCalls":0,"fitter":"proBound","fitName":"component1-0-h","fitTime":4.779,"dataLoops":63},"optimizerSetting":{"output":{"outputPath":"/mnt/e/desktop/HB_Rotation_1/ProBound_run/TCF3_Yang2017/result","baseName":"fit"},"nThreads":12,"likelihoodThreshold":2.0E-4,"lbfgsSettings":{"memory":100,"convergence":1.0E-7,"MCSearch":true,"maxIters":2000},"lambdaL2":1.0E-6,"fixedLibrarySize":false,"expBound":40,"nRetries":3,"hkSettings":{"epsilon":1.0E-7,"kickFinal":false,"fdDelta":1.0E-4,"kickAll":false,"maxIters":200,"evCutoff":1.0E-9}},"modelSettings":{"enrichmentModel":[{"variationsOptimized":false,"bindingSaturation":false,"cumulativeEnrichment":true,"concentration":1,"modelType":"SELEX","bindingModeInteractions":[],"componentName":"SELEX enrichment model 0","freezingLevel":0,"includeComponent":true,"bindingModes":[0,1,2],"variationDescription":[],"modifications":[]}],"letterOrder":"ACGT","countTable":[{"leftFlank":"CGGAGTCGGCAAGCAGAAGACGGCATACGATGGG","variationsOptimized":true,"transliterate":{"in":[],"out":[]},"variableRegionLength":20,"countTableFile":"/mnt/e/countTables/Yang2017/TCF3_ESY_TACCCG20NCCC.100000.tsv","modeledColumns":[0,1,2,3,4],"inputFileType":"tsv","nColumns":5,"rightFlank":"CGGGTAGATCGGAAGAGCGTCG","componentName":"Count table 0","freezingLevel":0,"includeComponent":true,"variationDescription":[]}],"bindingModeInteractions":[],"bindingModes":[{"variationsOptimized":true,"fitLogActivity":true,"flankLength":0,"singleStrand":false,"variationName":"0;0;0","size":0,"dinucleotideDistance":0,"componentName":"Binding mode 0","freezingLevel":0,"positionBias":false,"includeComponent":true,"variationDescription":[{"variationName":"0;0;0","descriptionString":"Initial model."}],"modifications":[]},{"variationsOptimized":false,"fitLogActivity":true,"flankLength":0,"singleStrand":false,"variationName":"12;0;0","size":12,"dinucleotideDistance":0,"componentName":"Binding mode 1","freezingLevel":0,"positionBias":false,"includeComponent":true,"variationDescription":[],"modifications":[]},{"variationsOptimized":false,"fitLogActivity":true,"flankLength":0,"singleStrand":false,"variationName":"16;0;0","size":16,"dinucleotideDistance":0,"componentName":"Binding mode 2","freezingLevel":0,"positionBias":false,"includeComponent":false,"variationDescription":[],"modifications":[]}],"letterComplement":"C-G,A-T"},"coefficients":{"enrichmentModel":[{}],"countTable":[{"h":[2.9453881963552146,-0.038844996659225736,0.5411475216713061,-0.9943753801326938,-2.4533168533371095]}],"bindingModeInteractions":[],"bindingModes":[{"mononucleotide":[],"activity":[[-5.067487304384437E-6,-0.5841966962933033,0.7190017832772401,0.26962373221370983,0.08987244722263842]],"dinucleotide":[],"modifications":[]},{"mononucleotide":[0,0,0,0,0,0,0,0,0,0,0,0,-1,0,-1,-1,0,-1,-1,-1,0,0,0,0,0,0,0,0,-1,-1,-1,0,-1,-1,0,-1,0,0,0,0,0,0,0,0,0,0,0,0],"activity":[[0.4220644413107541,-0.1621271874952448,1.1410712920752986,0.6916932410117684,0.5119419560206968]],"dinucleotide":[],"modifications":[]},{"mononucleotide":[0,0,0,0,0,0,0,0,0,0,0,0,0,0,0,0,0,0,0,0,0,0,0,0,0,0,0,0,0,0,0,0,0,0,0,0,0,0,0,0,0,0,0,0,0,0,0,0,0,0,0,0,0,0,0,0,0,0,0,0,0,0,0,0],"activity":[[0,0,0,0,0]],"dinucleotide":[],"modifications":[]}]},"modelFittingConstraints":{"enrichmentModel":[{"trySaturation":false}],"countTable":[{}],"bindingModes":[{"maxFlankLength":-1,"positionBiasBinWidth":1,"optimizeSizeHeuristic":false,"maxSize":-1,"optimizeFlankLength":false,"symmetryString":"null","roundSpecificActivity":true,"informationThreshold":0.1,"optimizeMotifShift":false,"fittingStages":[],"optimizeMotifShiftHeuristic":false,"experimentSpecificPositionBias":true,"minSize":-1,"experimentSpecificActivity":true,"optimizeSize":false},{"maxFlankLength":-1,"positionBiasBinWidth":1,"optimizeSizeHeuristic":false,"maxSize":-1,"optimizeFlankLength":true,"symmetryString":"abcdefFEDCBA","roundSpecificActivity":true,"informationThreshold":0.1,"optimizeMotifShift":false,"fittingStages":[{"optimizeFlankLength":true},{"optimizeMotifShift":false},{"optimizeMotifShiftHeuristic":false}],"optimizeMotifShiftHeuristic":false,"experimentSpecificPositionBias":true,"minSize":-1,"experimentSpecificActivity":true,"optimizeSize":false},{"maxFlankLength":-1,"positionBiasBinWidth":1,"optimizeSizeHeuristic":false,"maxSize":-1,"optimizeFlankLength":true,"symmetryString":"abcdefghHGFEDCBA","roundSpecificActivity":true,"informationThreshold":0.1,"optimizeMotifShift":false,"fittingStages":[{"optimizeFlankLength":true},{"optimizeMotifShift":false},{"optimizeMotifShiftHeuristic":false}],"optimizeMotifShiftHeuristic":false,"experimentSpecificPositionBias":true,"minSize":-1,"experimentSpecificActivity":true,"optimizeSize":false}]}}
{"metadata":{"timeStamp":"2023-04-01 12:21:33.104","logLikelihoodPerRead":1.2574413928265569,"logLikelihood":512157.38596503326,"gradientCalls":173,"fitSteps":170,"regularization":0.0035182455529200246,"functionCalls":0,"fitter":"proBound","fitName":"component1-1-f0","fitTime":20.904,"dataLoops":173},"optimizerSetting":{"output":{"outputPath":"/mnt/e/desktop/HB_Rotation_1/ProBound_run/TCF3_Yang2017/result","baseName":"fit"},"nThreads":12,"likelihoodThreshold":2.0E-4,"lbfgsSettings":{"memory":100,"convergence":1.0E-7,"MCSearch":true,"maxIters":2000},"lambdaL2":1.0E-6,"fixedLibrarySize":false,"expBound":40,"nRetries":3,"hkSettings":{"epsilon":1.0E-7,"kickFinal":false,"fdDelta":1.0E-4,"kickAll":false,"maxIters":200,"evCutoff":1.0E-9}},"modelSettings":{"enrichmentModel":[{"variationsOptimized":false,"bindingSaturation":false,"cumulativeEnrichment":true,"concentration":1,"modelType":"SELEX","bindingModeInteractions":[],"componentName":"SELEX enrichment model 0","freezingLevel":0,"includeComponent":true,"bindingModes":[0,1,2],"variationDescription":[],"modifications":[]}],"letterOrder":"ACGT","countTable":[{"leftFlank":"CGGAGTCGGCAAGCAGAAGACGGCATACGATGGG","variationsOptimized":true,"transliterate":{"in":[],"out":[]},"variableRegionLength":20,"countTableFile":"/mnt/e/countTables/Yang2017/TCF3_ESY_TACCCG20NCCC.100000.tsv","modeledColumns":[0,1,2,3,4],"inputFileType":"tsv","nColumns":5,"rightFlank":"CGGGTAGATCGGAAGAGCGTCG","componentName":"Count table 0","freezingLevel":0,"includeComponent":true,"variationDescription":[]}],"bindingModeInteractions":[],"bindingModes":[{"variationsOptimized":true,"fitLogActivity":true,"flankLength":0,"singleStrand":false,"variationName":"0;0;0","size":0,"dinucleotideDistance":0,"componentName":"Binding mode 0","freezingLevel":0,"positionBias":false,"includeComponent":true,"variationDescription":[{"variationName":"0;0;0","descriptionString":"Initial model."}],"modifications":[]},{"variationsOptimized":false,"fitLogActivity":true,"flankLength":0,"singleStrand":false,"variationName":"12;0;0","size":12,"dinucleotideDistance":0,"componentName":"Binding mode 1","freezingLevel":0,"positionBias":false,"includeComponent":true,"variationDescription":[],"modifications":[]},{"variationsOptimized":false,"fitLogActivity":true,"flankLength":0,"singleStrand":false,"variationName":"16;0;0","size":16,"dinucleotideDistance":0,"componentName":"Binding mode 2","freezingLevel":0,"positionBias":false,"includeComponent":false,"variationDescription":[],"modifications":[]}],"letterComplement":"C-G,A-T"},"coefficients":{"enrichmentModel":[{}],"countTable":[{"h":[4.191183477967927,1.7614398967018334,2.8774314967945984,-3.1096718514048187,-5.720383046171319]}],"bindingModeInteractions":[],"bindingModes":[{"mononucleotide":[],"activity":[[-5.067487304384437E-6,-0.5841966962933033,0.7190017832772401,0.26962373221370983,0.08987244722263842]],"dinucleotide":[],"modifications":[]},{"mononucleotide":[-0.477484112500213,0.40582060028405176,-0.17077350813313272,-0.34828232075762366,0.26415437209087916,-0.43907939760021847,-0.15676876760854985,-0.25902554804254746,-0.6378314340997003,0.019516663885783107,0.24061548362995536,-0.21302005450865924,-0.5233109600217567,0.007282700106742039,0.10925342139724072,-0.1834625107534239,-0.1891901119935056,-0.42939250661519585,-0.3690167414932323,0.39736201110564273,0.16635285626939153,-0.48157177616451685,0.6283224199643546,-0.9038228413069764,-0.9038228413069764,0.6283224199643546,-0.48157177616451685,0.16635285626939153,0.39736201110564273,-0.3690167414932323,-0.42939250661519585,-0.1891901119935056,-0.1834625107534239,0.10925342139724072,0.007282700106742039,-0.5233109600217567,-0.21302005450865924,0.24061548362995536,0.019516663885783107,-0.6378314340997003,-0.25902554804254746,-0.15676876760854985,-0.43907939760021847,0.26415437209087916,-0.34828232075762366,-0.17077350813313272,0.40582060028405176,-0.477484112500213],"activity":[[0.007419874612782168,-2.761326526748636,-1.4066157148009633,3.757270671107044,-0.18312213084469964]],"dinucleotide":[],"modifications":[]},{"mononucleotide":[0,0,0,0,0,0,0,0,0,0,0,0,0,0,0,0,0,0,0,0,0,0,0,0,0,0,0,0,0,0,0,0,0,0,0,0,0,0,0,0,0,0,0,0,0,0,0,0,0,0,0,0,0,0,0,0,0,0,0,0,0,0,0,0],"activity":[[0,0,0,0,0]],"dinucleotide":[],"modifications":[]}]},"modelFittingConstraints":{"enrichmentModel":[{"trySaturation":false}],"countTable":[{}],"bindingModes":[{"maxFlankLength":-1,"positionBiasBinWidth":1,"optimizeSizeHeuristic":false,"maxSize":-1,"optimizeFlankLength":false,"symmetryString":"null","roundSpecificActivity":true,"informationThreshold":0.1,"optimizeMotifShift":false,"fittingStages":[],"optimizeMotifShiftHeuristic":false,"experimentSpecificPositionBias":true,"minSize":-1,"experimentSpecificActivity":true,"optimizeSize":false},{"maxFlankLength":-1,"positionBiasBinWidth":1,"optimizeSizeHeuristic":false,"maxSize":-1,"optimizeFlankLength":true,"symmetryString":"abcdefFEDCBA","roundSpecificActivity":true,"informationThreshold":0.1,"optimizeMotifShift":false,"fittingStages":[{"optimizeFlankLength":true},{"optimizeMotifShift":false},{"optimizeMotifShiftHeuristic":false}],"optimizeMotifShiftHeuristic":false,"experimentSpecificPositionBias":true,"minSize":-1,"experimentSpecificActivity":true,"optimizeSize":false},{"maxFlankLength":-1,"positionBiasBinWidth":1,"optimizeSizeHeuristic":false,"maxSize":-1,"optimizeFlankLength":true,"symmetryString":"abcdefghHGFEDCBA","roundSpecificActivity":true,"informationThreshold":0.1,"optimizeMotifShift":false,"fittingStages":[{"optimizeFlankLength":true},{"optimizeMotifShift":false},{"optimizeMotifShiftHeuristic":false}],"optimizeMotifShiftHeuristic":false,"experimentSpecificPositionBias":true,"minSize":-1,"experimentSpecificActivity":true,"optimizeSize":false}]}}
{"metadata":{"timeStamp":"2023-04-01 12:21:33.254","logLikelihoodPerRead":1.2574413928265569,"logLikelihood":512157.38596503326,"gradientCalls":174,"fitSteps":173,"regularization":0.0035182455529200246,"functionCalls":0,"fitter":"proBound","fitName":"component1-2-variation0","fitTime":21.054,"dataLoops":174},"optimizerSetting":{"output":{"outputPath":"/mnt/e/desktop/HB_Rotation_1/ProBound_run/TCF3_Yang2017/result","baseName":"fit"},"nThreads":12,"likelihoodThreshold":2.0E-4,"lbfgsSettings":{"memory":100,"convergence":1.0E-7,"MCSearch":true,"maxIters":2000},"lambdaL2":1.0E-6,"fixedLibrarySize":false,"expBound":40,"nRetries":3,"hkSettings":{"epsilon":1.0E-7,"kickFinal":false,"fdDelta":1.0E-4,"kickAll":false,"maxIters":200,"evCutoff":1.0E-9}},"modelSettings":{"enrichmentModel":[{"variationsOptimized":false,"bindingSaturation":false,"cumulativeEnrichment":true,"concentration":1,"modelType":"SELEX","bindingModeInteractions":[],"componentName":"SELEX enrichment model 0","freezingLevel":0,"includeComponent":true,"bindingModes":[0,1,2],"variationDescription":[],"modifications":[]}],"letterOrder":"ACGT","countTable":[{"leftFlank":"CGGAGTCGGCAAGCAGAAGACGGCATACGATGGG","variationsOptimized":true,"transliterate":{"in":[],"out":[]},"variableRegionLength":20,"countTableFile":"/mnt/e/countTables/Yang2017/TCF3_ESY_TACCCG20NCCC.100000.tsv","modeledColumns":[0,1,2,3,4],"inputFileType":"tsv","nColumns":5,"rightFlank":"CGGGTAGATCGGAAGAGCGTCG","componentName":"Count table 0","freezingLevel":0,"includeComponent":true,"variationDescription":[]}],"bindingModeInteractions":[],"bindingModes":[{"variationsOptimized":true,"fitLogActivity":true,"flankLength":0,"singleStrand":false,"variationName":"0;0;0","size":0,"dinucleotideDistance":0,"componentName":"Binding mode 0","freezingLevel":0,"positionBias":false,"includeComponent":true,"variationDescription":[{"variationName":"0;0;0","descriptionString":"Initial model."}],"modifications":[]},{"variationsOptimized":false,"fitLogActivity":true,"flankLength":0,"singleStrand":false,"variationName":"12;0;0","size":12,"dinucleotideDistance":0,"componentName":"Binding mode 1","freezingLevel":0,"positionBias":false,"includeComponent":true,"variationDescription":[{"variationName":"12;0;0","descriptionString":"Initial model."}],"modifications":[]},{"variationsOptimized":false,"fitLogActivity":true,"flankLength":0,"singleStrand":false,"variationName":"16;0;0","size":16,"dinucleotideDistance":0,"componentName":"Binding mode 2","freezingLevel":0,"positionBias":false,"includeComponent":false,"variationDescription":[],"modifications":[]}],"letterComplement":"C-G,A-T"},"coefficients":{"enrichmentModel":[{}],"countTable":[{"h":[4.191183477967927,1.7614398967018334,2.8774314967945984,-3.1096718514048187,-5.720383046171319]}],"bindingModeInteractions":[],"bindingModes":[{"mononucleotide":[],"activity":[[-5.067487304384437E-6,-0.5841966962933033,0.7190017832772401,0.26962373221370983,0.08987244722263842]],"dinucleotide":[],"modifications":[]},{"mononucleotide":[-0.477484112500213,0.40582060028405176,-0.17077350813313272,-0.34828232075762366,0.26415437209087916,-0.43907939760021847,-0.15676876760854985,-0.25902554804254746,-0.6378314340997003,0.019516663885783107,0.24061548362995536,-0.21302005450865924,-0.5233109600217567,0.007282700106742039,0.10925342139724072,-0.1834625107534239,-0.1891901119935056,-0.42939250661519585,-0.3690167414932323,0.39736201110564273,0.16635285626939153,-0.48157177616451685,0.6283224199643546,-0.9038228413069764,-0.9038228413069764,0.6283224199643546,-0.48157177616451685,0.16635285626939153,0.39736201110564273,-0.3690167414932323,-0.42939250661519585,-0.1891901119935056,-0.1834625107534239,0.10925342139724072,0.007282700106742039,-0.5233109600217567,-0.21302005450865924,0.24061548362995536,0.019516663885783107,-0.6378314340997003,-0.25902554804254746,-0.15676876760854985,-0.43907939760021847,0.26415437209087916,-0.34828232075762366,-0.17077350813313272,0.40582060028405176,-0.477484112500213],"activity":[[0.007419874612782168,-2.761326526748636,-1.4066157148009633,3.757270671107044,-0.18312213084469964]],"dinucleotide":[],"modifications":[]},{"mononucleotide":[0,0,0,0,0,0,0,0,0,0,0,0,0,0,0,0,0,0,0,0,0,0,0,0,0,0,0,0,0,0,0,0,0,0,0,0,0,0,0,0,0,0,0,0,0,0,0,0,0,0,0,0,0,0,0,0,0,0,0,0,0,0,0,0],"activity":[[0,0,0,0,0]],"dinucleotide":[],"modifications":[]}]},"modelFittingConstraints":{"enrichmentModel":[{"trySaturation":false}],"countTable":[{}],"bindingModes":[{"maxFlankLength":-1,"positionBiasBinWidth":1,"optimizeSizeHeuristic":false,"maxSize":-1,"optimizeFlankLength":false,"symmetryString":"null","roundSpecificActivity":true,"informationThreshold":0.1,"optimizeMotifShift":false,"fittingStages":[],"optimizeMotifShiftHeuristic":false,"experimentSpecificPositionBias":true,"minSize":-1,"experimentSpecificActivity":true,"optimizeSize":false},{"maxFlankLength":-1,"positionBiasBinWidth":1,"optimizeSizeHeuristic":false,"maxSize":-1,"optimizeFlankLength":true,"symmetryString":"abcdefFEDCBA","roundSpecificActivity":true,"informationThreshold":0.1,"optimizeMotifShift":false,"fittingStages":[{"optimizeFlankLength":true},{"optimizeMotifShift":false},{"optimizeMotifShiftHeuristic":false}],"optimizeMotifShiftHeuristic":false,"experimentSpecificPositionBias":true,"minSize":-1,"experimentSpecificActivity":true,"optimizeSize":false},{"maxFlankLength":-1,"positionBiasBinWidth":1,"optimizeSizeHeuristic":false,"maxSize":-1,"optimizeFlankLength":true,"symmetryString":"abcdefghHGFEDCBA","roundSpecificActivity":true,"informationThreshold":0.1,"optimizeMotifShift":false,"fittingStages":[{"optimizeFlankLength":true},{"optimizeMotifShift":false},{"optimizeMotifShiftHeuristic":false}],"optimizeMotifShiftHeuristic":false,"experimentSpecificPositionBias":true,"minSize":-1,"experimentSpecificActivity":true,"optimizeSize":false}]}}
{"metadata":{"timeStamp":"2023-04-01 12:21:45.82","logLikelihoodPerRead":1.2625280424534304,"logLikelihood":514226.2380607478,"gradientCalls":249,"fitSteps":248,"regularization":0.0035396913924580467,"functionCalls":0,"fitter":"proBound","fitName":"component1-2-variation1","fitTime":33.62,"dataLoops":249},"optimizerSetting":{"output":{"outputPath":"/mnt/e/desktop/HB_Rotation_1/ProBound_run/TCF3_Yang2017/result","baseName":"fit"},"nThreads":12,"likelihoodThreshold":2.0E-4,"lbfgsSettings":{"memory":100,"convergence":1.0E-7,"MCSearch":true,"maxIters":2000},"lambdaL2":1.0E-6,"fixedLibrarySize":false,"expBound":40,"nRetries":3,"hkSettings":{"epsilon":1.0E-7,"kickFinal":false,"fdDelta":1.0E-4,"kickAll":false,"maxIters":200,"evCutoff":1.0E-9}},"modelSettings":{"enrichmentModel":[{"variationsOptimized":false,"bindingSaturation":false,"cumulativeEnrichment":true,"concentration":1,"modelType":"SELEX","bindingModeInteractions":[],"componentName":"SELEX enrichment model 0","freezingLevel":0,"includeComponent":true,"bindingModes":[0,1,2],"variationDescription":[],"modifications":[]}],"letterOrder":"ACGT","countTable":[{"leftFlank":"CGGAGTCGGCAAGCAGAAGACGGCATACGATGGG","variationsOptimized":true,"transliterate":{"in":[],"out":[]},"variableRegionLength":20,"countTableFile":"/mnt/e/countTables/Yang2017/TCF3_ESY_TACCCG20NCCC.100000.tsv","modeledColumns":[0,1,2,3,4],"inputFileType":"tsv","nColumns":5,"rightFlank":"CGGGTAGATCGGAAGAGCGTCG","componentName":"Count table 0","freezingLevel":0,"includeComponent":true,"variationDescription":[]}],"bindingModeInteractions":[],"bindingModes":[{"variationsOptimized":true,"fitLogActivity":true,"flankLength":0,"singleStrand":false,"variationName":"0;0;0","size":0,"dinucleotideDistance":0,"componentName":"Binding mode 0","freezingLevel":0,"positionBias":false,"includeComponent":true,"variationDescription":[{"variationName":"0;0;0","descriptionString":"Initial model."}],"modifications":[]},{"variationsOptimized":false,"fitLogActivity":true,"flankLength":1,"singleStrand":false,"variationName":"12;0;0","size":12,"dinucleotideDistance":0,"componentName":"Binding mode 1","freezingLevel":0,"positionBias":false,"includeComponent":true,"variationDescription":[{"variationName":"12;1;0","descriptionString":"Increases flank length."},{"variationName":"12;0;0","descriptionString":"Initial model."}],"modifications":[]},{"variationsOptimized":false,"fitLogActivity":true,"flankLength":0,"singleStrand":false,"variationName":"16;0;0","size":16,"dinucleotideDistance":0,"componentName":"Binding mode 2","freezingLevel":0,"positionBias":false,"includeComponent":false,"variationDescription":[],"modifications":[]}],"letterComplement":"C-G,A-T"},"coefficients":{"enrichmentModel":[{}],"countTable":[{"h":[3.246236525743617,0.9185971051325336,2.1756479155106385,-2.4738072732476204,-3.8666742918550696]}],"bindingModeInteractions":[],"bindingModes":[{"mononucleotide":[],"activity":[[-5.067487304384437E-6,-0.5841966962933033,0.7190017832772401,0.26962373221370983,0.08987244722263842]],"dinucleotide":[],"modifications":[]},{"mononucleotide":[-0.6975260437109637,0.37368763744893235,-0.360024936151806,-0.3400413972444685,0.22186063153485908,-0.6051996734300394,-0.25137459772852755,-0.38919109998349105,-0.685606650940967,-0.11658988365536806,0.13760537468199757,-0.35931357970707983,-0.6252670277313768,0.016933897621420113,0.023048515839902632,-0.4384053105189579,-0.11484202751119112,-0.5110156021508632,-0.7071798005251266,0.30934750552080864,0.09536694287607471,-0.3652160433122224,0.6728659941827104,-1.4269216334444939,-1.4269216334444939,0.6728659941827104,-0.3652160433122224,0.09536694287607471,0.30934750552080864,-0.7071798005251266,-0.5110156021508632,-0.11484202751119112,-0.4384053105189579,0.023048515839902632,0.016933897621420113,-0.6252670277313768,-0.35931357970707983,0.13760537468199757,-0.11658988365536806,-0.685606650940967,-0.38919109998349105,-0.25137459772852755,-0.6051996734300394,0.22186063153485908,-0.3400413972444685,-0.360024936151806,0.37368763744893235,-0.6975260437109637],"activity":[[0.005335805240279246,-2.18009746591937,-0.9157366909400404,3.203542080159166,-0.9590031200341329]],"dinucleotide":[],"modifications":[]},{"mononucleotide":[0,0,0,0,0,0,0,0,0,0,0,0,0,0,0,0,0,0,0,0,0,0,0,0,0,0,0,0,0,0,0,0,0,0,0,0,0,0,0,0,0,0,0,0,0,0,0,0,0,0,0,0,0,0,0,0,0,0,0,0,0,0,0,0],"activity":[[0,0,0,0,0]],"dinucleotide":[],"modifications":[]}]},"modelFittingConstraints":{"enrichmentModel":[{"trySaturation":false}],"countTable":[{}],"bindingModes":[{"maxFlankLength":-1,"positionBiasBinWidth":1,"optimizeSizeHeuristic":false,"maxSize":-1,"optimizeFlankLength":false,"symmetryString":"null","roundSpecificActivity":true,"informationThreshold":0.1,"optimizeMotifShift":false,"fittingStages":[],"optimizeMotifShiftHeuristic":false,"experimentSpecificPositionBias":true,"minSize":-1,"experimentSpecificActivity":true,"optimizeSize":false},{"maxFlankLength":-1,"positionBiasBinWidth":1,"optimizeSizeHeuristic":false,"maxSize":-1,"optimizeFlankLength":true,"symmetryString":"abcdefFEDCBA","roundSpecificActivity":true,"informationThreshold":0.1,"optimizeMotifShift":false,"fittingStages":[{"optimizeFlankLength":true},{"optimizeMotifShift":false},{"optimizeMotifShiftHeuristic":false}],"optimizeMotifShiftHeuristic":false,"experimentSpecificPositionBias":true,"minSize":-1,"experimentSpecificActivity":true,"optimizeSize":false},{"maxFlankLength":-1,"positionBiasBinWidth":1,"optimizeSizeHeuristic":false,"maxSize":-1,"optimizeFlankLength":true,"symmetryString":"abcdefghHGFEDCBA","roundSpecificActivity":true,"informationThreshold":0.1,"optimizeMotifShift":false,"fittingStages":[{"optimizeFlankLength":true},{"optimizeMotifShift":false},{"optimizeMotifShiftHeuristic":false}],"optimizeMotifShiftHeuristic":false,"experimentSpecificPositionBias":true,"minSize":-1,"experimentSpecificActivity":true,"optimizeSize":false}]}}
{"metadata":{"timeStamp":"2023-04-01 12:21:55.11","logLikelihoodPerRead":1.257368738132381,"logLikelihood":512150.88136162807,"gradientCalls":314,"fitSteps":311,"regularization":0.0034615161836487546,"functionCalls":0,"fitter":"proBound","fitName":"component1-4-all","fitTime":42.91,"dataLoops":314},"optimizerSetting":{"output":{"outputPath":"/mnt/e/desktop/HB_Rotation_1/ProBound_run/TCF3_Yang2017/result","baseName":"fit"},"nThreads":12,"likelihoodThreshold":2.0E-4,"lbfgsSettings":{"memory":100,"convergence":1.0E-7,"MCSearch":true,"maxIters":2000},"lambdaL2":1.0E-6,"fixedLibrarySize":false,"expBound":40,"nRetries":3,"hkSettings":{"epsilon":1.0E-7,"kickFinal":false,"fdDelta":1.0E-4,"kickAll":false,"maxIters":200,"evCutoff":1.0E-9}},"modelSettings":{"enrichmentModel":[{"variationsOptimized":false,"bindingSaturation":false,"cumulativeEnrichment":true,"concentration":1,"modelType":"SELEX","bindingModeInteractions":[],"componentName":"SELEX enrichment model 0","freezingLevel":0,"includeComponent":true,"bindingModes":[0,1,2],"variationDescription":[],"modifications":[]}],"letterOrder":"ACGT","countTable":[{"leftFlank":"CGGAGTCGGCAAGCAGAAGACGGCATACGATGGG","variationsOptimized":true,"transliterate":{"in":[],"out":[]},"variableRegionLength":20,"countTableFile":"/mnt/e/countTables/Yang2017/TCF3_ESY_TACCCG20NCCC.100000.tsv","modeledColumns":[0,1,2,3,4],"inputFileType":"tsv","nColumns":5,"rightFlank":"CGGGTAGATCGGAAGAGCGTCG","componentName":"Count table 0","freezingLevel":0,"includeComponent":true,"variationDescription":[]}],"bindingModeInteractions":[],"bindingModes":[{"variationsOptimized":true,"fitLogActivity":true,"flankLength":0,"singleStrand":false,"variationName":"0;0;0","size":0,"dinucleotideDistance":0,"componentName":"Binding mode 0","freezingLevel":0,"positionBias":false,"includeComponent":true,"variationDescription":[{"variationName":"0;0;0","descriptionString":"Initial model."}],"modifications":[]},{"variationsOptimized":true,"fitLogActivity":true,"flankLength":0,"singleStrand":false,"variationName":"12;0;0","size":12,"dinucleotideDistance":0,"componentName":"Binding mode 1","freezingLevel":0,"positionBias":false,"includeComponent":true,"variationDescription":[{"variationName":"12;1;0","descriptionString":"Increases flank length."},{"variationName":"12;0;0","descriptionString":"Initial model."}],"modifications":[]},{"variationsOptimized":false,"fitLogActivity":true,"flankLength":0,"singleStrand":false,"variationName":"16;0;0","size":16,"dinucleotideDistance":0,"componentName":"Binding mode 2","freezingLevel":0,"positionBias":false,"includeComponent":false,"variationDescription":[],"modifications":[]}],"letterComplement":"C-G,A-T"},"coefficients":{"enrichmentModel":[{}],"countTable":[{"h":[1.8484659583834946,-0.5957422754041374,1.5250481636842175,-0.8824002337173121,-1.8953716127252307]}],"bindingModeInteractions":[],"bindingModes":[{"mononucleotide":[],"activity":[[-2.713079301168911E-8,-0.5709907594437087,-0.2903620178658995,-4.361964436526809,-1.5647835131487164]],"dinucleotide":[],"modifications":[]},{"mononucleotide":[-0.598361217599953,0.28241850590796747,-0.29335009743007084,-0.47049598151543426,0.14102442779804156,-0.5606421346897933,-0.27919659367023186,-0.3809744902166977,-0.7591436566752899,-0.10320256991908348,0.11752394596228703,-0.3349665100418993,-0.6450534715736028,-0.11596559424059193,-0.01380059576316932,-0.3053081796861412,-0.3118917770589546,-0.5518204145838108,-0.49048576507812597,0.27407011539332166,0.04303501897277318,-0.6044812579749538,0.5038481864623089,-1.0221907380402344,-1.0221907380402344,0.5038481864623089,-0.6044812579749538,0.04303501897277318,0.27407011539332166,-0.49048576507812597,-0.5518204145838108,-0.3118917770589546,-0.3053081796861412,-0.01380059576316932,-0.11596559424059193,-0.6450534715736028,-0.3349665100418993,0.11752394596228703,-0.10320256991908348,-0.7591436566752899,-0.3809744902166977,-0.27919659367023186,-0.5606421346897933,0.14102442779804156,-0.47049598151543426,-0.29335009743007084,0.28241850590796747,-0.598361217599953],"activity":[[3.9725216443619467E-5,-1.2729476243230287,-0.9341733668398361,1.6530273232812058,-0.30046102881759335]],"dinucleotide":[],"modifications":[]},{"mononucleotide":[0,0,0,0,0,0,0,0,0,0,0,0,0,0,0,0,0,0,0,0,0,0,0,0,0,0,0,0,0,0,0,0,0,0,0,0,0,0,0,0,0,0,0,0,0,0,0,0,0,0,0,0,0,0,0,0,0,0,0,0,0,0,0,0],"activity":[[0,0,0,0,0]],"dinucleotide":[],"modifications":[]}]},"modelFittingConstraints":{"enrichmentModel":[{"trySaturation":false}],"countTable":[{}],"bindingModes":[{"maxFlankLength":-1,"positionBiasBinWidth":1,"optimizeSizeHeuristic":false,"maxSize":-1,"optimizeFlankLength":false,"symmetryString":"null","roundSpecificActivity":true,"informationThreshold":0.1,"optimizeMotifShift":false,"fittingStages":[],"optimizeMotifShiftHeuristic":false,"experimentSpecificPositionBias":true,"minSize":-1,"experimentSpecificActivity":true,"optimizeSize":false},{"maxFlankLength":-1,"positionBiasBinWidth":1,"optimizeSizeHeuristic":false,"maxSize":-1,"optimizeFlankLength":false,"symmetryString":"abcdefFEDCBA","roundSpecificActivity":true,"informationThreshold":0.1,"optimizeMotifShift":false,"fittingStages":[{"optimizeFlankLength":true},{"optimizeMotifShift":false},{"optimizeMotifShiftHeuristic":false}],"optimizeMotifShiftHeuristic":false,"experimentSpecificPositionBias":true,"minSize":-1,"experimentSpecificActivity":true,"optimizeSize":false},{"maxFlankLength":-1,"positionBiasBinWidth":1,"optimizeSizeHeuristic":false,"maxSize":-1,"optimizeFlankLength":true,"symmetryString":"abcdefghHGFEDCBA","roundSpecificActivity":true,"informationThreshold":0.1,"optimizeMotifShift":false,"fittingStages":[{"optimizeFlankLength":true},{"optimizeMotifShift":false},{"optimizeMotifShiftHeuristic":false}],"optimizeMotifShiftHeuristic":false,"experimentSpecificPositionBias":true,"minSize":-1,"experimentSpecificActivity":true,"optimizeSize":false}]}}
{"metadata":{"timeStamp":"2023-04-01 12:21:56.251","logLikelihoodPerRead":1.2620679682128093,"logLikelihood":515449.55126138555,"gradientCalls":326,"fitSteps":324,"regularization":8.455981071370948E-5,"functionCalls":0,"fitter":"proBound","fitName":"component2-0-h","fitTime":44.051,"dataLoops":326},"optimizerSetting":{"output":{"outputPath":"/mnt/e/desktop/HB_Rotation_1/ProBound_run/TCF3_Yang2017/result","baseName":"fit"},"nThreads":12,"likelihoodThreshold":2.0E-4,"lbfgsSettings":{"memory":100,"convergence":1.0E-7,"MCSearch":true,"maxIters":2000},"lambdaL2":1.0E-6,"fixedLibrarySize":false,"expBound":40,"nRetries":3,"hkSettings":{"epsilon":1.0E-7,"kickFinal":false,"fdDelta":1.0E-4,"kickAll":false,"maxIters":200,"evCutoff":1.0E-9}},"modelSettings":{"enrichmentModel":[{"variationsOptimized":false,"bindingSaturation":false,"cumulativeEnrichment":true,"concentration":1,"modelType":"SELEX","bindingModeInteractions":[],"componentName":"SELEX enrichment model 0","freezingLevel":0,"includeComponent":true,"bindingModes":[0,1,2],"variationDescription":[],"modifications":[]}],"letterOrder":"ACGT","countTable":[{"leftFlank":"CGGAGTCGGCAAGCAGAAGACGGCATACGATGGG","variationsOptimized":true,"transliterate":{"in":[],"out":[]},"variableRegionLength":20,"countTableFile":"/mnt/e/countTables/Yang2017/TCF3_ESY_TACCCG20NCCC.100000.tsv","modeledColumns":[0,1,2,3,4],"inputFileType":"tsv","nColumns":5,"rightFlank":"CGGGTAGATCGGAAGAGCGTCG","componentName":"Count table 0","freezingLevel":0,"includeComponent":true,"variationDescription":[]}],"bindingModeInteractions":[],"bindingModes":[{"variationsOptimized":true,"fitLogActivity":true,"flankLength":0,"singleStrand":false,"variationName":"0;0;0","size":0,"dinucleotideDistance":0,"componentName":"Binding mode 0","freezingLevel":0,"positionBias":false,"includeComponent":true,"variationDescription":[{"variationName":"0;0;0","descriptionString":"Initial model."}],"modifications":[]},{"variationsOptimized":true,"fitLogActivity":true,"flankLength":0,"singleStrand":false,"variationName":"12;0;0","size":12,"dinucleotideDistance":0,"componentName":"Binding mode 1","freezingLevel":0,"positionBias":false,"includeComponent":true,"variationDescription":[{"variationName":"12;1;0","descriptionString":"Increases flank length."},{"variationName":"12;0;0","descriptionString":"Initial model."}],"modifications":[]},{"variationsOptimized":false,"fitLogActivity":true,"flankLength":0,"singleStrand":false,"variationName":"16;0;0","size":16,"dinucleotideDistance":0,"componentName":"Binding mode 2","freezingLevel":0,"positionBias":false,"includeComponent":true,"variationDescription":[],"modifications":[]}],"letterComplement":"C-G,A-T"},"coefficients":{"enrichmentModel":[{}],"countTable":[{"h":[3.02145392090473,-0.25648004471376423,1.0925261066829273,-1.339212434720964,-2.5182875479319557]}],"bindingModeInteractions":[],"bindingModes":[{"mononucleotide":[],"activity":[[-2.713079301168911E-8,-0.5709907594437087,-0.2903620178658995,-4.361964436526809,-1.5647835131487164]],"dinucleotide":[],"modifications":[]},{"mononucleotide":[-0.598361217599953,0.28241850590796747,-0.29335009743007084,-0.47049598151543426,0.14102442779804156,-0.5606421346897933,-0.27919659367023186,-0.3809744902166977,-0.7591436566752899,-0.10320256991908348,0.11752394596228703,-0.3349665100418993,-0.6450534715736028,-0.11596559424059193,-0.01380059576316932,-0.3053081796861412,-0.3118917770589546,-0.5518204145838108,-0.49048576507812597,0.27407011539332166,0.04303501897277318,-0.6044812579749538,0.5038481864623089,-1.0221907380402344,-1.0221907380402344,0.5038481864623089,-0.6044812579749538,0.04303501897277318,0.27407011539332166,-0.49048576507812597,-0.5518204145838108,-0.3118917770589546,-0.3053081796861412,-0.01380059576316932,-0.11596559424059193,-0.6450534715736028,-0.3349665100418993,0.11752394596228703,-0.10320256991908348,-0.7591436566752899,-0.3809744902166977,-0.27919659367023186,-0.5606421346897933,0.14102442779804156,-0.47049598151543426,-0.29335009743007084,0.28241850590796747,-0.598361217599953],"activity":[[3.9725216443619467E-5,-1.2729476243230287,-0.9341733668398361,1.6530273232812058,-0.30046102881759335]],"dinucleotide":[],"modifications":[]},{"mononucleotide":[0,0,0,0,0,0,0,0,0,0,0,0,0,0,0,0,0,0,0,0,0,0,0,0,0,0,0,0,0,0,0,0,0,0,0,0,0,0,0,0,0,0,0,0,0,0,0,0,0,0,0,0,0,0,0,0,0,0,0,0,0,0,0,0],"activity":[[-1.5241477241828687,-2.1133827446509517,-1.8316715469454448,-3.1361742337870346,-3.0017830103347767]],"dinucleotide":[],"modifications":[]}]},"modelFittingConstraints":{"enrichmentModel":[{"trySaturation":false}],"countTable":[{}],"bindingModes":[{"maxFlankLength":-1,"positionBiasBinWidth":1,"optimizeSizeHeuristic":false,"maxSize":-1,"optimizeFlankLength":false,"symmetryString":"null","roundSpecificActivity":true,"informationThreshold":0.1,"optimizeMotifShift":false,"fittingStages":[],"optimizeMotifShiftHeuristic":false,"experimentSpecificPositionBias":true,"minSize":-1,"experimentSpecificActivity":true,"optimizeSize":false},{"maxFlankLength":-1,"positionBiasBinWidth":1,"optimizeSizeHeuristic":false,"maxSize":-1,"optimizeFlankLength":false,"symmetryString":"abcdefFEDCBA","roundSpecificActivity":true,"informationThreshold":0.1,"optimizeMotifShift":false,"fittingStages":[{"optimizeFlankLength":true},{"optimizeMotifShift":false},{"optimizeMotifShiftHeuristic":false}],"optimizeMotifShiftHeuristic":false,"experimentSpecificPositionBias":true,"minSize":-1,"experimentSpecificActivity":true,"optimizeSize":false},{"maxFlankLength":-1,"positionBiasBinWidth":1,"optimizeSizeHeuristic":false,"maxSize":-1,"optimizeFlankLength":true,"symmetryString":"abcdefghHGFEDCBA","roundSpecificActivity":true,"informationThreshold":0.1,"optimizeMotifShift":false,"fittingStages":[{"optimizeFlankLength":true},{"optimizeMotifShift":false},{"optimizeMotifShiftHeuristic":false}],"optimizeMotifShiftHeuristic":false,"experimentSpecificPositionBias":true,"minSize":-1,"experimentSpecificActivity":true,"optimizeSize":false}]}}
{"metadata":{"timeStamp":"2023-04-01 12:22:08.611","logLikelihoodPerRead":1.210236941051482,"logLikelihood":492391.6862052714,"gradientCalls":409,"fitSteps":404,"regularization":0.004706473704008608,"functionCalls":0,"fitter":"proBound","fitName":"component2-1-f0","fitTime":56.411,"dataLoops":409},"optimizerSetting":{"output":{"outputPath":"/mnt/e/desktop/HB_Rotation_1/ProBound_run/TCF3_Yang2017/result","baseName":"fit"},"nThreads":12,"likelihoodThreshold":2.0E-4,"lbfgsSettings":{"memory":100,"convergence":1.0E-7,"MCSearch":true,"maxIters":2000},"lambdaL2":1.0E-6,"fixedLibrarySize":false,"expBound":40,"nRetries":3,"hkSettings":{"epsilon":1.0E-7,"kickFinal":false,"fdDelta":1.0E-4,"kickAll":false,"maxIters":200,"evCutoff":1.0E-9}},"modelSettings":{"enrichmentModel":[{"variationsOptimized":false,"bindingSaturation":false,"cumulativeEnrichment":true,"concentration":1,"modelType":"SELEX","bindingModeInteractions":[],"componentName":"SELEX enrichment model 0","freezingLevel":0,"includeComponent":true,"bindingModes":[0,1,2],"variationDescription":[],"modifications":[]}],"letterOrder":"ACGT","countTable":[{"leftFlank":"CGGAGTCGGCAAGCAGAAGACGGCATACGATGGG","variationsOptimized":true,"transliterate":{"in":[],"out":[]},"variableRegionLength":20,"countTableFile":"/mnt/e/countTables/Yang2017/TCF3_ESY_TACCCG20NCCC.100000.tsv","modeledColumns":[0,1,2,3,4],"inputFileType":"tsv","nColumns":5,"rightFlank":"CGGGTAGATCGGAAGAGCGTCG","componentName":"Count table 0","freezingLevel":0,"includeComponent":true,"variationDescription":[]}],"bindingModeInteractions":[],"bindingModes":[{"variationsOptimized":true,"fitLogActivity":true,"flankLength":0,"singleStrand":false,"variationName":"0;0;0","size":0,"dinucleotideDistance":0,"componentName":"Binding mode 0","freezingLevel":0,"positionBias":false,"includeComponent":true,"variationDescription":[{"variationName":"0;0;0","descriptionString":"Initial model."}],"modifications":[]},{"variationsOptimized":true,"fitLogActivity":true,"flankLength":0,"singleStrand":false,"variationName":"12;0;0","size":12,"dinucleotideDistance":0,"componentName":"Binding mode 1","freezingLevel":0,"positionBias":false,"includeComponent":true,"variationDescription":[{"variationName":"12;1;0","descriptionString":"Increases flank length."},{"variationName":"12;0;0","descriptionString":"Initial model."}],"modifications":[]},{"variationsOptimized":false,"fitLogActivity":true,"flankLength":0,"singleStrand":false,"variationName":"16;0;0","size":16,"dinucleotideDistance":0,"componentName":"Binding mode 2","freezingLevel":0,"positionBias":false,"includeComponent":true,"variationDescription":[],"modifications":[]}],"letterComplement":"C-G,A-T"},"coefficients":{"enrichmentModel":[{}],"countTable":[{"h":[2.202803766825111,-0.3001906845611978,1.7381128684870988,-1.0281009244022326,-2.6126250263408206]}],"bindingModeInteractions":[],"bindingModes":[{"mononucleotide":[],"activity":[[-2.713079301168911E-8,-0.5709907594437087,-0.2903620178658995,-4.361964436526809,-1.5647835131487164]],"dinucleotide":[],"modifications":[]},{"mononucleotide":[-0.598361217599953,0.28241850590796747,-0.29335009743007084,-0.47049598151543426,0.14102442779804156,-0.5606421346897933,-0.27919659367023186,-0.3809744902166977,-0.7591436566752899,-0.10320256991908348,0.11752394596228703,-0.3349665100418993,-0.6450534715736028,-0.11596559424059193,-0.01380059576316932,-0.3053081796861412,-0.3118917770589546,-0.5518204145838108,-0.49048576507812597,0.27407011539332166,0.04303501897277318,-0.6044812579749538,0.5038481864623089,-1.0221907380402344,-1.0221907380402344,0.5038481864623089,-0.6044812579749538,0.04303501897277318,0.27407011539332166,-0.49048576507812597,-0.5518204145838108,-0.3118917770589546,-0.3053081796861412,-0.01380059576316932,-0.11596559424059193,-0.6450534715736028,-0.3349665100418993,0.11752394596228703,-0.10320256991908348,-0.7591436566752899,-0.3809744902166977,-0.27919659367023186,-0.5606421346897933,0.14102442779804156,-0.47049598151543426,-0.29335009743007084,0.28241850590796747,-0.598361217599953],"activity":[[3.9725216443619467E-5,-1.2729476243230287,-0.9341733668398361,1.6530273232812058,-0.30046102881759335]],"dinucleotide":[],"modifications":[]},{"mononucleotide":[-0.18064138240506536,0.37392304045665065,-0.4102692042752235,-0.9379547861377631,0.239855561877887,-0.29627779272878313,-0.38403540602706554,-0.7144846954783134,-0.8234184466807186,-0.03348961758343396,0.04707823599754301,-0.3451125040943646,-0.9338780326074337,0.04830087872530706,0.043201847433134016,-0.31256702589434276,-0.08718001459175474,-1.6546846834791955,0.08108087352558117,0.5058414921802823,-1.1013833822307206,-0.053453377687860584,0.45085714825740764,-0.45096272070264215,-0.25174273178349754,-0.30845398348229125,-0.4666530949141827,-0.1280925221816545,-0.47566952101286736,-0.25377615291259686,-0.39205728940429885,-0.03343936902157525,-0.03343936902157525,-0.39205728940429885,-0.25377615291259686,-0.47566952101286736,-0.1280925221816545,-0.4666530949141827,-0.30845398348229125,-0.25174273178349754,-0.45096272070264215,0.45085714825740764,-0.053453377687860584,-1.1013833822307206,0.5058414921802823,0.08108087352558117,-1.6546846834791955,-0.08718001459175474,-0.31256702589434276,0.043201847433134016,0.04830087872530706,-0.9338780326074337,-0.3451125040943646,0.04707823599754301,-0.03348961758343396,-0.8234184466807186,-0.7144846954783134,-0.38403540602706554,-0.29627779272878313,0.239855561877887,-0.9379547861377631,-0.4102692042752235,0.37392304045665065,-0.18064138240506536],"activity":[[-0.039657229442590126,-1.8228988397163113,-1.4538753587841302,1.8397881447270483,0.3080829353556877]],"dinucleotide":[],"modifications":[]}]},"modelFittingConstraints":{"enrichmentModel":[{"trySaturation":false}],"countTable":[{}],"bindingModes":[{"maxFlankLength":-1,"positionBiasBinWidth":1,"optimizeSizeHeuristic":false,"maxSize":-1,"optimizeFlankLength":false,"symmetryString":"null","roundSpecificActivity":true,"informationThreshold":0.1,"optimizeMotifShift":false,"fittingStages":[],"optimizeMotifShiftHeuristic":false,"experimentSpecificPositionBias":true,"minSize":-1,"experimentSpecificActivity":true,"optimizeSize":false},{"maxFlankLength":-1,"positionBiasBinWidth":1,"optimizeSizeHeuristic":false,"maxSize":-1,"optimizeFlankLength":false,"symmetryString":"abcdefFEDCBA","roundSpecificActivity":true,"informationThreshold":0.1,"optimizeMotifShift":false,"fittingStages":[{"optimizeFlankLength":true},{"optimizeMotifShift":false},{"optimizeMotifShiftHeuristic":false}],"optimizeMotifShiftHeuristic":false,"experimentSpecificPositionBias":true,"minSize":-1,"experimentSpecificActivity":true,"optimizeSize":false},{"maxFlankLength":-1,"positionBiasBinWidth":1,"optimizeSizeHeuristic":false,"maxSize":-1,"optimizeFlankLength":true,"symmetryString":"abcdefghHGFEDCBA","roundSpecificActivity":true,"informationThreshold":0.1,"optimizeMotifShift":false,"fittingStages":[{"optimizeFlankLength":true},{"optimizeMotifShift":false},{"optimizeMotifShiftHeuristic":false}],"optimizeMotifShiftHeuristic":false,"experimentSpecificPositionBias":true,"minSize":-1,"experimentSpecificActivity":true,"optimizeSize":false}]}}
{"metadata":{"timeStamp":"2023-04-01 12:22:08.771","logLikelihoodPerRead":1.210236941051482,"logLikelihood":492391.6862052714,"gradientCalls":410,"fitSteps":407,"regularization":0.004706473704008608,"functionCalls":0,"fitter":"proBound","fitName":"component2-2-variation0","fitTime":56.571,"dataLoops":410},"optimizerSetting":{"output":{"outputPath":"/mnt/e/desktop/HB_Rotation_1/ProBound_run/TCF3_Yang2017/result","baseName":"fit"},"nThreads":12,"likelihoodThreshold":2.0E-4,"lbfgsSettings":{"memory":100,"convergence":1.0E-7,"MCSearch":true,"maxIters":2000},"lambdaL2":1.0E-6,"fixedLibrarySize":false,"expBound":40,"nRetries":3,"hkSettings":{"epsilon":1.0E-7,"kickFinal":false,"fdDelta":1.0E-4,"kickAll":false,"maxIters":200,"evCutoff":1.0E-9}},"modelSettings":{"enrichmentModel":[{"variationsOptimized":false,"bindingSaturation":false,"cumulativeEnrichment":true,"concentration":1,"modelType":"SELEX","bindingModeInteractions":[],"componentName":"SELEX enrichment model 0","freezingLevel":0,"includeComponent":true,"bindingModes":[0,1,2],"variationDescription":[],"modifications":[]}],"letterOrder":"ACGT","countTable":[{"leftFlank":"CGGAGTCGGCAAGCAGAAGACGGCATACGATGGG","variationsOptimized":true,"transliterate":{"in":[],"out":[]},"variableRegionLength":20,"countTableFile":"/mnt/e/countTables/Yang2017/TCF3_ESY_TACCCG20NCCC.100000.tsv","modeledColumns":[0,1,2,3,4],"inputFileType":"tsv","nColumns":5,"rightFlank":"CGGGTAGATCGGAAGAGCGTCG","componentName":"Count table 0","freezingLevel":0,"includeComponent":true,"variationDescription":[]}],"bindingModeInteractions":[],"bindingModes":[{"variationsOptimized":true,"fitLogActivity":true,"flankLength":0,"singleStrand":false,"variationName":"0;0;0","size":0,"dinucleotideDistance":0,"componentName":"Binding mode 0","freezingLevel":0,"positionBias":false,"includeComponent":true,"variationDescription":[{"variationName":"0;0;0","descriptionString":"Initial model."}],"modifications":[]},{"variationsOptimized":true,"fitLogActivity":true,"flankLength":0,"singleStrand":false,"variationName":"12;0;0","size":12,"dinucleotideDistance":0,"componentName":"Binding mode 1","freezingLevel":0,"positionBias":false,"includeComponent":true,"variationDescription":[{"variationName":"12;1;0","descriptionString":"Increases flank length."},{"variationName":"12;0;0","descriptionString":"Initial model."}],"modifications":[]},{"variationsOptimized":false,"fitLogActivity":true,"flankLength":0,"singleStrand":false,"variationName":"16;0;0","size":16,"dinucleotideDistance":0,"componentName":"Binding mode 2","freezingLevel":0,"positionBias":false,"includeComponent":true,"variationDescription":[{"variationName":"16;0;0","descriptionString":"Initial model."}],"modifications":[]}],"letterComplement":"C-G,A-T"},"coefficients":{"enrichmentModel":[{}],"countTable":[{"h":[2.202803766825111,-0.3001906845611978,1.7381128684870988,-1.0281009244022326,-2.6126250263408206]}],"bindingModeInteractions":[],"bindingModes":[{"mononucleotide":[],"activity":[[-2.713079301168911E-8,-0.5709907594437087,-0.2903620178658995,-4.361964436526809,-1.5647835131487164]],"dinucleotide":[],"modifications":[]},{"mononucleotide":[-0.598361217599953,0.28241850590796747,-0.29335009743007084,-0.47049598151543426,0.14102442779804156,-0.5606421346897933,-0.27919659367023186,-0.3809744902166977,-0.7591436566752899,-0.10320256991908348,0.11752394596228703,-0.3349665100418993,-0.6450534715736028,-0.11596559424059193,-0.01380059576316932,-0.3053081796861412,-0.3118917770589546,-0.5518204145838108,-0.49048576507812597,0.27407011539332166,0.04303501897277318,-0.6044812579749538,0.5038481864623089,-1.0221907380402344,-1.0221907380402344,0.5038481864623089,-0.6044812579749538,0.04303501897277318,0.27407011539332166,-0.49048576507812597,-0.5518204145838108,-0.3118917770589546,-0.3053081796861412,-0.01380059576316932,-0.11596559424059193,-0.6450534715736028,-0.3349665100418993,0.11752394596228703,-0.10320256991908348,-0.7591436566752899,-0.3809744902166977,-0.27919659367023186,-0.5606421346897933,0.14102442779804156,-0.47049598151543426,-0.29335009743007084,0.28241850590796747,-0.598361217599953],"activity":[[3.9725216443619467E-5,-1.2729476243230287,-0.9341733668398361,1.6530273232812058,-0.30046102881759335]],"dinucleotide":[],"modifications":[]},{"mononucleotide":[-0.18064138240506536,0.37392304045665065,-0.4102692042752235,-0.9379547861377631,0.239855561877887,-0.29627779272878313,-0.38403540602706554,-0.7144846954783134,-0.8234184466807186,-0.03348961758343396,0.04707823599754301,-0.3451125040943646,-0.9338780326074337,0.04830087872530706,0.043201847433134016,-0.31256702589434276,-0.08718001459175474,-1.6546846834791955,0.08108087352558117,0.5058414921802823,-1.1013833822307206,-0.053453377687860584,0.45085714825740764,-0.45096272070264215,-0.25174273178349754,-0.30845398348229125,-0.4666530949141827,-0.1280925221816545,-0.47566952101286736,-0.25377615291259686,-0.39205728940429885,-0.03343936902157525,-0.03343936902157525,-0.39205728940429885,-0.25377615291259686,-0.47566952101286736,-0.1280925221816545,-0.4666530949141827,-0.30845398348229125,-0.25174273178349754,-0.45096272070264215,0.45085714825740764,-0.053453377687860584,-1.1013833822307206,0.5058414921802823,0.08108087352558117,-1.6546846834791955,-0.08718001459175474,-0.31256702589434276,0.043201847433134016,0.04830087872530706,-0.9338780326074337,-0.3451125040943646,0.04707823599754301,-0.03348961758343396,-0.8234184466807186,-0.7144846954783134,-0.38403540602706554,-0.29627779272878313,0.239855561877887,-0.9379547861377631,-0.4102692042752235,0.37392304045665065,-0.18064138240506536],"activity":[[-0.039657229442590126,-1.8228988397163113,-1.4538753587841302,1.8397881447270483,0.3080829353556877]],"dinucleotide":[],"modifications":[]}]},"modelFittingConstraints":{"enrichmentModel":[{"trySaturation":false}],"countTable":[{}],"bindingModes":[{"maxFlankLength":-1,"positionBiasBinWidth":1,"optimizeSizeHeuristic":false,"maxSize":-1,"optimizeFlankLength":false,"symmetryString":"null","roundSpecificActivity":true,"informationThreshold":0.1,"optimizeMotifShift":false,"fittingStages":[],"optimizeMotifShiftHeuristic":false,"experimentSpecificPositionBias":true,"minSize":-1,"experimentSpecificActivity":true,"optimizeSize":false},{"maxFlankLength":-1,"positionBiasBinWidth":1,"optimizeSizeHeuristic":false,"maxSize":-1,"optimizeFlankLength":false,"symmetryString":"abcdefFEDCBA","roundSpecificActivity":true,"informationThreshold":0.1,"optimizeMotifShift":false,"fittingStages":[{"optimizeFlankLength":true},{"optimizeMotifShift":false},{"optimizeMotifShiftHeuristic":false}],"optimizeMotifShiftHeuristic":false,"experimentSpecificPositionBias":true,"minSize":-1,"experimentSpecificActivity":true,"optimizeSize":false},{"maxFlankLength":-1,"positionBiasBinWidth":1,"optimizeSizeHeuristic":false,"maxSize":-1,"optimizeFlankLength":true,"symmetryString":"abcdefghHGFEDCBA","roundSpecificActivity":true,"informationThreshold":0.1,"optimizeMotifShift":false,"fittingStages":[{"optimizeFlankLength":true},{"optimizeMotifShift":false},{"optimizeMotifShiftHeuristic":false}],"optimizeMotifShiftHeuristic":false,"experimentSpecificPositionBias":true,"minSize":-1,"experimentSpecificActivity":true,"optimizeSize":false}]}}
{"metadata":{"timeStamp":"2023-04-01 12:22:17.922","logLikelihoodPerRead":1.204727990153177,"logLikelihood":490144.1770656738,"gradientCalls":463,"fitSteps":459,"regularization":0.004700135500706323,"functionCalls":0,"fitter":"proBound","fitName":"component2-2-variation1","fitTime":65.722,"dataLoops":463},"optimizerSetting":{"output":{"outputPath":"/mnt/e/desktop/HB_Rotation_1/ProBound_run/TCF3_Yang2017/result","baseName":"fit"},"nThreads":12,"likelihoodThreshold":2.0E-4,"lbfgsSettings":{"memory":100,"convergence":1.0E-7,"MCSearch":true,"maxIters":2000},"lambdaL2":1.0E-6,"fixedLibrarySize":false,"expBound":40,"nRetries":3,"hkSettings":{"epsilon":1.0E-7,"kickFinal":false,"fdDelta":1.0E-4,"kickAll":false,"maxIters":200,"evCutoff":1.0E-9}},"modelSettings":{"enrichmentModel":[{"variationsOptimized":false,"bindingSaturation":false,"cumulativeEnrichment":true,"concentration":1,"modelType":"SELEX","bindingModeInteractions":[],"componentName":"SELEX enrichment model 0","freezingLevel":0,"includeComponent":true,"bindingModes":[0,1,2],"variationDescription":[],"modifications":[]}],"letterOrder":"ACGT","countTable":[{"leftFlank":"CGGAGTCGGCAAGCAGAAGACGGCATACGATGGG","variationsOptimized":true,"transliterate":{"in":[],"out":[]},"variableRegionLength":20,"countTableFile":"/mnt/e/countTables/Yang2017/TCF3_ESY_TACCCG20NCCC.100000.tsv","modeledColumns":[0,1,2,3,4],"inputFileType":"tsv","nColumns":5,"rightFlank":"CGGGTAGATCGGAAGAGCGTCG","componentName":"Count table 0","freezingLevel":0,"includeComponent":true,"variationDescription":[]}],"bindingModeInteractions":[],"bindingModes":[{"variationsOptimized":true,"fitLogActivity":true,"flankLength":0,"singleStrand":false,"variationName":"0;0;0","size":0,"dinucleotideDistance":0,"componentName":"Binding mode 0","freezingLevel":0,"positionBias":false,"includeComponent":true,"variationDescription":[{"variationName":"0;0;0","descriptionString":"Initial model."}],"modifications":[]},{"variationsOptimized":true,"fitLogActivity":true,"flankLength":0,"singleStrand":false,"variationName":"12;0;0","size":12,"dinucleotideDistance":0,"componentName":"Binding mode 1","freezingLevel":0,"positionBias":false,"includeComponent":true,"variationDescription":[{"variationName":"12;1;0","descriptionString":"Increases flank length."},{"variationName":"12;0;0","descriptionString":"Initial model."}],"modifications":[]},{"variationsOptimized":false,"fitLogActivity":true,"flankLength":1,"singleStrand":false,"variationName":"16;0;0","size":16,"dinucleotideDistance":0,"componentName":"Binding mode 2","freezingLevel":0,"positionBias":false,"includeComponent":true,"variationDescription":[{"variationName":"16;1;0","descriptionString":"Increases flank length."},{"variationName":"16;0;0","descriptionString":"Initial model."}],"modifications":[]}],"letterComplement":"C-G,A-T"},"coefficients":{"enrichmentModel":[{}],"countTable":[{"h":[2.3222322225162366,-0.2143201650387041,1.775652174856823,-1.150807648025326,-2.7327565843004966]}],"bindingModeInteractions":[],"bindingModes":[{"mononucleotide":[],"activity":[[-2.713079301168911E-8,-0.5709907594437087,-0.2903620178658995,-4.361964436526809,-1.5647835131487164]],"dinucleotide":[],"modifications":[]},{"mononucleotide":[-0.598361217599953,0.28241850590796747,-0.29335009743007084,-0.47049598151543426,0.14102442779804156,-0.5606421346897933,-0.27919659367023186,-0.3809744902166977,-0.7591436566752899,-0.10320256991908348,0.11752394596228703,-0.3349665100418993,-0.6450534715736028,-0.11596559424059193,-0.01380059576316932,-0.3053081796861412,-0.3118917770589546,-0.5518204145838108,-0.49048576507812597,0.27407011539332166,0.04303501897277318,-0.6044812579749538,0.5038481864623089,-1.0221907380402344,-1.0221907380402344,0.5038481864623089,-0.6044812579749538,0.04303501897277318,0.27407011539332166,-0.49048576507812597,-0.5518204145838108,-0.3118917770589546,-0.3053081796861412,-0.01380059576316932,-0.11596559424059193,-0.6450534715736028,-0.3349665100418993,0.11752394596228703,-0.10320256991908348,-0.7591436566752899,-0.3809744902166977,-0.27919659367023186,-0.5606421346897933,0.14102442779804156,-0.47049598151543426,-0.29335009743007084,0.28241850590796747,-0.598361217599953],"activity":[[3.9725216443619467E-5,-1.2729476243230287,-0.9341733668398361,1.6530273232812058,-0.30046102881759335]],"dinucleotide":[],"modifications":[]},{"mononucleotide":[-0.16635045003363685,0.4567982707896499,-0.4684536494320669,-0.9462669353129476,0.2863067207078782,-0.3267459679111157,-0.40791517446284026,-0.6759183423172475,-0.7900129945222378,-0.024646141511832382,0.03668338670215984,-0.3462970146560961,-0.9202346404305864,0.04869779854158149,0.053049355569306886,-0.3057852776509609,-0.11600585160929902,-1.569577633056035,0.03585620833433876,0.5254545123395735,-0.9764241493529026,-0.16421425710716014,0.4465967881183928,-0.4302311456489945,-0.2768072061494413,-0.2993055972770096,-0.4461963101240659,-0.1019636504383973,-0.41793257397091615,-0.286404200113134,-0.38132021340963634,-0.03861577648503632,-0.03861577648503632,-0.38132021340963634,-0.286404200113134,-0.41793257397091615,-0.1019636504383973,-0.4461963101240659,-0.2993055972770096,-0.2768072061494413,-0.4302311456489945,0.4465967881183928,-0.16421425710716014,-0.9764241493529026,0.5254545123395735,0.03585620833433876,-1.569577633056035,-0.11600585160929902,-0.3057852776509609,0.053049355569306886,0.04869779854158149,-0.9202346404305864,-0.3462970146560961,0.03668338670215984,-0.024646141511832382,-0.7900129945222378,-0.6759183423172475,-0.40791517446284026,-0.3267459679111157,0.2863067207078782,-0.9462669353129476,-0.4684536494320669,0.4567982707896499,-0.16635045003363685],"activity":[[-0.03870251386781518,-1.7730856210809938,-1.3320345895510746,1.9890154855320592,0.002263098484777561]],"dinucleotide":[],"modifications":[]}]},"modelFittingConstraints":{"enrichmentModel":[{"trySaturation":false}],"countTable":[{}],"bindingModes":[{"maxFlankLength":-1,"positionBiasBinWidth":1,"optimizeSizeHeuristic":false,"maxSize":-1,"optimizeFlankLength":false,"symmetryString":"null","roundSpecificActivity":true,"informationThreshold":0.1,"optimizeMotifShift":false,"fittingStages":[],"optimizeMotifShiftHeuristic":false,"experimentSpecificPositionBias":true,"minSize":-1,"experimentSpecificActivity":true,"optimizeSize":false},{"maxFlankLength":-1,"positionBiasBinWidth":1,"optimizeSizeHeuristic":false,"maxSize":-1,"optimizeFlankLength":false,"symmetryString":"abcdefFEDCBA","roundSpecificActivity":true,"informationThreshold":0.1,"optimizeMotifShift":false,"fittingStages":[{"optimizeFlankLength":true},{"optimizeMotifShift":false},{"optimizeMotifShiftHeuristic":false}],"optimizeMotifShiftHeuristic":false,"experimentSpecificPositionBias":true,"minSize":-1,"experimentSpecificActivity":true,"optimizeSize":false},{"maxFlankLength":-1,"positionBiasBinWidth":1,"optimizeSizeHeuristic":false,"maxSize":-1,"optimizeFlankLength":true,"symmetryString":"abcdefghHGFEDCBA","roundSpecificActivity":true,"informationThreshold":0.1,"optimizeMotifShift":false,"fittingStages":[{"optimizeFlankLength":true},{"optimizeMotifShift":false},{"optimizeMotifShiftHeuristic":false}],"optimizeMotifShiftHeuristic":false,"experimentSpecificPositionBias":true,"minSize":-1,"experimentSpecificActivity":true,"optimizeSize":false}]}}
{"metadata":{"timeStamp":"2023-04-01 12:22:27.744","logLikelihoodPerRead":1.2067062508365352,"logLikelihood":490942.5657039899,"gradientCalls":513,"fitSteps":509,"regularization":0.00472368846815698,"functionCalls":0,"fitter":"proBound","fitName":"component2-2-variation2","fitTime":75.544,"dataLoops":513},"optimizerSetting":{"output":{"outputPath":"/mnt/e/desktop/HB_Rotation_1/ProBound_run/TCF3_Yang2017/result","baseName":"fit"},"nThreads":12,"likelihoodThreshold":2.0E-4,"lbfgsSettings":{"memory":100,"convergence":1.0E-7,"MCSearch":true,"maxIters":2000},"lambdaL2":1.0E-6,"fixedLibrarySize":false,"expBound":40,"nRetries":3,"hkSettings":{"epsilon":1.0E-7,"kickFinal":false,"fdDelta":1.0E-4,"kickAll":false,"maxIters":200,"evCutoff":1.0E-9}},"modelSettings":{"enrichmentModel":[{"variationsOptimized":false,"bindingSaturation":false,"cumulativeEnrichment":true,"concentration":1,"modelType":"SELEX","bindingModeInteractions":[],"componentName":"SELEX enrichment model 0","freezingLevel":0,"includeComponent":true,"bindingModes":[0,1,2],"variationDescription":[],"modifications":[]}],"letterOrder":"ACGT","countTable":[{"leftFlank":"CGGAGTCGGCAAGCAGAAGACGGCATACGATGGG","variationsOptimized":true,"transliterate":{"in":[],"out":[]},"variableRegionLength":20,"countTableFile":"/mnt/e/countTables/Yang2017/TCF3_ESY_TACCCG20NCCC.100000.tsv","modeledColumns":[0,1,2,3,4],"inputFileType":"tsv","nColumns":5,"rightFlank":"CGGGTAGATCGGAAGAGCGTCG","componentName":"Count table 0","freezingLevel":0,"includeComponent":true,"variationDescription":[]}],"bindingModeInteractions":[],"bindingModes":[{"variationsOptimized":true,"fitLogActivity":true,"flankLength":0,"singleStrand":false,"variationName":"0;0;0","size":0,"dinucleotideDistance":0,"componentName":"Binding mode 0","freezingLevel":0,"positionBias":false,"includeComponent":true,"variationDescription":[{"variationName":"0;0;0","descriptionString":"Initial model."}],"modifications":[]},{"variationsOptimized":true,"fitLogActivity":true,"flankLength":0,"singleStrand":false,"variationName":"12;0;0","size":12,"dinucleotideDistance":0,"componentName":"Binding mode 1","freezingLevel":0,"positionBias":false,"includeComponent":true,"variationDescription":[{"variationName":"12;1;0","descriptionString":"Increases flank length."},{"variationName":"12;0;0","descriptionString":"Initial model."}],"modifications":[]},{"variationsOptimized":false,"fitLogActivity":true,"flankLength":2,"singleStrand":false,"variationName":"16;1;0","size":16,"dinucleotideDistance":0,"componentName":"Binding mode 2","freezingLevel":0,"positionBias":false,"includeComponent":true,"variationDescription":[{"variationName":"16;2;0","descriptionString":"Increases flank length."},{"variationName":"16;1;0","descriptionString":"Increases flank length."},{"variationName":"16;0;0","descriptionString":"Initial model."}],"modifications":[]}],"letterComplement":"C-G,A-T"},"coefficients":{"enrichmentModel":[{}],"countTable":[{"h":[2.369493846078457,-0.17576337495340985,1.7845733612291905,-1.2098802398159492,-2.7684235925300413]}],"bindingModeInteractions":[],"bindingModes":[{"mononucleotide":[],"activity":[[-2.713079301168911E-8,-0.5709907594437087,-0.2903620178658995,-4.361964436526809,-1.5647835131487164]],"dinucleotide":[],"modifications":[]},{"mononucleotide":[-0.598361217599953,0.28241850590796747,-0.29335009743007084,-0.47049598151543426,0.14102442779804156,-0.5606421346897933,-0.27919659367023186,-0.3809744902166977,-0.7591436566752899,-0.10320256991908348,0.11752394596228703,-0.3349665100418993,-0.6450534715736028,-0.11596559424059193,-0.01380059576316932,-0.3053081796861412,-0.3118917770589546,-0.5518204145838108,-0.49048576507812597,0.27407011539332166,0.04303501897277318,-0.6044812579749538,0.5038481864623089,-1.0221907380402344,-1.0221907380402344,0.5038481864623089,-0.6044812579749538,0.04303501897277318,0.27407011539332166,-0.49048576507812597,-0.5518204145838108,-0.3118917770589546,-0.3053081796861412,-0.01380059576316932,-0.11596559424059193,-0.6450534715736028,-0.3349665100418993,0.11752394596228703,-0.10320256991908348,-0.7591436566752899,-0.3809744902166977,-0.27919659367023186,-0.5606421346897933,0.14102442779804156,-0.47049598151543426,-0.29335009743007084,0.28241850590796747,-0.598361217599953],"activity":[[3.9725216443619467E-5,-1.2729476243230287,-0.9341733668398361,1.6530273232812058,-0.30046102881759335]],"dinucleotide":[],"modifications":[]},{"mononucleotide":[-0.13073049421556415,0.4368428932923797,-0.48372022301766143,-0.9940909887728712,0.350185913246487,-0.19392513126773023,-0.7139527385332793,-0.6140068561535469,-0.8302478234345001,-0.041747017430506274,0.04580217839262379,-0.34550615024135595,-0.9721353056561873,0.010467488953184221,0.07978963728133324,-0.2898206332749117,-0.12194850090582836,-1.6338948519565422,0.056282471013742126,0.5278620691330035,-0.9789904987799333,-0.21323723258115365,0.4384259876135278,-0.4178970689672881,-0.30588829012522917,-0.32272708393839633,-0.43579021794364237,-0.10729322070631894,-0.4418784699400903,-0.2999869749420955,-0.40349814258855343,-0.026335225233521005,-0.026335225233521005,-0.40349814258855343,-0.2999869749420955,-0.4418784699400903,-0.10729322070631894,-0.43579021794364237,-0.32272708393839633,-0.30588829012522917,-0.4178970689672881,0.4384259876135278,-0.21323723258115365,-0.9789904987799333,0.5278620691330035,0.056282471013742126,-1.6338948519565422,-0.12194850090582836,-0.2898206332749117,0.07978963728133324,0.010467488953184221,-0.9721353056561873,-0.34550615024135595,0.04580217839262379,-0.041747017430506274,-0.8302478234345001,-0.6140068561535469,-0.7139527385332793,-0.19392513126773023,0.350185913246487,-0.9940909887728712,-0.48372022301766143,0.4368428932923797,-0.13073049421556415],"activity":[[-0.03746985319718929,-1.8337188635269261,-1.2270676392407516,2.0485195675575074,-0.12635870346971836]],"dinucleotide":[],"modifications":[]}]},"modelFittingConstraints":{"enrichmentModel":[{"trySaturation":false}],"countTable":[{}],"bindingModes":[{"maxFlankLength":-1,"positionBiasBinWidth":1,"optimizeSizeHeuristic":false,"maxSize":-1,"optimizeFlankLength":false,"symmetryString":"null","roundSpecificActivity":true,"informationThreshold":0.1,"optimizeMotifShift":false,"fittingStages":[],"optimizeMotifShiftHeuristic":false,"experimentSpecificPositionBias":true,"minSize":-1,"experimentSpecificActivity":true,"optimizeSize":false},{"maxFlankLength":-1,"positionBiasBinWidth":1,"optimizeSizeHeuristic":false,"maxSize":-1,"optimizeFlankLength":false,"symmetryString":"abcdefFEDCBA","roundSpecificActivity":true,"informationThreshold":0.1,"optimizeMotifShift":false,"fittingStages":[{"optimizeFlankLength":true},{"optimizeMotifShift":false},{"optimizeMotifShiftHeuristic":false}],"optimizeMotifShiftHeuristic":false,"experimentSpecificPositionBias":true,"minSize":-1,"experimentSpecificActivity":true,"optimizeSize":false},{"maxFlankLength":-1,"positionBiasBinWidth":1,"optimizeSizeHeuristic":false,"maxSize":-1,"optimizeFlankLength":true,"symmetryString":"abcdefghHGFEDCBA","roundSpecificActivity":true,"informationThreshold":0.1,"optimizeMotifShift":false,"fittingStages":[{"optimizeFlankLength":true},{"optimizeMotifShift":false},{"optimizeMotifShiftHeuristic":false}],"optimizeMotifShiftHeuristic":false,"experimentSpecificPositionBias":true,"minSize":-1,"experimentSpecificActivity":true,"optimizeSize":false}]}}
{"metadata":{"timeStamp":"2023-04-01 12:23:09.439","logLikelihoodPerRead":1.1944463175792677,"logLikelihood":484528.1075626216,"gradientCalls":676,"fitSteps":661,"regularization":0.008168376019049796,"functionCalls":0,"fitter":"proBound","fitName":"component2-4-all","fitTime":117.239,"dataLoops":676},"optimizerSetting":{"output":{"outputPath":"/mnt/e/desktop/HB_Rotation_1/ProBound_run/TCF3_Yang2017/result","baseName":"fit"},"nThreads":12,"likelihoodThreshold":2.0E-4,"lbfgsSettings":{"memory":100,"convergence":1.0E-7,"MCSearch":true,"maxIters":2000},"lambdaL2":1.0E-6,"fixedLibrarySize":false,"expBound":40,"nRetries":3,"hkSettings":{"epsilon":1.0E-7,"kickFinal":false,"fdDelta":1.0E-4,"kickAll":false,"maxIters":200,"evCutoff":1.0E-9}},"modelSettings":{"enrichmentModel":[{"variationsOptimized":false,"bindingSaturation":false,"cumulativeEnrichment":true,"concentration":1,"modelType":"SELEX","bindingModeInteractions":[],"componentName":"SELEX enrichment model 0","freezingLevel":0,"includeComponent":true,"bindingModes":[0,1,2],"variationDescription":[],"modifications":[]}],"letterOrder":"ACGT","countTable":[{"leftFlank":"CGGAGTCGGCAAGCAGAAGACGGCATACGATGGG","variationsOptimized":true,"transliterate":{"in":[],"out":[]},"variableRegionLength":20,"countTableFile":"/mnt/e/countTables/Yang2017/TCF3_ESY_TACCCG20NCCC.100000.tsv","modeledColumns":[0,1,2,3,4],"inputFileType":"tsv","nColumns":5,"rightFlank":"CGGGTAGATCGGAAGAGCGTCG","componentName":"Count table 0","freezingLevel":0,"includeComponent":true,"variationDescription":[]}],"bindingModeInteractions":[],"bindingModes":[{"variationsOptimized":true,"fitLogActivity":true,"flankLength":0,"singleStrand":false,"variationName":"0;0;0","size":0,"dinucleotideDistance":0,"componentName":"Binding mode 0","freezingLevel":0,"positionBias":false,"includeComponent":true,"variationDescription":[{"variationName":"0;0;0","descriptionString":"Initial model."}],"modifications":[]},{"variationsOptimized":true,"fitLogActivity":true,"flankLength":0,"singleStrand":false,"variationName":"12;0;0","size":12,"dinucleotideDistance":0,"componentName":"Binding mode 1","freezingLevel":0,"positionBias":false,"includeComponent":true,"variationDescription":[{"variationName":"12;1;0","descriptionString":"Increases flank length."},{"variationName":"12;0;0","descriptionString":"Initial model."}],"modifications":[]},{"variationsOptimized":true,"fitLogActivity":true,"flankLength":1,"singleStrand":false,"variationName":"16;1;0","size":16,"dinucleotideDistance":0,"componentName":"Binding mode 2","freezingLevel":0,"positionBias":false,"includeComponent":true,"variationDescription":[{"variationName":"16;2;0","descriptionString":"Increases flank length."},{"variationName":"16;1;0","descriptionString":"Increases flank length."},{"variationName":"16;0;0","descriptionString":"Initial model."}],"modifications":[]}],"letterComplement":"C-G,A-T"},"coefficients":{"enrichmentModel":[{}],"countTable":[{"h":[2.1572645588436052,-1.2171463766150574,0.644686268936781,-0.20489426042031822,-1.379910190746807]}],"bindingModeInteractions":[],"bindingModes":[{"mononucleotide":[],"activity":[[-6.778257025148303E-12,0.3886812107418309,0.09388362975357124,-2.368968650929031,-1.373318943151766]],"dinucleotide":[],"modifications":[]},{"mononucleotide":[-0.6303261591476544,0.3614605391526922,-0.41805353739961454,-0.9001382975102689,0.3496707481087265,-0.6762515865545919,-0.9116457217412167,-0.3488308946530364,-0.7011096432504268,-0.19472151334196838,-0.020670116815786906,-0.6705561814913278,-0.6213839507505845,-0.16629936051150093,-0.12011614554676263,-0.6790895676141361,-0.4518270106302778,-0.4866741510965676,-0.8975450949156035,0.24915723226458886,-0.004380307052465323,-0.5086446947129193,0.6185052979537143,-1.6925377511210944,-1.6925377511210944,0.6185052979537143,-0.5086446947129193,-0.004380307052465323,0.24915723226458886,-0.8975450949156035,-0.4866741510965676,-0.4518270106302778,-0.6790895676141361,-0.12011614554676263,-0.16629936051150093,-0.6213839507505845,-0.6705561814913278,-0.020670116815786906,-0.19472151334196838,-0.7011096432504268,-0.3488308946530364,-0.9116457217412167,-0.6762515865545919,0.3496707481087265,-0.9001382975102689,-0.41805353739961454,0.3614605391526922,-0.6303261591476544],"activity":[[9.860155994439242E-9,0.4819402211370067,-1.5371738164435647,0.2354286883490146,-0.7695868738515221]],"dinucleotide":[],"modifications":[]},{"mononucleotide":[-0.26686538900087486,0.29621463910303636,-0.47805948810272586,-0.7704310103025417,0.15878227217425617,-0.39086734416455354,-0.36251768986229277,-0.6245384864477288,-0.7870156843510413,-0.08269264593420184,-0.0022845794032549304,-0.3471483386010908,-0.8805921381162163,-0.028807076058386786,-0.003738543644857411,-0.306003490492746,-0.2487947126981185,-1.3688066631709677,-0.042946012730708485,0.4414061402899475,-1.042255373410062,-0.21307728576200122,0.4624137250736524,-0.42622231421018814,-0.37217678863583564,-0.3242817373449662,-0.42158142978091173,-0.101101292543427,-0.4691323277205815,-0.2847995364414313,-0.4148081056911031,-0.05040127844550384,-0.05040127844550384,-0.4148081056911031,-0.2847995364414313,-0.4691323277205815,-0.101101292543427,-0.42158142978091173,-0.3242817373449662,-0.37217678863583564,-0.42622231421018814,0.4624137250736524,-0.21307728576200122,-1.042255373410062,0.4414061402899475,-0.042946012730708485,-1.3688066631709677,-0.2487947126981185,-0.306003490492746,-0.003738543644857411,-0.028807076058386786,-0.8805921381162163,-0.3471483386010908,-0.0022845794032549304,-0.08269264593420184,-0.7870156843510413,-0.6245384864477288,-0.36251768986229277,-0.39086734416455354,0.15878227217425617,-0.7704310103025417,-0.47805948810272586,0.29621463910303636,-0.26686538900087486],"activity":[[-9.606312386561167E-6,-3.0282073696548095,0.5030606435120347,0.5495207559846925,0.7632115122702505]],"dinucleotide":[],"modifications":[]}]},"modelFittingConstraints":{"enrichmentModel":[{"trySaturation":false}],"countTable":[{}],"bindingModes":[{"maxFlankLength":-1,"positionBiasBinWidth":1,"optimizeSizeHeuristic":false,"maxSize":-1,"optimizeFlankLength":false,"symmetryString":"null","roundSpecificActivity":true,"informationThreshold":0.1,"optimizeMotifShift":false,"fittingStages":[],"optimizeMotifShiftHeuristic":false,"experimentSpecificPositionBias":true,"minSize":-1,"experimentSpecificActivity":true,"optimizeSize":false},{"maxFlankLength":-1,"positionBiasBinWidth":1,"optimizeSizeHeuristic":false,"maxSize":-1,"optimizeFlankLength":false,"symmetryString":"abcdefFEDCBA","roundSpecificActivity":true,"informationThreshold":0.1,"optimizeMotifShift":false,"fittingStages":[{"optimizeFlankLength":true},{"optimizeMotifShift":false},{"optimizeMotifShiftHeuristic":false}],"optimizeMotifShiftHeuristic":false,"experimentSpecificPositionBias":true,"minSize":-1,"experimentSpecificActivity":true,"optimizeSize":false},{"maxFlankLength":-1,"positionBiasBinWidth":1,"optimizeSizeHeuristic":false,"maxSize":-1,"optimizeFlankLength":false,"symmetryString":"abcdefghHGFEDCBA","roundSpecificActivity":true,"informationThreshold":0.1,"optimizeMotifShift":false,"fittingStages":[{"optimizeFlankLength":true},{"optimizeMotifShift":false},{"optimizeMotifShiftHeuristic":false}],"optimizeMotifShiftHeuristic":false,"experimentSpecificPositionBias":true,"minSize":-1,"experimentSpecificActivity":true,"optimizeSize":false}]}}
