{"metadata":{"timeStamp":"2023-04-01 12:40:13.395","logLikelihoodPerRead":1.6101299884217455,"logLikelihood":804718.9584759914,"gradientCalls":23,"fitSteps":19,"regularization":6.920714697627111E-4,"functionCalls":0,"fitter":"proBound","fitName":"component0-0-h","fitTime":1.451,"dataLoops":23},"optimizerSetting":{"output":{"outputPath":"/mnt/e/desktop/HB_Rotation_1/ProBound_run/TFEC_Yang2017/result","baseName":"fit"},"nThreads":12,"likelihoodThreshold":2.0E-4,"lbfgsSettings":{"memory":100,"convergence":1.0E-7,"MCSearch":true,"maxIters":2000},"lambdaL2":1.0E-6,"fixedLibrarySize":false,"expBound":40,"nRetries":3,"hkSettings":{"epsilon":1.0E-7,"kickFinal":false,"fdDelta":1.0E-4,"kickAll":false,"maxIters":200,"evCutoff":1.0E-9}},"modelSettings":{"enrichmentModel":[{"variationsOptimized":false,"bindingSaturation":false,"cumulativeEnrichment":true,"concentration":1,"modelType":"SELEX","bindingModeInteractions":[],"componentName":"SELEX enrichment model 0","freezingLevel":0,"includeComponent":true,"bindingModes":[0,1,2],"variationDescription":[],"modifications":[]}],"letterOrder":"ACGT","countTable":[{"leftFlank":"CGGAGTCGGCAAGCAGAAGACGGCATACGATAAC","variationsOptimized":true,"transliterate":{"in":[],"out":[]},"variableRegionLength":20,"countTableFile":"/mnt/e/countTables/Yang2017/TFEC_ESAF_TAGTGG20NGTT.100000.tsv","modeledColumns":[0,1,2,3,4],"inputFileType":"tsv","nColumns":5,"rightFlank":"CCACTAGATCGGAAGAGCGTCG","componentName":"Count table 0","freezingLevel":0,"includeComponent":true,"variationDescription":[]}],"bindingModeInteractions":[],"bindingModes":[{"variationsOptimized":false,"fitLogActivity":true,"flankLength":0,"singleStrand":false,"variationName":"0;0;0","size":0,"dinucleotideDistance":0,"componentName":"Binding mode 0","freezingLevel":0,"positionBias":false,"includeComponent":true,"variationDescription":[],"modifications":[]},{"variationsOptimized":false,"fitLogActivity":true,"flankLength":0,"singleStrand":false,"variationName":"12;0;0","size":12,"dinucleotideDistance":0,"componentName":"Binding mode 1","freezingLevel":0,"positionBias":false,"includeComponent":false,"variationDescription":[],"modifications":[]},{"variationsOptimized":false,"fitLogActivity":true,"flankLength":0,"singleStrand":false,"variationName":"16;0;0","size":16,"dinucleotideDistance":0,"componentName":"Binding mode 2","freezingLevel":0,"positionBias":false,"includeComponent":false,"variationDescription":[],"modifications":[]}],"letterComplement":"C-G,A-T"},"coefficients":{"enrichmentModel":[{}],"countTable":[{"h":[-13.466669063481165,-6.733335003262155,-4.334193042995342E-9,6.733334647465275,13.466669490630105]}],"bindingModeInteractions":[],"bindingModes":[{"mononucleotide":[],"activity":[[-6.733401891837359,-6.733401891837359,-6.733401891837359,-6.733401891837359,-6.733401891837359]],"dinucleotide":[],"modifications":[]},{"mononucleotide":[0,0,0,0,0,0,0,0,0,0,0,0,-1,0,-1,-1,0,-1,-1,-1,0,0,0,0,0,0,0,0,-1,-1,-1,0,-1,-1,0,-1,0,0,0,0,0,0,0,0,0,0,0,0],"activity":[[0,0,0,0,0]],"dinucleotide":[],"modifications":[]},{"mononucleotide":[0,0,0,0,0,0,0,0,0,0,0,0,0,0,0,0,0,0,0,0,0,0,0,0,0,0,0,0,0,0,0,0,0,0,0,0,0,0,0,0,0,0,0,0,0,0,0,0,0,0,0,0,0,0,0,0,0,0,0,0,0,0,0,0],"activity":[[0,0,0,0,0]],"dinucleotide":[],"modifications":[]}]},"modelFittingConstraints":{"enrichmentModel":[{"trySaturation":false}],"countTable":[{}],"bindingModes":[{"maxFlankLength":-1,"positionBiasBinWidth":1,"optimizeSizeHeuristic":false,"maxSize":-1,"optimizeFlankLength":false,"symmetryString":"null","roundSpecificActivity":true,"informationThreshold":0.1,"optimizeMotifShift":false,"fittingStages":[],"optimizeMotifShiftHeuristic":false,"experimentSpecificPositionBias":true,"minSize":-1,"experimentSpecificActivity":true,"optimizeSize":false},{"maxFlankLength":-1,"positionBiasBinWidth":1,"optimizeSizeHeuristic":false,"maxSize":-1,"optimizeFlankLength":true,"symmetryString":"abcdefFEDCBA","roundSpecificActivity":true,"informationThreshold":0.1,"optimizeMotifShift":false,"fittingStages":[{"optimizeFlankLength":true},{"optimizeMotifShift":false},{"optimizeMotifShiftHeuristic":false}],"optimizeMotifShiftHeuristic":false,"experimentSpecificPositionBias":true,"minSize":-1,"experimentSpecificActivity":true,"optimizeSize":false},{"maxFlankLength":-1,"positionBiasBinWidth":1,"optimizeSizeHeuristic":false,"maxSize":-1,"optimizeFlankLength":true,"symmetryString":"abcdefghHGFEDCBA","roundSpecificActivity":true,"informationThreshold":0.1,"optimizeMotifShift":false,"fittingStages":[{"optimizeFlankLength":true},{"optimizeMotifShift":false},{"optimizeMotifShiftHeuristic":false}],"optimizeMotifShiftHeuristic":false,"experimentSpecificPositionBias":true,"minSize":-1,"experimentSpecificActivity":true,"optimizeSize":false}]}}
{"metadata":{"timeStamp":"2023-04-01 12:40:15.536","logLikelihoodPerRead":1.6094499124350283,"logLikelihood":804718.9562175141,"gradientCalls":46,"fitSteps":39,"regularization":1.2000000000203271E-5,"functionCalls":0,"fitter":"proBound","fitName":"component0-1-f0","fitTime":3.592,"dataLoops":46},"optimizerSetting":{"output":{"outputPath":"/mnt/e/desktop/HB_Rotation_1/ProBound_run/TFEC_Yang2017/result","baseName":"fit"},"nThreads":12,"likelihoodThreshold":2.0E-4,"lbfgsSettings":{"memory":100,"convergence":1.0E-7,"MCSearch":true,"maxIters":2000},"lambdaL2":1.0E-6,"fixedLibrarySize":false,"expBound":40,"nRetries":3,"hkSettings":{"epsilon":1.0E-7,"kickFinal":false,"fdDelta":1.0E-4,"kickAll":false,"maxIters":200,"evCutoff":1.0E-9}},"modelSettings":{"enrichmentModel":[{"variationsOptimized":false,"bindingSaturation":false,"cumulativeEnrichment":true,"concentration":1,"modelType":"SELEX","bindingModeInteractions":[],"componentName":"SELEX enrichment model 0","freezingLevel":0,"includeComponent":true,"bindingModes":[0,1,2],"variationDescription":[],"modifications":[]}],"letterOrder":"ACGT","countTable":[{"leftFlank":"CGGAGTCGGCAAGCAGAAGACGGCATACGATAAC","variationsOptimized":true,"transliterate":{"in":[],"out":[]},"variableRegionLength":20,"countTableFile":"/mnt/e/countTables/Yang2017/TFEC_ESAF_TAGTGG20NGTT.100000.tsv","modeledColumns":[0,1,2,3,4],"inputFileType":"tsv","nColumns":5,"rightFlank":"CCACTAGATCGGAAGAGCGTCG","componentName":"Count table 0","freezingLevel":0,"includeComponent":true,"variationDescription":[]}],"bindingModeInteractions":[],"bindingModes":[{"variationsOptimized":false,"fitLogActivity":true,"flankLength":0,"singleStrand":false,"variationName":"0;0;0","size":0,"dinucleotideDistance":0,"componentName":"Binding mode 0","freezingLevel":0,"positionBias":false,"includeComponent":true,"variationDescription":[],"modifications":[]},{"variationsOptimized":false,"fitLogActivity":true,"flankLength":0,"singleStrand":false,"variationName":"12;0;0","size":12,"dinucleotideDistance":0,"componentName":"Binding mode 1","freezingLevel":0,"positionBias":false,"includeComponent":false,"variationDescription":[],"modifications":[]},{"variationsOptimized":false,"fitLogActivity":true,"flankLength":0,"singleStrand":false,"variationName":"16;0;0","size":16,"dinucleotideDistance":0,"componentName":"Binding mode 2","freezingLevel":0,"positionBias":false,"includeComponent":false,"variationDescription":[],"modifications":[]}],"letterComplement":"C-G,A-T"},"coefficients":{"enrichmentModel":[{}],"countTable":[{"h":[-5.485819672840391E-6,-2.8787185271328885E-6,-7.036596130187365E-8,2.9267810815667946E-6,5.509151778875605E-6]}],"bindingModeInteractions":[],"bindingModes":[{"mononucleotide":[],"activity":[[-3.20301616241932E-6,-2.6276779090313805E-6,-2.953585538894332E-6,-2.883374334338198E-6,-2.6074069900310022E-6]],"dinucleotide":[],"modifications":[]},{"mononucleotide":[0,0,0,0,0,0,0,0,0,0,0,0,-1,0,-1,-1,0,-1,-1,-1,0,0,0,0,0,0,0,0,-1,-1,-1,0,-1,-1,0,-1,0,0,0,0,0,0,0,0,0,0,0,0],"activity":[[0,0,0,0,0]],"dinucleotide":[],"modifications":[]},{"mononucleotide":[0,0,0,0,0,0,0,0,0,0,0,0,0,0,0,0,0,0,0,0,0,0,0,0,0,0,0,0,0,0,0,0,0,0,0,0,0,0,0,0,0,0,0,0,0,0,0,0,0,0,0,0,0,0,0,0,0,0,0,0,0,0,0,0],"activity":[[0,0,0,0,0]],"dinucleotide":[],"modifications":[]}]},"modelFittingConstraints":{"enrichmentModel":[{"trySaturation":false}],"countTable":[{}],"bindingModes":[{"maxFlankLength":-1,"positionBiasBinWidth":1,"optimizeSizeHeuristic":false,"maxSize":-1,"optimizeFlankLength":false,"symmetryString":"null","roundSpecificActivity":true,"informationThreshold":0.1,"optimizeMotifShift":false,"fittingStages":[],"optimizeMotifShiftHeuristic":false,"experimentSpecificPositionBias":true,"minSize":-1,"experimentSpecificActivity":true,"optimizeSize":false},{"maxFlankLength":-1,"positionBiasBinWidth":1,"optimizeSizeHeuristic":false,"maxSize":-1,"optimizeFlankLength":true,"symmetryString":"abcdefFEDCBA","roundSpecificActivity":true,"informationThreshold":0.1,"optimizeMotifShift":false,"fittingStages":[{"optimizeFlankLength":true},{"optimizeMotifShift":false},{"optimizeMotifShiftHeuristic":false}],"optimizeMotifShiftHeuristic":false,"experimentSpecificPositionBias":true,"minSize":-1,"experimentSpecificActivity":true,"optimizeSize":false},{"maxFlankLength":-1,"positionBiasBinWidth":1,"optimizeSizeHeuristic":false,"maxSize":-1,"optimizeFlankLength":true,"symmetryString":"abcdefghHGFEDCBA","roundSpecificActivity":true,"informationThreshold":0.1,"optimizeMotifShift":false,"fittingStages":[{"optimizeFlankLength":true},{"optimizeMotifShift":false},{"optimizeMotifShiftHeuristic":false}],"optimizeMotifShiftHeuristic":false,"experimentSpecificPositionBias":true,"minSize":-1,"experimentSpecificActivity":true,"optimizeSize":false}]}}
{"metadata":{"timeStamp":"2023-04-01 12:40:15.567","logLikelihoodPerRead":1.609449912435028,"logLikelihood":804718.956217514,"gradientCalls":47,"fitSteps":42,"regularization":1.2000000000203271E-5,"functionCalls":0,"fitter":"proBound","fitName":"component0-2-variation0","fitTime":3.623,"dataLoops":47},"optimizerSetting":{"output":{"outputPath":"/mnt/e/desktop/HB_Rotation_1/ProBound_run/TFEC_Yang2017/result","baseName":"fit"},"nThreads":12,"likelihoodThreshold":2.0E-4,"lbfgsSettings":{"memory":100,"convergence":1.0E-7,"MCSearch":true,"maxIters":2000},"lambdaL2":1.0E-6,"fixedLibrarySize":false,"expBound":40,"nRetries":3,"hkSettings":{"epsilon":1.0E-7,"kickFinal":false,"fdDelta":1.0E-4,"kickAll":false,"maxIters":200,"evCutoff":1.0E-9}},"modelSettings":{"enrichmentModel":[{"variationsOptimized":false,"bindingSaturation":false,"cumulativeEnrichment":true,"concentration":1,"modelType":"SELEX","bindingModeInteractions":[],"componentName":"SELEX enrichment model 0","freezingLevel":0,"includeComponent":true,"bindingModes":[0,1,2],"variationDescription":[],"modifications":[]}],"letterOrder":"ACGT","countTable":[{"leftFlank":"CGGAGTCGGCAAGCAGAAGACGGCATACGATAAC","variationsOptimized":true,"transliterate":{"in":[],"out":[]},"variableRegionLength":20,"countTableFile":"/mnt/e/countTables/Yang2017/TFEC_ESAF_TAGTGG20NGTT.100000.tsv","modeledColumns":[0,1,2,3,4],"inputFileType":"tsv","nColumns":5,"rightFlank":"CCACTAGATCGGAAGAGCGTCG","componentName":"Count table 0","freezingLevel":0,"includeComponent":true,"variationDescription":[]}],"bindingModeInteractions":[],"bindingModes":[{"variationsOptimized":false,"fitLogActivity":true,"flankLength":0,"singleStrand":false,"variationName":"0;0;0","size":0,"dinucleotideDistance":0,"componentName":"Binding mode 0","freezingLevel":0,"positionBias":false,"includeComponent":true,"variationDescription":[{"variationName":"0;0;0","descriptionString":"Initial model."}],"modifications":[]},{"variationsOptimized":false,"fitLogActivity":true,"flankLength":0,"singleStrand":false,"variationName":"12;0;0","size":12,"dinucleotideDistance":0,"componentName":"Binding mode 1","freezingLevel":0,"positionBias":false,"includeComponent":false,"variationDescription":[],"modifications":[]},{"variationsOptimized":false,"fitLogActivity":true,"flankLength":0,"singleStrand":false,"variationName":"16;0;0","size":16,"dinucleotideDistance":0,"componentName":"Binding mode 2","freezingLevel":0,"positionBias":false,"includeComponent":false,"variationDescription":[],"modifications":[]}],"letterComplement":"C-G,A-T"},"coefficients":{"enrichmentModel":[{}],"countTable":[{"h":[-5.485819672840391E-6,-2.8787185271328885E-6,-7.036596130187365E-8,2.9267810815667946E-6,5.509151778875605E-6]}],"bindingModeInteractions":[],"bindingModes":[{"mononucleotide":[],"activity":[[-3.20301616241932E-6,-2.6276779090313805E-6,-2.953585538894332E-6,-2.883374334338198E-6,-2.6074069900310022E-6]],"dinucleotide":[],"modifications":[]},{"mononucleotide":[0,0,0,0,0,0,0,0,0,0,0,0,-1,0,-1,-1,0,-1,-1,-1,0,0,0,0,0,0,0,0,-1,-1,-1,0,-1,-1,0,-1,0,0,0,0,0,0,0,0,0,0,0,0],"activity":[[0,0,0,0,0]],"dinucleotide":[],"modifications":[]},{"mononucleotide":[0,0,0,0,0,0,0,0,0,0,0,0,0,0,0,0,0,0,0,0,0,0,0,0,0,0,0,0,0,0,0,0,0,0,0,0,0,0,0,0,0,0,0,0,0,0,0,0,0,0,0,0,0,0,0,0,0,0,0,0,0,0,0,0],"activity":[[0,0,0,0,0]],"dinucleotide":[],"modifications":[]}]},"modelFittingConstraints":{"enrichmentModel":[{"trySaturation":false}],"countTable":[{}],"bindingModes":[{"maxFlankLength":-1,"positionBiasBinWidth":1,"optimizeSizeHeuristic":false,"maxSize":-1,"optimizeFlankLength":false,"symmetryString":"null","roundSpecificActivity":true,"informationThreshold":0.1,"optimizeMotifShift":false,"fittingStages":[],"optimizeMotifShiftHeuristic":false,"experimentSpecificPositionBias":true,"minSize":-1,"experimentSpecificActivity":true,"optimizeSize":false},{"maxFlankLength":-1,"positionBiasBinWidth":1,"optimizeSizeHeuristic":false,"maxSize":-1,"optimizeFlankLength":true,"symmetryString":"abcdefFEDCBA","roundSpecificActivity":true,"informationThreshold":0.1,"optimizeMotifShift":false,"fittingStages":[{"optimizeFlankLength":true},{"optimizeMotifShift":false},{"optimizeMotifShiftHeuristic":false}],"optimizeMotifShiftHeuristic":false,"experimentSpecificPositionBias":true,"minSize":-1,"experimentSpecificActivity":true,"optimizeSize":false},{"maxFlankLength":-1,"positionBiasBinWidth":1,"optimizeSizeHeuristic":false,"maxSize":-1,"optimizeFlankLength":true,"symmetryString":"abcdefghHGFEDCBA","roundSpecificActivity":true,"informationThreshold":0.1,"optimizeMotifShift":false,"fittingStages":[{"optimizeFlankLength":true},{"optimizeMotifShift":false},{"optimizeMotifShiftHeuristic":false}],"optimizeMotifShiftHeuristic":false,"experimentSpecificPositionBias":true,"minSize":-1,"experimentSpecificActivity":true,"optimizeSize":false}]}}
{"metadata":{"timeStamp":"2023-04-01 12:40:16.439","logLikelihoodPerRead":1.6094499124350283,"logLikelihood":804718.9562175141,"gradientCalls":48,"fitSteps":45,"regularization":1.2000000000203271E-5,"functionCalls":0,"fitter":"proBound","fitName":"component0-4-all","fitTime":4.495,"dataLoops":48},"optimizerSetting":{"output":{"outputPath":"/mnt/e/desktop/HB_Rotation_1/ProBound_run/TFEC_Yang2017/result","baseName":"fit"},"nThreads":12,"likelihoodThreshold":2.0E-4,"lbfgsSettings":{"memory":100,"convergence":1.0E-7,"MCSearch":true,"maxIters":2000},"lambdaL2":1.0E-6,"fixedLibrarySize":false,"expBound":40,"nRetries":3,"hkSettings":{"epsilon":1.0E-7,"kickFinal":false,"fdDelta":1.0E-4,"kickAll":false,"maxIters":200,"evCutoff":1.0E-9}},"modelSettings":{"enrichmentModel":[{"variationsOptimized":false,"bindingSaturation":false,"cumulativeEnrichment":true,"concentration":1,"modelType":"SELEX","bindingModeInteractions":[],"componentName":"SELEX enrichment model 0","freezingLevel":0,"includeComponent":true,"bindingModes":[0,1,2],"variationDescription":[],"modifications":[]}],"letterOrder":"ACGT","countTable":[{"leftFlank":"CGGAGTCGGCAAGCAGAAGACGGCATACGATAAC","variationsOptimized":true,"transliterate":{"in":[],"out":[]},"variableRegionLength":20,"countTableFile":"/mnt/e/countTables/Yang2017/TFEC_ESAF_TAGTGG20NGTT.100000.tsv","modeledColumns":[0,1,2,3,4],"inputFileType":"tsv","nColumns":5,"rightFlank":"CCACTAGATCGGAAGAGCGTCG","componentName":"Count table 0","freezingLevel":0,"includeComponent":true,"variationDescription":[]}],"bindingModeInteractions":[],"bindingModes":[{"variationsOptimized":true,"fitLogActivity":true,"flankLength":0,"singleStrand":false,"variationName":"0;0;0","size":0,"dinucleotideDistance":0,"componentName":"Binding mode 0","freezingLevel":0,"positionBias":false,"includeComponent":true,"variationDescription":[{"variationName":"0;0;0","descriptionString":"Initial model."}],"modifications":[]},{"variationsOptimized":false,"fitLogActivity":true,"flankLength":0,"singleStrand":false,"variationName":"12;0;0","size":12,"dinucleotideDistance":0,"componentName":"Binding mode 1","freezingLevel":0,"positionBias":false,"includeComponent":false,"variationDescription":[],"modifications":[]},{"variationsOptimized":false,"fitLogActivity":true,"flankLength":0,"singleStrand":false,"variationName":"16;0;0","size":16,"dinucleotideDistance":0,"componentName":"Binding mode 2","freezingLevel":0,"positionBias":false,"includeComponent":false,"variationDescription":[],"modifications":[]}],"letterComplement":"C-G,A-T"},"coefficients":{"enrichmentModel":[{}],"countTable":[{"h":[-5.485819672840391E-6,-2.8787185271328885E-6,-7.036596130187365E-8,2.9267810815667946E-6,5.509151778875605E-6]}],"bindingModeInteractions":[],"bindingModes":[{"mononucleotide":[],"activity":[[-3.20301616241932E-6,-2.6276779090313805E-6,-2.953585538894332E-6,-2.883374334338198E-6,-2.6074069900310022E-6]],"dinucleotide":[],"modifications":[]},{"mononucleotide":[0,0,0,0,0,0,0,0,0,0,0,0,-1,0,-1,-1,0,-1,-1,-1,0,0,0,0,0,0,0,0,-1,-1,-1,0,-1,-1,0,-1,0,0,0,0,0,0,0,0,0,0,0,0],"activity":[[0,0,0,0,0]],"dinucleotide":[],"modifications":[]},{"mononucleotide":[0,0,0,0,0,0,0,0,0,0,0,0,0,0,0,0,0,0,0,0,0,0,0,0,0,0,0,0,0,0,0,0,0,0,0,0,0,0,0,0,0,0,0,0,0,0,0,0,0,0,0,0,0,0,0,0,0,0,0,0,0,0,0,0],"activity":[[0,0,0,0,0]],"dinucleotide":[],"modifications":[]}]},"modelFittingConstraints":{"enrichmentModel":[{"trySaturation":false}],"countTable":[{}],"bindingModes":[{"maxFlankLength":-1,"positionBiasBinWidth":1,"optimizeSizeHeuristic":false,"maxSize":-1,"optimizeFlankLength":false,"symmetryString":"null","roundSpecificActivity":true,"informationThreshold":0.1,"optimizeMotifShift":false,"fittingStages":[],"optimizeMotifShiftHeuristic":false,"experimentSpecificPositionBias":true,"minSize":-1,"experimentSpecificActivity":true,"optimizeSize":false},{"maxFlankLength":-1,"positionBiasBinWidth":1,"optimizeSizeHeuristic":false,"maxSize":-1,"optimizeFlankLength":true,"symmetryString":"abcdefFEDCBA","roundSpecificActivity":true,"informationThreshold":0.1,"optimizeMotifShift":false,"fittingStages":[{"optimizeFlankLength":true},{"optimizeMotifShift":false},{"optimizeMotifShiftHeuristic":false}],"optimizeMotifShiftHeuristic":false,"experimentSpecificPositionBias":true,"minSize":-1,"experimentSpecificActivity":true,"optimizeSize":false},{"maxFlankLength":-1,"positionBiasBinWidth":1,"optimizeSizeHeuristic":false,"maxSize":-1,"optimizeFlankLength":true,"symmetryString":"abcdefghHGFEDCBA","roundSpecificActivity":true,"informationThreshold":0.1,"optimizeMotifShift":false,"fittingStages":[{"optimizeFlankLength":true},{"optimizeMotifShift":false},{"optimizeMotifShiftHeuristic":false}],"optimizeMotifShiftHeuristic":false,"experimentSpecificPositionBias":true,"minSize":-1,"experimentSpecificActivity":true,"optimizeSize":false}]}}
{"metadata":{"timeStamp":"2023-04-01 12:40:17.477","logLikelihoodPerRead":1.648873020060224,"logLikelihood":824423.9653686362,"gradientCalls":58,"fitSteps":56,"regularization":2.5089322951594906E-5,"functionCalls":0,"fitter":"proBound","fitName":"component1-0-h","fitTime":5.533,"dataLoops":58},"optimizerSetting":{"output":{"outputPath":"/mnt/e/desktop/HB_Rotation_1/ProBound_run/TFEC_Yang2017/result","baseName":"fit"},"nThreads":12,"likelihoodThreshold":2.0E-4,"lbfgsSettings":{"memory":100,"convergence":1.0E-7,"MCSearch":true,"maxIters":2000},"lambdaL2":1.0E-6,"fixedLibrarySize":false,"expBound":40,"nRetries":3,"hkSettings":{"epsilon":1.0E-7,"kickFinal":false,"fdDelta":1.0E-4,"kickAll":false,"maxIters":200,"evCutoff":1.0E-9}},"modelSettings":{"enrichmentModel":[{"variationsOptimized":false,"bindingSaturation":false,"cumulativeEnrichment":true,"concentration":1,"modelType":"SELEX","bindingModeInteractions":[],"componentName":"SELEX enrichment model 0","freezingLevel":0,"includeComponent":true,"bindingModes":[0,1,2],"variationDescription":[],"modifications":[]}],"letterOrder":"ACGT","countTable":[{"leftFlank":"CGGAGTCGGCAAGCAGAAGACGGCATACGATAAC","variationsOptimized":true,"transliterate":{"in":[],"out":[]},"variableRegionLength":20,"countTableFile":"/mnt/e/countTables/Yang2017/TFEC_ESAF_TAGTGG20NGTT.100000.tsv","modeledColumns":[0,1,2,3,4],"inputFileType":"tsv","nColumns":5,"rightFlank":"CCACTAGATCGGAAGAGCGTCG","componentName":"Count table 0","freezingLevel":0,"includeComponent":true,"variationDescription":[]}],"bindingModeInteractions":[],"bindingModes":[{"variationsOptimized":true,"fitLogActivity":true,"flankLength":0,"singleStrand":false,"variationName":"0;0;0","size":0,"dinucleotideDistance":0,"componentName":"Binding mode 0","freezingLevel":0,"positionBias":false,"includeComponent":true,"variationDescription":[{"variationName":"0;0;0","descriptionString":"Initial model."}],"modifications":[]},{"variationsOptimized":false,"fitLogActivity":true,"flankLength":0,"singleStrand":false,"variationName":"12;0;0","size":12,"dinucleotideDistance":0,"componentName":"Binding mode 1","freezingLevel":0,"positionBias":false,"includeComponent":true,"variationDescription":[],"modifications":[]},{"variationsOptimized":false,"fitLogActivity":true,"flankLength":0,"singleStrand":false,"variationName":"16;0;0","size":16,"dinucleotideDistance":0,"componentName":"Binding mode 2","freezingLevel":0,"positionBias":false,"includeComponent":false,"variationDescription":[],"modifications":[]}],"letterComplement":"C-G,A-T"},"coefficients":{"enrichmentModel":[{}],"countTable":[{"h":[2.1747257690680164,1.1197465756094098,0.03471753119923153,-1.0847677357333838,-2.2444221391151356]}],"bindingModeInteractions":[],"bindingModes":[{"mononucleotide":[],"activity":[[-3.20301616241932E-6,-2.6276779090313805E-6,-2.953585538894332E-6,-2.883374334338198E-6,-2.6074069900310022E-6]],"dinucleotide":[],"modifications":[]},{"mononucleotide":[0,0,0,0,0,0,0,0,0,0,0,0,-1,0,-1,-1,0,-1,-1,-1,0,0,0,0,0,0,0,0,-1,-1,-1,0,-1,-1,0,-1,0,0,0,0,0,0,0,0,0,0,0,0],"activity":[[0.42206630578189613,0.42206688112014956,0.4220665552125195,0.4220666254237242,0.4220669013910686]],"dinucleotide":[],"modifications":[]},{"mononucleotide":[0,0,0,0,0,0,0,0,0,0,0,0,0,0,0,0,0,0,0,0,0,0,0,0,0,0,0,0,0,0,0,0,0,0,0,0,0,0,0,0,0,0,0,0,0,0,0,0,0,0,0,0,0,0,0,0,0,0,0,0,0,0,0,0],"activity":[[0,0,0,0,0]],"dinucleotide":[],"modifications":[]}]},"modelFittingConstraints":{"enrichmentModel":[{"trySaturation":false}],"countTable":[{}],"bindingModes":[{"maxFlankLength":-1,"positionBiasBinWidth":1,"optimizeSizeHeuristic":false,"maxSize":-1,"optimizeFlankLength":false,"symmetryString":"null","roundSpecificActivity":true,"informationThreshold":0.1,"optimizeMotifShift":false,"fittingStages":[],"optimizeMotifShiftHeuristic":false,"experimentSpecificPositionBias":true,"minSize":-1,"experimentSpecificActivity":true,"optimizeSize":false},{"maxFlankLength":-1,"positionBiasBinWidth":1,"optimizeSizeHeuristic":false,"maxSize":-1,"optimizeFlankLength":true,"symmetryString":"abcdefFEDCBA","roundSpecificActivity":true,"informationThreshold":0.1,"optimizeMotifShift":false,"fittingStages":[{"optimizeFlankLength":true},{"optimizeMotifShift":false},{"optimizeMotifShiftHeuristic":false}],"optimizeMotifShiftHeuristic":false,"experimentSpecificPositionBias":true,"minSize":-1,"experimentSpecificActivity":true,"optimizeSize":false},{"maxFlankLength":-1,"positionBiasBinWidth":1,"optimizeSizeHeuristic":false,"maxSize":-1,"optimizeFlankLength":true,"symmetryString":"abcdefghHGFEDCBA","roundSpecificActivity":true,"informationThreshold":0.1,"optimizeMotifShift":false,"fittingStages":[{"optimizeFlankLength":true},{"optimizeMotifShift":false},{"optimizeMotifShiftHeuristic":false}],"optimizeMotifShiftHeuristic":false,"experimentSpecificPositionBias":true,"minSize":-1,"experimentSpecificActivity":true,"optimizeSize":false}]}}
{"metadata":{"timeStamp":"2023-04-01 12:40:54.264","logLikelihoodPerRead":1.6119705255950607,"logLikelihood":804647.7294577006,"gradientCalls":253,"fitSteps":236,"regularization":0.0026750666796595806,"functionCalls":0,"fitter":"proBound","fitName":"component1-1-f0","fitTime":42.32,"dataLoops":253},"optimizerSetting":{"output":{"outputPath":"/mnt/e/desktop/HB_Rotation_1/ProBound_run/TFEC_Yang2017/result","baseName":"fit"},"nThreads":12,"likelihoodThreshold":2.0E-4,"lbfgsSettings":{"memory":100,"convergence":1.0E-7,"MCSearch":true,"maxIters":2000},"lambdaL2":1.0E-6,"fixedLibrarySize":false,"expBound":40,"nRetries":3,"hkSettings":{"epsilon":1.0E-7,"kickFinal":false,"fdDelta":1.0E-4,"kickAll":false,"maxIters":200,"evCutoff":1.0E-9}},"modelSettings":{"enrichmentModel":[{"variationsOptimized":false,"bindingSaturation":false,"cumulativeEnrichment":true,"concentration":1,"modelType":"SELEX","bindingModeInteractions":[],"componentName":"SELEX enrichment model 0","freezingLevel":0,"includeComponent":true,"bindingModes":[0,1,2],"variationDescription":[],"modifications":[]}],"letterOrder":"ACGT","countTable":[{"leftFlank":"CGGAGTCGGCAAGCAGAAGACGGCATACGATAAC","variationsOptimized":true,"transliterate":{"in":[],"out":[]},"variableRegionLength":20,"countTableFile":"/mnt/e/countTables/Yang2017/TFEC_ESAF_TAGTGG20NGTT.100000.tsv","modeledColumns":[0,1,2,3,4],"inputFileType":"tsv","nColumns":5,"rightFlank":"CCACTAGATCGGAAGAGCGTCG","componentName":"Count table 0","freezingLevel":0,"includeComponent":true,"variationDescription":[]}],"bindingModeInteractions":[],"bindingModes":[{"variationsOptimized":true,"fitLogActivity":true,"flankLength":0,"singleStrand":false,"variationName":"0;0;0","size":0,"dinucleotideDistance":0,"componentName":"Binding mode 0","freezingLevel":0,"positionBias":false,"includeComponent":true,"variationDescription":[{"variationName":"0;0;0","descriptionString":"Initial model."}],"modifications":[]},{"variationsOptimized":false,"fitLogActivity":true,"flankLength":0,"singleStrand":false,"variationName":"12;0;0","size":12,"dinucleotideDistance":0,"componentName":"Binding mode 1","freezingLevel":0,"positionBias":false,"includeComponent":true,"variationDescription":[],"modifications":[]},{"variationsOptimized":false,"fitLogActivity":true,"flankLength":0,"singleStrand":false,"variationName":"16;0;0","size":16,"dinucleotideDistance":0,"componentName":"Binding mode 2","freezingLevel":0,"positionBias":false,"includeComponent":false,"variationDescription":[],"modifications":[]}],"letterComplement":"C-G,A-T"},"coefficients":{"enrichmentModel":[{}],"countTable":[{"h":[1.43432286819295,1.1650739855397834,-0.3036450499584118,-0.9516426071258083,-1.3441091965900107]}],"bindingModeInteractions":[],"bindingModes":[{"mononucleotide":[],"activity":[[-3.20301616241932E-6,-2.6276779090313805E-6,-2.953585538894332E-6,-2.883374334338198E-6,-2.6074069900310022E-6]],"dinucleotide":[],"modifications":[]},{"mononucleotide":[-0.2246261519645688,-0.2268630576967287,-0.3012172531022388,-0.19999524616404604,-0.30515673432188417,-0.17765355099753963,-0.19009616713567515,-0.2797952564804786,-0.2606616618661655,-0.2623978439785262,-0.1901580701361228,-0.23948413296173712,-0.2362991587637247,-0.21456330727498604,-0.2536115580198689,-0.26602837725813844,-0.22195659567503964,-0.25370746203561406,-0.2566867703423727,-0.23815157326881722,-0.2273682782655424,-0.24431635598381174,-0.24646000093409748,-0.23455707375712836,-0.23455707375712836,-0.24646000093409748,-0.24431635598381174,-0.2273682782655424,-0.23815157326881722,-0.2566867703423727,-0.25370746203561406,-0.22195659567503964,-0.26602837725813844,-0.2536115580198689,-0.21456330727498604,-0.2362991587637247,-0.23948413296173712,-0.1901580701361228,-0.2623978439785262,-0.2606616618661655,-0.2797952564804786,-0.19009616713567515,-0.17765355099753963,-0.30515673432188417,-0.19999524616404604,-0.3012172531022388,-0.2268630576967287,-0.2246261519645688],"activity":[[0.015786972487859003,-1.1886427602815597,1.192793200740839,-0.10706800857217169,-0.7475132865548946]],"dinucleotide":[],"modifications":[]},{"mononucleotide":[0,0,0,0,0,0,0,0,0,0,0,0,0,0,0,0,0,0,0,0,0,0,0,0,0,0,0,0,0,0,0,0,0,0,0,0,0,0,0,0,0,0,0,0,0,0,0,0,0,0,0,0,0,0,0,0,0,0,0,0,0,0,0,0],"activity":[[0,0,0,0,0]],"dinucleotide":[],"modifications":[]}]},"modelFittingConstraints":{"enrichmentModel":[{"trySaturation":false}],"countTable":[{}],"bindingModes":[{"maxFlankLength":-1,"positionBiasBinWidth":1,"optimizeSizeHeuristic":false,"maxSize":-1,"optimizeFlankLength":false,"symmetryString":"null","roundSpecificActivity":true,"informationThreshold":0.1,"optimizeMotifShift":false,"fittingStages":[],"optimizeMotifShiftHeuristic":false,"experimentSpecificPositionBias":true,"minSize":-1,"experimentSpecificActivity":true,"optimizeSize":false},{"maxFlankLength":-1,"positionBiasBinWidth":1,"optimizeSizeHeuristic":false,"maxSize":-1,"optimizeFlankLength":true,"symmetryString":"abcdefFEDCBA","roundSpecificActivity":true,"informationThreshold":0.1,"optimizeMotifShift":false,"fittingStages":[{"optimizeFlankLength":true},{"optimizeMotifShift":false},{"optimizeMotifShiftHeuristic":false}],"optimizeMotifShiftHeuristic":false,"experimentSpecificPositionBias":true,"minSize":-1,"experimentSpecificActivity":true,"optimizeSize":false},{"maxFlankLength":-1,"positionBiasBinWidth":1,"optimizeSizeHeuristic":false,"maxSize":-1,"optimizeFlankLength":true,"symmetryString":"abcdefghHGFEDCBA","roundSpecificActivity":true,"informationThreshold":0.1,"optimizeMotifShift":false,"fittingStages":[{"optimizeFlankLength":true},{"optimizeMotifShift":false},{"optimizeMotifShiftHeuristic":false}],"optimizeMotifShiftHeuristic":false,"experimentSpecificPositionBias":true,"minSize":-1,"experimentSpecificActivity":true,"optimizeSize":false}]}}
{"metadata":{"timeStamp":"2023-04-01 12:40:54.462","logLikelihoodPerRead":1.6119705255950607,"logLikelihood":804647.7294577006,"gradientCalls":254,"fitSteps":239,"regularization":0.0026750666796595806,"functionCalls":0,"fitter":"proBound","fitName":"component1-2-variation0","fitTime":42.518,"dataLoops":254},"optimizerSetting":{"output":{"outputPath":"/mnt/e/desktop/HB_Rotation_1/ProBound_run/TFEC_Yang2017/result","baseName":"fit"},"nThreads":12,"likelihoodThreshold":2.0E-4,"lbfgsSettings":{"memory":100,"convergence":1.0E-7,"MCSearch":true,"maxIters":2000},"lambdaL2":1.0E-6,"fixedLibrarySize":false,"expBound":40,"nRetries":3,"hkSettings":{"epsilon":1.0E-7,"kickFinal":false,"fdDelta":1.0E-4,"kickAll":false,"maxIters":200,"evCutoff":1.0E-9}},"modelSettings":{"enrichmentModel":[{"variationsOptimized":false,"bindingSaturation":false,"cumulativeEnrichment":true,"concentration":1,"modelType":"SELEX","bindingModeInteractions":[],"componentName":"SELEX enrichment model 0","freezingLevel":0,"includeComponent":true,"bindingModes":[0,1,2],"variationDescription":[],"modifications":[]}],"letterOrder":"ACGT","countTable":[{"leftFlank":"CGGAGTCGGCAAGCAGAAGACGGCATACGATAAC","variationsOptimized":true,"transliterate":{"in":[],"out":[]},"variableRegionLength":20,"countTableFile":"/mnt/e/countTables/Yang2017/TFEC_ESAF_TAGTGG20NGTT.100000.tsv","modeledColumns":[0,1,2,3,4],"inputFileType":"tsv","nColumns":5,"rightFlank":"CCACTAGATCGGAAGAGCGTCG","componentName":"Count table 0","freezingLevel":0,"includeComponent":true,"variationDescription":[]}],"bindingModeInteractions":[],"bindingModes":[{"variationsOptimized":true,"fitLogActivity":true,"flankLength":0,"singleStrand":false,"variationName":"0;0;0","size":0,"dinucleotideDistance":0,"componentName":"Binding mode 0","freezingLevel":0,"positionBias":false,"includeComponent":true,"variationDescription":[{"variationName":"0;0;0","descriptionString":"Initial model."}],"modifications":[]},{"variationsOptimized":false,"fitLogActivity":true,"flankLength":0,"singleStrand":false,"variationName":"12;0;0","size":12,"dinucleotideDistance":0,"componentName":"Binding mode 1","freezingLevel":0,"positionBias":false,"includeComponent":true,"variationDescription":[{"variationName":"12;0;0","descriptionString":"Initial model."}],"modifications":[]},{"variationsOptimized":false,"fitLogActivity":true,"flankLength":0,"singleStrand":false,"variationName":"16;0;0","size":16,"dinucleotideDistance":0,"componentName":"Binding mode 2","freezingLevel":0,"positionBias":false,"includeComponent":false,"variationDescription":[],"modifications":[]}],"letterComplement":"C-G,A-T"},"coefficients":{"enrichmentModel":[{}],"countTable":[{"h":[1.43432286819295,1.1650739855397834,-0.3036450499584118,-0.9516426071258083,-1.3441091965900107]}],"bindingModeInteractions":[],"bindingModes":[{"mononucleotide":[],"activity":[[-3.20301616241932E-6,-2.6276779090313805E-6,-2.953585538894332E-6,-2.883374334338198E-6,-2.6074069900310022E-6]],"dinucleotide":[],"modifications":[]},{"mononucleotide":[-0.2246261519645688,-0.2268630576967287,-0.3012172531022388,-0.19999524616404604,-0.30515673432188417,-0.17765355099753963,-0.19009616713567515,-0.2797952564804786,-0.2606616618661655,-0.2623978439785262,-0.1901580701361228,-0.23948413296173712,-0.2362991587637247,-0.21456330727498604,-0.2536115580198689,-0.26602837725813844,-0.22195659567503964,-0.25370746203561406,-0.2566867703423727,-0.23815157326881722,-0.2273682782655424,-0.24431635598381174,-0.24646000093409748,-0.23455707375712836,-0.23455707375712836,-0.24646000093409748,-0.24431635598381174,-0.2273682782655424,-0.23815157326881722,-0.2566867703423727,-0.25370746203561406,-0.22195659567503964,-0.26602837725813844,-0.2536115580198689,-0.21456330727498604,-0.2362991587637247,-0.23948413296173712,-0.1901580701361228,-0.2623978439785262,-0.2606616618661655,-0.2797952564804786,-0.19009616713567515,-0.17765355099753963,-0.30515673432188417,-0.19999524616404604,-0.3012172531022388,-0.2268630576967287,-0.2246261519645688],"activity":[[0.015786972487859003,-1.1886427602815597,1.192793200740839,-0.10706800857217169,-0.7475132865548946]],"dinucleotide":[],"modifications":[]},{"mononucleotide":[0,0,0,0,0,0,0,0,0,0,0,0,0,0,0,0,0,0,0,0,0,0,0,0,0,0,0,0,0,0,0,0,0,0,0,0,0,0,0,0,0,0,0,0,0,0,0,0,0,0,0,0,0,0,0,0,0,0,0,0,0,0,0,0],"activity":[[0,0,0,0,0]],"dinucleotide":[],"modifications":[]}]},"modelFittingConstraints":{"enrichmentModel":[{"trySaturation":false}],"countTable":[{}],"bindingModes":[{"maxFlankLength":-1,"positionBiasBinWidth":1,"optimizeSizeHeuristic":false,"maxSize":-1,"optimizeFlankLength":false,"symmetryString":"null","roundSpecificActivity":true,"informationThreshold":0.1,"optimizeMotifShift":false,"fittingStages":[],"optimizeMotifShiftHeuristic":false,"experimentSpecificPositionBias":true,"minSize":-1,"experimentSpecificActivity":true,"optimizeSize":false},{"maxFlankLength":-1,"positionBiasBinWidth":1,"optimizeSizeHeuristic":false,"maxSize":-1,"optimizeFlankLength":true,"symmetryString":"abcdefFEDCBA","roundSpecificActivity":true,"informationThreshold":0.1,"optimizeMotifShift":false,"fittingStages":[{"optimizeFlankLength":true},{"optimizeMotifShift":false},{"optimizeMotifShiftHeuristic":false}],"optimizeMotifShiftHeuristic":false,"experimentSpecificPositionBias":true,"minSize":-1,"experimentSpecificActivity":true,"optimizeSize":false},{"maxFlankLength":-1,"positionBiasBinWidth":1,"optimizeSizeHeuristic":false,"maxSize":-1,"optimizeFlankLength":true,"symmetryString":"abcdefghHGFEDCBA","roundSpecificActivity":true,"informationThreshold":0.1,"optimizeMotifShift":false,"fittingStages":[{"optimizeFlankLength":true},{"optimizeMotifShift":false},{"optimizeMotifShiftHeuristic":false}],"optimizeMotifShiftHeuristic":false,"experimentSpecificPositionBias":true,"minSize":-1,"experimentSpecificActivity":true,"optimizeSize":false}]}}
{"metadata":{"timeStamp":"2023-04-01 12:41:30.749","logLikelihoodPerRead":1.6119809275955814,"logLikelihood":804652.7548263083,"gradientCalls":414,"fitSteps":392,"regularization":0.002675417942964928,"functionCalls":0,"fitter":"proBound","fitName":"component1-2-variation1","fitTime":78.805,"dataLoops":414},"optimizerSetting":{"output":{"outputPath":"/mnt/e/desktop/HB_Rotation_1/ProBound_run/TFEC_Yang2017/result","baseName":"fit"},"nThreads":12,"likelihoodThreshold":2.0E-4,"lbfgsSettings":{"memory":100,"convergence":1.0E-7,"MCSearch":true,"maxIters":2000},"lambdaL2":1.0E-6,"fixedLibrarySize":false,"expBound":40,"nRetries":3,"hkSettings":{"epsilon":1.0E-7,"kickFinal":false,"fdDelta":1.0E-4,"kickAll":false,"maxIters":200,"evCutoff":1.0E-9}},"modelSettings":{"enrichmentModel":[{"variationsOptimized":false,"bindingSaturation":false,"cumulativeEnrichment":true,"concentration":1,"modelType":"SELEX","bindingModeInteractions":[],"componentName":"SELEX enrichment model 0","freezingLevel":0,"includeComponent":true,"bindingModes":[0,1,2],"variationDescription":[],"modifications":[]}],"letterOrder":"ACGT","countTable":[{"leftFlank":"CGGAGTCGGCAAGCAGAAGACGGCATACGATAAC","variationsOptimized":true,"transliterate":{"in":[],"out":[]},"variableRegionLength":20,"countTableFile":"/mnt/e/countTables/Yang2017/TFEC_ESAF_TAGTGG20NGTT.100000.tsv","modeledColumns":[0,1,2,3,4],"inputFileType":"tsv","nColumns":5,"rightFlank":"CCACTAGATCGGAAGAGCGTCG","componentName":"Count table 0","freezingLevel":0,"includeComponent":true,"variationDescription":[]}],"bindingModeInteractions":[],"bindingModes":[{"variationsOptimized":true,"fitLogActivity":true,"flankLength":0,"singleStrand":false,"variationName":"0;0;0","size":0,"dinucleotideDistance":0,"componentName":"Binding mode 0","freezingLevel":0,"positionBias":false,"includeComponent":true,"variationDescription":[{"variationName":"0;0;0","descriptionString":"Initial model."}],"modifications":[]},{"variationsOptimized":false,"fitLogActivity":true,"flankLength":1,"singleStrand":false,"variationName":"12;0;0","size":12,"dinucleotideDistance":0,"componentName":"Binding mode 1","freezingLevel":0,"positionBias":false,"includeComponent":true,"variationDescription":[{"variationName":"12;1;0","descriptionString":"Increases flank length."},{"variationName":"12;0;0","descriptionString":"Initial model."}],"modifications":[]},{"variationsOptimized":false,"fitLogActivity":true,"flankLength":0,"singleStrand":false,"variationName":"16;0;0","size":16,"dinucleotideDistance":0,"componentName":"Binding mode 2","freezingLevel":0,"positionBias":false,"includeComponent":false,"variationDescription":[],"modifications":[]}],"letterComplement":"C-G,A-T"},"coefficients":{"enrichmentModel":[{}],"countTable":[{"h":[1.1717692071988797,0.9780227651302216,-0.3607933118210675,-0.7827672500728363,-1.0062314104252654]}],"bindingModeInteractions":[],"bindingModes":[{"mononucleotide":[],"activity":[[-3.20301616241932E-6,-2.6276779090313805E-6,-2.953585538894332E-6,-2.883374334338198E-6,-2.6074069900310022E-6]],"dinucleotide":[],"modifications":[]},{"mononucleotide":[-0.28358869822308386,-0.22947544258047334,-0.33188372825978396,-0.3045110034939455,-0.2987963721603442,-0.30989848909825074,-0.30758530478445156,-0.23317870651404926,-0.3559487669716483,-0.26087267627267346,-0.24298825822077705,-0.2896491710922861,-0.3074617120488942,-0.29407293590277583,-0.23831043894137158,-0.3092974905952313,-0.25499151425057953,-0.24442329660897275,-0.31006824544470907,-0.3396595211825627,-0.25546174675731503,-0.2888869287374673,-0.3191283431774583,-0.2859818538860975,-0.2859818538860975,-0.3191283431774583,-0.2888869287374673,-0.25546174675731503,-0.3396595211825627,-0.31006824544470907,-0.24442329660897275,-0.25499151425057953,-0.3092974905952313,-0.23831043894137158,-0.29407293590277583,-0.3074617120488942,-0.2896491710922861,-0.24298825822077705,-0.26087267627267346,-0.3559487669716483,-0.23317870651404926,-0.30758530478445156,-0.30989848909825074,-0.2987963721603442,-0.3045110034939455,-0.33188372825978396,-0.22947544258047334,-0.28358869822308386],"activity":[[0.0016441020116592117,-1.1869543900199588,1.3904864649644657,-0.2892129391540657,-1.0297160850484197]],"dinucleotide":[],"modifications":[]},{"mononucleotide":[0,0,0,0,0,0,0,0,0,0,0,0,0,0,0,0,0,0,0,0,0,0,0,0,0,0,0,0,0,0,0,0,0,0,0,0,0,0,0,0,0,0,0,0,0,0,0,0,0,0,0,0,0,0,0,0,0,0,0,0,0,0,0,0],"activity":[[0,0,0,0,0]],"dinucleotide":[],"modifications":[]}]},"modelFittingConstraints":{"enrichmentModel":[{"trySaturation":false}],"countTable":[{}],"bindingModes":[{"maxFlankLength":-1,"positionBiasBinWidth":1,"optimizeSizeHeuristic":false,"maxSize":-1,"optimizeFlankLength":false,"symmetryString":"null","roundSpecificActivity":true,"informationThreshold":0.1,"optimizeMotifShift":false,"fittingStages":[],"optimizeMotifShiftHeuristic":false,"experimentSpecificPositionBias":true,"minSize":-1,"experimentSpecificActivity":true,"optimizeSize":false},{"maxFlankLength":-1,"positionBiasBinWidth":1,"optimizeSizeHeuristic":false,"maxSize":-1,"optimizeFlankLength":true,"symmetryString":"abcdefFEDCBA","roundSpecificActivity":true,"informationThreshold":0.1,"optimizeMotifShift":false,"fittingStages":[{"optimizeFlankLength":true},{"optimizeMotifShift":false},{"optimizeMotifShiftHeuristic":false}],"optimizeMotifShiftHeuristic":false,"experimentSpecificPositionBias":true,"minSize":-1,"experimentSpecificActivity":true,"optimizeSize":false},{"maxFlankLength":-1,"positionBiasBinWidth":1,"optimizeSizeHeuristic":false,"maxSize":-1,"optimizeFlankLength":true,"symmetryString":"abcdefghHGFEDCBA","roundSpecificActivity":true,"informationThreshold":0.1,"optimizeMotifShift":false,"fittingStages":[{"optimizeFlankLength":true},{"optimizeMotifShift":false},{"optimizeMotifShiftHeuristic":false}],"optimizeMotifShiftHeuristic":false,"experimentSpecificPositionBias":true,"minSize":-1,"experimentSpecificActivity":true,"optimizeSize":false}]}}
{"metadata":{"timeStamp":"2023-04-01 12:42:13.548","logLikelihoodPerRead":1.6119623473663764,"logLikelihood":804645.3425787342,"gradientCalls":634,"fitSteps":599,"regularization":0.0026716622089082956,"functionCalls":0,"fitter":"proBound","fitName":"component1-4-all","fitTime":121.604,"dataLoops":634},"optimizerSetting":{"output":{"outputPath":"/mnt/e/desktop/HB_Rotation_1/ProBound_run/TFEC_Yang2017/result","baseName":"fit"},"nThreads":12,"likelihoodThreshold":2.0E-4,"lbfgsSettings":{"memory":100,"convergence":1.0E-7,"MCSearch":true,"maxIters":2000},"lambdaL2":1.0E-6,"fixedLibrarySize":false,"expBound":40,"nRetries":3,"hkSettings":{"epsilon":1.0E-7,"kickFinal":false,"fdDelta":1.0E-4,"kickAll":false,"maxIters":200,"evCutoff":1.0E-9}},"modelSettings":{"enrichmentModel":[{"variationsOptimized":false,"bindingSaturation":false,"cumulativeEnrichment":true,"concentration":1,"modelType":"SELEX","bindingModeInteractions":[],"componentName":"SELEX enrichment model 0","freezingLevel":0,"includeComponent":true,"bindingModes":[0,1,2],"variationDescription":[],"modifications":[]}],"letterOrder":"ACGT","countTable":[{"leftFlank":"CGGAGTCGGCAAGCAGAAGACGGCATACGATAAC","variationsOptimized":true,"transliterate":{"in":[],"out":[]},"variableRegionLength":20,"countTableFile":"/mnt/e/countTables/Yang2017/TFEC_ESAF_TAGTGG20NGTT.100000.tsv","modeledColumns":[0,1,2,3,4],"inputFileType":"tsv","nColumns":5,"rightFlank":"CCACTAGATCGGAAGAGCGTCG","componentName":"Count table 0","freezingLevel":0,"includeComponent":true,"variationDescription":[]}],"bindingModeInteractions":[],"bindingModes":[{"variationsOptimized":true,"fitLogActivity":true,"flankLength":0,"singleStrand":false,"variationName":"0;0;0","size":0,"dinucleotideDistance":0,"componentName":"Binding mode 0","freezingLevel":0,"positionBias":false,"includeComponent":true,"variationDescription":[{"variationName":"0;0;0","descriptionString":"Initial model."}],"modifications":[]},{"variationsOptimized":true,"fitLogActivity":true,"flankLength":0,"singleStrand":false,"variationName":"12;0;0","size":12,"dinucleotideDistance":0,"componentName":"Binding mode 1","freezingLevel":0,"positionBias":false,"includeComponent":true,"variationDescription":[{"variationName":"12;1;0","descriptionString":"Increases flank length."},{"variationName":"12;0;0","descriptionString":"Initial model."}],"modifications":[]},{"variationsOptimized":false,"fitLogActivity":true,"flankLength":0,"singleStrand":false,"variationName":"16;0;0","size":16,"dinucleotideDistance":0,"componentName":"Binding mode 2","freezingLevel":0,"positionBias":false,"includeComponent":false,"variationDescription":[],"modifications":[]}],"letterComplement":"C-G,A-T"},"coefficients":{"enrichmentModel":[{}],"countTable":[{"h":[0.8019025062507873,0.41194871750072326,-0.13114341358073206,-0.3733117766308287,-0.7093960335390318]}],"bindingModeInteractions":[],"bindingModes":[{"mononucleotide":[],"activity":[[-3.577189169492529E-9,0.05905681655810553,-1.6505918127402854,-0.9958524272952836,-0.2608451079767486]],"dinucleotide":[],"modifications":[]},{"mononucleotide":[-0.22946206256966,-0.23199961193497032,-0.29856025609288106,-0.20893277331026375,-0.2991637930452599,-0.19093340928561214,-0.20067956101119946,-0.27817794056997835,-0.25980348076758825,-0.2675032773441035,-0.19989475823806382,-0.24175318755224956,-0.23553167329155553,-0.2180936924091845,-0.252160465896866,-0.2627193112973591,-0.22470421832322857,-0.2521682225053857,-0.25415492023985653,-0.23747778183554452,-0.23250585348420558,-0.2492954030186479,-0.24799543439892502,-0.23915801300084594,-0.23915801300084594,-0.24799543439892502,-0.2492954030186479,-0.23250585348420558,-0.23747778183554452,-0.25415492023985653,-0.2521682225053857,-0.22470421832322857,-0.2627193112973591,-0.252160465896866,-0.2180936924091845,-0.23553167329155553,-0.24175318755224956,-0.19989475823806382,-0.2675032773441035,-0.25980348076758825,-0.27817794056997835,-0.20067956101119946,-0.19093340928561214,-0.2991637930452599,-0.20893277331026375,-0.29856025609288106,-0.23199961193497032,-0.22946206256966],"activity":[[1.7631202708161452E-5,-0.8606849453421666,0.4409757784496382,-0.08441102080532233,-0.44788463837836884]],"dinucleotide":[],"modifications":[]},{"mononucleotide":[0,0,0,0,0,0,0,0,0,0,0,0,0,0,0,0,0,0,0,0,0,0,0,0,0,0,0,0,0,0,0,0,0,0,0,0,0,0,0,0,0,0,0,0,0,0,0,0,0,0,0,0,0,0,0,0,0,0,0,0,0,0,0,0],"activity":[[0,0,0,0,0]],"dinucleotide":[],"modifications":[]}]},"modelFittingConstraints":{"enrichmentModel":[{"trySaturation":false}],"countTable":[{}],"bindingModes":[{"maxFlankLength":-1,"positionBiasBinWidth":1,"optimizeSizeHeuristic":false,"maxSize":-1,"optimizeFlankLength":false,"symmetryString":"null","roundSpecificActivity":true,"informationThreshold":0.1,"optimizeMotifShift":false,"fittingStages":[],"optimizeMotifShiftHeuristic":false,"experimentSpecificPositionBias":true,"minSize":-1,"experimentSpecificActivity":true,"optimizeSize":false},{"maxFlankLength":-1,"positionBiasBinWidth":1,"optimizeSizeHeuristic":false,"maxSize":-1,"optimizeFlankLength":false,"symmetryString":"abcdefFEDCBA","roundSpecificActivity":true,"informationThreshold":0.1,"optimizeMotifShift":false,"fittingStages":[{"optimizeFlankLength":true},{"optimizeMotifShift":false},{"optimizeMotifShiftHeuristic":false}],"optimizeMotifShiftHeuristic":false,"experimentSpecificPositionBias":true,"minSize":-1,"experimentSpecificActivity":true,"optimizeSize":false},{"maxFlankLength":-1,"positionBiasBinWidth":1,"optimizeSizeHeuristic":false,"maxSize":-1,"optimizeFlankLength":true,"symmetryString":"abcdefghHGFEDCBA","roundSpecificActivity":true,"informationThreshold":0.1,"optimizeMotifShift":false,"fittingStages":[{"optimizeFlankLength":true},{"optimizeMotifShift":false},{"optimizeMotifShiftHeuristic":false}],"optimizeMotifShiftHeuristic":false,"experimentSpecificPositionBias":true,"minSize":-1,"experimentSpecificActivity":true,"optimizeSize":false}]}}
{"metadata":{"timeStamp":"2023-04-01 12:42:14.557","logLikelihoodPerRead":1.6093521368414738,"logLikelihood":804656.0137680824,"gradientCalls":642,"fitSteps":608,"regularization":4.010930530912524E-5,"functionCalls":0,"fitter":"proBound","fitName":"component2-0-h","fitTime":122.613,"dataLoops":642},"optimizerSetting":{"output":{"outputPath":"/mnt/e/desktop/HB_Rotation_1/ProBound_run/TFEC_Yang2017/result","baseName":"fit"},"nThreads":12,"likelihoodThreshold":2.0E-4,"lbfgsSettings":{"memory":100,"convergence":1.0E-7,"MCSearch":true,"maxIters":2000},"lambdaL2":1.0E-6,"fixedLibrarySize":false,"expBound":40,"nRetries":3,"hkSettings":{"epsilon":1.0E-7,"kickFinal":false,"fdDelta":1.0E-4,"kickAll":false,"maxIters":200,"evCutoff":1.0E-9}},"modelSettings":{"enrichmentModel":[{"variationsOptimized":false,"bindingSaturation":false,"cumulativeEnrichment":true,"concentration":1,"modelType":"SELEX","bindingModeInteractions":[],"componentName":"SELEX enrichment model 0","freezingLevel":0,"includeComponent":true,"bindingModes":[0,1,2],"variationDescription":[],"modifications":[]}],"letterOrder":"ACGT","countTable":[{"leftFlank":"CGGAGTCGGCAAGCAGAAGACGGCATACGATAAC","variationsOptimized":true,"transliterate":{"in":[],"out":[]},"variableRegionLength":20,"countTableFile":"/mnt/e/countTables/Yang2017/TFEC_ESAF_TAGTGG20NGTT.100000.tsv","modeledColumns":[0,1,2,3,4],"inputFileType":"tsv","nColumns":5,"rightFlank":"CCACTAGATCGGAAGAGCGTCG","componentName":"Count table 0","freezingLevel":0,"includeComponent":true,"variationDescription":[]}],"bindingModeInteractions":[],"bindingModes":[{"variationsOptimized":true,"fitLogActivity":true,"flankLength":0,"singleStrand":false,"variationName":"0;0;0","size":0,"dinucleotideDistance":0,"componentName":"Binding mode 0","freezingLevel":0,"positionBias":false,"includeComponent":true,"variationDescription":[{"variationName":"0;0;0","descriptionString":"Initial model."}],"modifications":[]},{"variationsOptimized":true,"fitLogActivity":true,"flankLength":0,"singleStrand":false,"variationName":"12;0;0","size":12,"dinucleotideDistance":0,"componentName":"Binding mode 1","freezingLevel":0,"positionBias":false,"includeComponent":true,"variationDescription":[{"variationName":"12;1;0","descriptionString":"Increases flank length."},{"variationName":"12;0;0","descriptionString":"Initial model."}],"modifications":[]},{"variationsOptimized":false,"fitLogActivity":true,"flankLength":0,"singleStrand":false,"variationName":"16;0;0","size":16,"dinucleotideDistance":0,"componentName":"Binding mode 2","freezingLevel":0,"positionBias":false,"includeComponent":true,"variationDescription":[],"modifications":[]}],"letterComplement":"C-G,A-T"},"coefficients":{"enrichmentModel":[{}],"countTable":[{"h":[2.0444152722321665,0.7291952642604825,-0.0598560423210371,-0.7995023747869527,-1.9142521193837412]}],"bindingModeInteractions":[],"bindingModes":[{"mononucleotide":[],"activity":[[-3.577189169492529E-9,0.05905681655810553,-1.6505918127402854,-0.9958524272952836,-0.2608451079767486]],"dinucleotide":[],"modifications":[]},{"mononucleotide":[-0.22946206256966,-0.23199961193497032,-0.29856025609288106,-0.20893277331026375,-0.2991637930452599,-0.19093340928561214,-0.20067956101119946,-0.27817794056997835,-0.25980348076758825,-0.2675032773441035,-0.19989475823806382,-0.24175318755224956,-0.23553167329155553,-0.2180936924091845,-0.252160465896866,-0.2627193112973591,-0.22470421832322857,-0.2521682225053857,-0.25415492023985653,-0.23747778183554452,-0.23250585348420558,-0.2492954030186479,-0.24799543439892502,-0.23915801300084594,-0.23915801300084594,-0.24799543439892502,-0.2492954030186479,-0.23250585348420558,-0.23747778183554452,-0.25415492023985653,-0.2521682225053857,-0.22470421832322857,-0.2627193112973591,-0.252160465896866,-0.2180936924091845,-0.23553167329155553,-0.24175318755224956,-0.19989475823806382,-0.2675032773441035,-0.25980348076758825,-0.27817794056997835,-0.20067956101119946,-0.19093340928561214,-0.2991637930452599,-0.20893277331026375,-0.29856025609288106,-0.23199961193497032,-0.22946206256966],"activity":[[1.7631202708161452E-5,-0.8606849453421666,0.4409757784496382,-0.08441102080532233,-0.44788463837836884]],"dinucleotide":[],"modifications":[]},{"mononucleotide":[0,0,0,0,0,0,0,0,0,0,0,0,0,0,0,0,0,0,0,0,0,0,0,0,0,0,0,0,0,0,0,0,0,0,0,0,0,0,0,0,0,0,0,0,0,0,0,0,0,0,0,0,0,0,0,0,0,0,0,0,0,0,0,0],"activity":[[-1.5373835055067147,-1.4922524833496653,-3.0367909311571206,-2.499593764726546,-1.8021594800873773]],"dinucleotide":[],"modifications":[]}]},"modelFittingConstraints":{"enrichmentModel":[{"trySaturation":false}],"countTable":[{}],"bindingModes":[{"maxFlankLength":-1,"positionBiasBinWidth":1,"optimizeSizeHeuristic":false,"maxSize":-1,"optimizeFlankLength":false,"symmetryString":"null","roundSpecificActivity":true,"informationThreshold":0.1,"optimizeMotifShift":false,"fittingStages":[],"optimizeMotifShiftHeuristic":false,"experimentSpecificPositionBias":true,"minSize":-1,"experimentSpecificActivity":true,"optimizeSize":false},{"maxFlankLength":-1,"positionBiasBinWidth":1,"optimizeSizeHeuristic":false,"maxSize":-1,"optimizeFlankLength":false,"symmetryString":"abcdefFEDCBA","roundSpecificActivity":true,"informationThreshold":0.1,"optimizeMotifShift":false,"fittingStages":[{"optimizeFlankLength":true},{"optimizeMotifShift":false},{"optimizeMotifShiftHeuristic":false}],"optimizeMotifShiftHeuristic":false,"experimentSpecificPositionBias":true,"minSize":-1,"experimentSpecificActivity":true,"optimizeSize":false},{"maxFlankLength":-1,"positionBiasBinWidth":1,"optimizeSizeHeuristic":false,"maxSize":-1,"optimizeFlankLength":true,"symmetryString":"abcdefghHGFEDCBA","roundSpecificActivity":true,"informationThreshold":0.1,"optimizeMotifShift":false,"fittingStages":[{"optimizeFlankLength":true},{"optimizeMotifShift":false},{"optimizeMotifShiftHeuristic":false}],"optimizeMotifShiftHeuristic":false,"experimentSpecificPositionBias":true,"minSize":-1,"experimentSpecificActivity":true,"optimizeSize":false}]}}
{"metadata":{"timeStamp":"2023-04-01 12:42:47.456","logLikelihoodPerRead":1.6128081897012156,"logLikelihood":804618.7684047432,"gradientCalls":805,"fitSteps":761,"regularization":0.003570652891729411,"functionCalls":0,"fitter":"proBound","fitName":"component2-1-f0","fitTime":155.512,"dataLoops":805},"optimizerSetting":{"output":{"outputPath":"/mnt/e/desktop/HB_Rotation_1/ProBound_run/TFEC_Yang2017/result","baseName":"fit"},"nThreads":12,"likelihoodThreshold":2.0E-4,"lbfgsSettings":{"memory":100,"convergence":1.0E-7,"MCSearch":true,"maxIters":2000},"lambdaL2":1.0E-6,"fixedLibrarySize":false,"expBound":40,"nRetries":3,"hkSettings":{"epsilon":1.0E-7,"kickFinal":false,"fdDelta":1.0E-4,"kickAll":false,"maxIters":200,"evCutoff":1.0E-9}},"modelSettings":{"enrichmentModel":[{"variationsOptimized":false,"bindingSaturation":false,"cumulativeEnrichment":true,"concentration":1,"modelType":"SELEX","bindingModeInteractions":[],"componentName":"SELEX enrichment model 0","freezingLevel":0,"includeComponent":true,"bindingModes":[0,1,2],"variationDescription":[],"modifications":[]}],"letterOrder":"ACGT","countTable":[{"leftFlank":"CGGAGTCGGCAAGCAGAAGACGGCATACGATAAC","variationsOptimized":true,"transliterate":{"in":[],"out":[]},"variableRegionLength":20,"countTableFile":"/mnt/e/countTables/Yang2017/TFEC_ESAF_TAGTGG20NGTT.100000.tsv","modeledColumns":[0,1,2,3,4],"inputFileType":"tsv","nColumns":5,"rightFlank":"CCACTAGATCGGAAGAGCGTCG","componentName":"Count table 0","freezingLevel":0,"includeComponent":true,"variationDescription":[]}],"bindingModeInteractions":[],"bindingModes":[{"variationsOptimized":true,"fitLogActivity":true,"flankLength":0,"singleStrand":false,"variationName":"0;0;0","size":0,"dinucleotideDistance":0,"componentName":"Binding mode 0","freezingLevel":0,"positionBias":false,"includeComponent":true,"variationDescription":[{"variationName":"0;0;0","descriptionString":"Initial model."}],"modifications":[]},{"variationsOptimized":true,"fitLogActivity":true,"flankLength":0,"singleStrand":false,"variationName":"12;0;0","size":12,"dinucleotideDistance":0,"componentName":"Binding mode 1","freezingLevel":0,"positionBias":false,"includeComponent":true,"variationDescription":[{"variationName":"12;1;0","descriptionString":"Increases flank length."},{"variationName":"12;0;0","descriptionString":"Initial model."}],"modifications":[]},{"variationsOptimized":false,"fitLogActivity":true,"flankLength":0,"singleStrand":false,"variationName":"16;0;0","size":16,"dinucleotideDistance":0,"componentName":"Binding mode 2","freezingLevel":0,"positionBias":false,"includeComponent":true,"variationDescription":[],"modifications":[]}],"letterComplement":"C-G,A-T"},"coefficients":{"enrichmentModel":[{}],"countTable":[{"h":[1.7134112341079626,1.0213000743013223,0.2763276773962982,-0.8577487925048103,-2.1532901932976753]}],"bindingModeInteractions":[],"bindingModes":[{"mononucleotide":[],"activity":[[-3.577189169492529E-9,0.05905681655810553,-1.6505918127402854,-0.9958524272952836,-0.2608451079767486]],"dinucleotide":[],"modifications":[]},{"mononucleotide":[-0.22946206256966,-0.23199961193497032,-0.29856025609288106,-0.20893277331026375,-0.2991637930452599,-0.19093340928561214,-0.20067956101119946,-0.27817794056997835,-0.25980348076758825,-0.2675032773441035,-0.19989475823806382,-0.24175318755224956,-0.23553167329155553,-0.2180936924091845,-0.252160465896866,-0.2627193112973591,-0.22470421832322857,-0.2521682225053857,-0.25415492023985653,-0.23747778183554452,-0.23250585348420558,-0.2492954030186479,-0.24799543439892502,-0.23915801300084594,-0.23915801300084594,-0.24799543439892502,-0.2492954030186479,-0.23250585348420558,-0.23747778183554452,-0.25415492023985653,-0.2521682225053857,-0.22470421832322857,-0.2627193112973591,-0.252160465896866,-0.2180936924091845,-0.23553167329155553,-0.24175318755224956,-0.19989475823806382,-0.2675032773441035,-0.25980348076758825,-0.27817794056997835,-0.20067956101119946,-0.19093340928561214,-0.2991637930452599,-0.20893277331026375,-0.29856025609288106,-0.23199961193497032,-0.22946206256966],"activity":[[1.7631202708161452E-5,-0.8606849453421666,0.4409757784496382,-0.08441102080532233,-0.44788463837836884]],"dinucleotide":[],"modifications":[]},{"mononucleotide":[-0.12112337188774021,-0.1187570622778732,-0.20150745756745303,-0.11328219213186747,-0.1781865783671075,-0.13424239203605715,-0.09311339956163808,-0.1491277139077702,-0.14069093867184196,-0.17694751290698024,-0.10744293243542467,-0.12958869984765337,-0.13302539487857948,-0.09378585036977453,-0.14615678094472814,-0.1817020576788867,-0.12217498310123683,-0.13296259213606776,-0.15923052277484753,-0.14030198585836445,-0.12299152774551673,-0.1534068019679281,-0.16104516354754977,-0.11722659060476717,-0.16656580795864223,-0.150513309736001,-0.12326310026766936,-0.11432786590246541,-0.1656926064964908,-0.1443914878183342,-0.11617661294884088,-0.12840937661337617,-0.12840937661337617,-0.11617661294884088,-0.1443914878183342,-0.1656926064964908,-0.11432786590246541,-0.12326310026766936,-0.150513309736001,-0.16656580795864223,-0.11722659060476717,-0.16104516354754977,-0.1534068019679281,-0.12299152774551673,-0.14030198585836445,-0.15923052277484753,-0.13296259213606776,-0.12217498310123683,-0.1817020576788867,-0.14615678094472814,-0.09378585036977453,-0.13302539487857948,-0.12958869984765337,-0.10744293243542467,-0.17694751290698024,-0.14069093867184196,-0.1491277139077702,-0.09311339956163808,-0.13424239203605715,-0.1781865783671075,-0.11328219213186747,-0.20150745756745303,-0.1187570622778732,-0.12112337188774021],"activity":[[0.0010934359223337682,-0.7397978690931146,-1.0423561265962338,0.5185216075163244,0.7241276410363666]],"dinucleotide":[],"modifications":[]}]},"modelFittingConstraints":{"enrichmentModel":[{"trySaturation":false}],"countTable":[{}],"bindingModes":[{"maxFlankLength":-1,"positionBiasBinWidth":1,"optimizeSizeHeuristic":false,"maxSize":-1,"optimizeFlankLength":false,"symmetryString":"null","roundSpecificActivity":true,"informationThreshold":0.1,"optimizeMotifShift":false,"fittingStages":[],"optimizeMotifShiftHeuristic":false,"experimentSpecificPositionBias":true,"minSize":-1,"experimentSpecificActivity":true,"optimizeSize":false},{"maxFlankLength":-1,"positionBiasBinWidth":1,"optimizeSizeHeuristic":false,"maxSize":-1,"optimizeFlankLength":false,"symmetryString":"abcdefFEDCBA","roundSpecificActivity":true,"informationThreshold":0.1,"optimizeMotifShift":false,"fittingStages":[{"optimizeFlankLength":true},{"optimizeMotifShift":false},{"optimizeMotifShiftHeuristic":false}],"optimizeMotifShiftHeuristic":false,"experimentSpecificPositionBias":true,"minSize":-1,"experimentSpecificActivity":true,"optimizeSize":false},{"maxFlankLength":-1,"positionBiasBinWidth":1,"optimizeSizeHeuristic":false,"maxSize":-1,"optimizeFlankLength":true,"symmetryString":"abcdefghHGFEDCBA","roundSpecificActivity":true,"informationThreshold":0.1,"optimizeMotifShift":false,"fittingStages":[{"optimizeFlankLength":true},{"optimizeMotifShift":false},{"optimizeMotifShiftHeuristic":false}],"optimizeMotifShiftHeuristic":false,"experimentSpecificPositionBias":true,"minSize":-1,"experimentSpecificActivity":true,"optimizeSize":false}]}}
{"metadata":{"timeStamp":"2023-04-01 12:42:47.679","logLikelihoodPerRead":1.6128081897012156,"logLikelihood":804618.7684047432,"gradientCalls":806,"fitSteps":764,"regularization":0.003570652891729411,"functionCalls":0,"fitter":"proBound","fitName":"component2-2-variation0","fitTime":155.735,"dataLoops":806},"optimizerSetting":{"output":{"outputPath":"/mnt/e/desktop/HB_Rotation_1/ProBound_run/TFEC_Yang2017/result","baseName":"fit"},"nThreads":12,"likelihoodThreshold":2.0E-4,"lbfgsSettings":{"memory":100,"convergence":1.0E-7,"MCSearch":true,"maxIters":2000},"lambdaL2":1.0E-6,"fixedLibrarySize":false,"expBound":40,"nRetries":3,"hkSettings":{"epsilon":1.0E-7,"kickFinal":false,"fdDelta":1.0E-4,"kickAll":false,"maxIters":200,"evCutoff":1.0E-9}},"modelSettings":{"enrichmentModel":[{"variationsOptimized":false,"bindingSaturation":false,"cumulativeEnrichment":true,"concentration":1,"modelType":"SELEX","bindingModeInteractions":[],"componentName":"SELEX enrichment model 0","freezingLevel":0,"includeComponent":true,"bindingModes":[0,1,2],"variationDescription":[],"modifications":[]}],"letterOrder":"ACGT","countTable":[{"leftFlank":"CGGAGTCGGCAAGCAGAAGACGGCATACGATAAC","variationsOptimized":true,"transliterate":{"in":[],"out":[]},"variableRegionLength":20,"countTableFile":"/mnt/e/countTables/Yang2017/TFEC_ESAF_TAGTGG20NGTT.100000.tsv","modeledColumns":[0,1,2,3,4],"inputFileType":"tsv","nColumns":5,"rightFlank":"CCACTAGATCGGAAGAGCGTCG","componentName":"Count table 0","freezingLevel":0,"includeComponent":true,"variationDescription":[]}],"bindingModeInteractions":[],"bindingModes":[{"variationsOptimized":true,"fitLogActivity":true,"flankLength":0,"singleStrand":false,"variationName":"0;0;0","size":0,"dinucleotideDistance":0,"componentName":"Binding mode 0","freezingLevel":0,"positionBias":false,"includeComponent":true,"variationDescription":[{"variationName":"0;0;0","descriptionString":"Initial model."}],"modifications":[]},{"variationsOptimized":true,"fitLogActivity":true,"flankLength":0,"singleStrand":false,"variationName":"12;0;0","size":12,"dinucleotideDistance":0,"componentName":"Binding mode 1","freezingLevel":0,"positionBias":false,"includeComponent":true,"variationDescription":[{"variationName":"12;1;0","descriptionString":"Increases flank length."},{"variationName":"12;0;0","descriptionString":"Initial model."}],"modifications":[]},{"variationsOptimized":false,"fitLogActivity":true,"flankLength":0,"singleStrand":false,"variationName":"16;0;0","size":16,"dinucleotideDistance":0,"componentName":"Binding mode 2","freezingLevel":0,"positionBias":false,"includeComponent":true,"variationDescription":[{"variationName":"16;0;0","descriptionString":"Initial model."}],"modifications":[]}],"letterComplement":"C-G,A-T"},"coefficients":{"enrichmentModel":[{}],"countTable":[{"h":[1.7134112341079626,1.0213000743013223,0.2763276773962982,-0.8577487925048103,-2.1532901932976753]}],"bindingModeInteractions":[],"bindingModes":[{"mononucleotide":[],"activity":[[-3.577189169492529E-9,0.05905681655810553,-1.6505918127402854,-0.9958524272952836,-0.2608451079767486]],"dinucleotide":[],"modifications":[]},{"mononucleotide":[-0.22946206256966,-0.23199961193497032,-0.29856025609288106,-0.20893277331026375,-0.2991637930452599,-0.19093340928561214,-0.20067956101119946,-0.27817794056997835,-0.25980348076758825,-0.2675032773441035,-0.19989475823806382,-0.24175318755224956,-0.23553167329155553,-0.2180936924091845,-0.252160465896866,-0.2627193112973591,-0.22470421832322857,-0.2521682225053857,-0.25415492023985653,-0.23747778183554452,-0.23250585348420558,-0.2492954030186479,-0.24799543439892502,-0.23915801300084594,-0.23915801300084594,-0.24799543439892502,-0.2492954030186479,-0.23250585348420558,-0.23747778183554452,-0.25415492023985653,-0.2521682225053857,-0.22470421832322857,-0.2627193112973591,-0.252160465896866,-0.2180936924091845,-0.23553167329155553,-0.24175318755224956,-0.19989475823806382,-0.2675032773441035,-0.25980348076758825,-0.27817794056997835,-0.20067956101119946,-0.19093340928561214,-0.2991637930452599,-0.20893277331026375,-0.29856025609288106,-0.23199961193497032,-0.22946206256966],"activity":[[1.7631202708161452E-5,-0.8606849453421666,0.4409757784496382,-0.08441102080532233,-0.44788463837836884]],"dinucleotide":[],"modifications":[]},{"mononucleotide":[-0.12112337188774021,-0.1187570622778732,-0.20150745756745303,-0.11328219213186747,-0.1781865783671075,-0.13424239203605715,-0.09311339956163808,-0.1491277139077702,-0.14069093867184196,-0.17694751290698024,-0.10744293243542467,-0.12958869984765337,-0.13302539487857948,-0.09378585036977453,-0.14615678094472814,-0.1817020576788867,-0.12217498310123683,-0.13296259213606776,-0.15923052277484753,-0.14030198585836445,-0.12299152774551673,-0.1534068019679281,-0.16104516354754977,-0.11722659060476717,-0.16656580795864223,-0.150513309736001,-0.12326310026766936,-0.11432786590246541,-0.1656926064964908,-0.1443914878183342,-0.11617661294884088,-0.12840937661337617,-0.12840937661337617,-0.11617661294884088,-0.1443914878183342,-0.1656926064964908,-0.11432786590246541,-0.12326310026766936,-0.150513309736001,-0.16656580795864223,-0.11722659060476717,-0.16104516354754977,-0.1534068019679281,-0.12299152774551673,-0.14030198585836445,-0.15923052277484753,-0.13296259213606776,-0.12217498310123683,-0.1817020576788867,-0.14615678094472814,-0.09378585036977453,-0.13302539487857948,-0.12958869984765337,-0.10744293243542467,-0.17694751290698024,-0.14069093867184196,-0.1491277139077702,-0.09311339956163808,-0.13424239203605715,-0.1781865783671075,-0.11328219213186747,-0.20150745756745303,-0.1187570622778732,-0.12112337188774021],"activity":[[0.0010934359223337682,-0.7397978690931146,-1.0423561265962338,0.5185216075163244,0.7241276410363666]],"dinucleotide":[],"modifications":[]}]},"modelFittingConstraints":{"enrichmentModel":[{"trySaturation":false}],"countTable":[{}],"bindingModes":[{"maxFlankLength":-1,"positionBiasBinWidth":1,"optimizeSizeHeuristic":false,"maxSize":-1,"optimizeFlankLength":false,"symmetryString":"null","roundSpecificActivity":true,"informationThreshold":0.1,"optimizeMotifShift":false,"fittingStages":[],"optimizeMotifShiftHeuristic":false,"experimentSpecificPositionBias":true,"minSize":-1,"experimentSpecificActivity":true,"optimizeSize":false},{"maxFlankLength":-1,"positionBiasBinWidth":1,"optimizeSizeHeuristic":false,"maxSize":-1,"optimizeFlankLength":false,"symmetryString":"abcdefFEDCBA","roundSpecificActivity":true,"informationThreshold":0.1,"optimizeMotifShift":false,"fittingStages":[{"optimizeFlankLength":true},{"optimizeMotifShift":false},{"optimizeMotifShiftHeuristic":false}],"optimizeMotifShiftHeuristic":false,"experimentSpecificPositionBias":true,"minSize":-1,"experimentSpecificActivity":true,"optimizeSize":false},{"maxFlankLength":-1,"positionBiasBinWidth":1,"optimizeSizeHeuristic":false,"maxSize":-1,"optimizeFlankLength":true,"symmetryString":"abcdefghHGFEDCBA","roundSpecificActivity":true,"informationThreshold":0.1,"optimizeMotifShift":false,"fittingStages":[{"optimizeFlankLength":true},{"optimizeMotifShift":false},{"optimizeMotifShiftHeuristic":false}],"optimizeMotifShiftHeuristic":false,"experimentSpecificPositionBias":true,"minSize":-1,"experimentSpecificActivity":true,"optimizeSize":false}]}}
{"metadata":{"timeStamp":"2023-04-01 12:43:30.209","logLikelihoodPerRead":1.6128202548728872,"logLikelihood":804625.6343148402,"gradientCalls":987,"fitSteps":936,"regularization":0.0035689862432069634,"functionCalls":0,"fitter":"proBound","fitName":"component2-2-variation1","fitTime":198.265,"dataLoops":987},"optimizerSetting":{"output":{"outputPath":"/mnt/e/desktop/HB_Rotation_1/ProBound_run/TFEC_Yang2017/result","baseName":"fit"},"nThreads":12,"likelihoodThreshold":2.0E-4,"lbfgsSettings":{"memory":100,"convergence":1.0E-7,"MCSearch":true,"maxIters":2000},"lambdaL2":1.0E-6,"fixedLibrarySize":false,"expBound":40,"nRetries":3,"hkSettings":{"epsilon":1.0E-7,"kickFinal":false,"fdDelta":1.0E-4,"kickAll":false,"maxIters":200,"evCutoff":1.0E-9}},"modelSettings":{"enrichmentModel":[{"variationsOptimized":false,"bindingSaturation":false,"cumulativeEnrichment":true,"concentration":1,"modelType":"SELEX","bindingModeInteractions":[],"componentName":"SELEX enrichment model 0","freezingLevel":0,"includeComponent":true,"bindingModes":[0,1,2],"variationDescription":[],"modifications":[]}],"letterOrder":"ACGT","countTable":[{"leftFlank":"CGGAGTCGGCAAGCAGAAGACGGCATACGATAAC","variationsOptimized":true,"transliterate":{"in":[],"out":[]},"variableRegionLength":20,"countTableFile":"/mnt/e/countTables/Yang2017/TFEC_ESAF_TAGTGG20NGTT.100000.tsv","modeledColumns":[0,1,2,3,4],"inputFileType":"tsv","nColumns":5,"rightFlank":"CCACTAGATCGGAAGAGCGTCG","componentName":"Count table 0","freezingLevel":0,"includeComponent":true,"variationDescription":[]}],"bindingModeInteractions":[],"bindingModes":[{"variationsOptimized":true,"fitLogActivity":true,"flankLength":0,"singleStrand":false,"variationName":"0;0;0","size":0,"dinucleotideDistance":0,"componentName":"Binding mode 0","freezingLevel":0,"positionBias":false,"includeComponent":true,"variationDescription":[{"variationName":"0;0;0","descriptionString":"Initial model."}],"modifications":[]},{"variationsOptimized":true,"fitLogActivity":true,"flankLength":0,"singleStrand":false,"variationName":"12;0;0","size":12,"dinucleotideDistance":0,"componentName":"Binding mode 1","freezingLevel":0,"positionBias":false,"includeComponent":true,"variationDescription":[{"variationName":"12;1;0","descriptionString":"Increases flank length."},{"variationName":"12;0;0","descriptionString":"Initial model."}],"modifications":[]},{"variationsOptimized":false,"fitLogActivity":true,"flankLength":1,"singleStrand":false,"variationName":"16;0;0","size":16,"dinucleotideDistance":0,"componentName":"Binding mode 2","freezingLevel":0,"positionBias":false,"includeComponent":true,"variationDescription":[{"variationName":"16;1;0","descriptionString":"Increases flank length."},{"variationName":"16;0;0","descriptionString":"Initial model."}],"modifications":[]}],"letterComplement":"C-G,A-T"},"coefficients":{"enrichmentModel":[{}],"countTable":[{"h":[1.2202894881893576,0.7194598313285315,0.09792767625605497,-0.5863691260763944,-1.4513078696984132]}],"bindingModeInteractions":[],"bindingModes":[{"mononucleotide":[],"activity":[[-3.577189169492529E-9,0.05905681655810553,-1.6505918127402854,-0.9958524272952836,-0.2608451079767486]],"dinucleotide":[],"modifications":[]},{"mononucleotide":[-0.22946206256966,-0.23199961193497032,-0.29856025609288106,-0.20893277331026375,-0.2991637930452599,-0.19093340928561214,-0.20067956101119946,-0.27817794056997835,-0.25980348076758825,-0.2675032773441035,-0.19989475823806382,-0.24175318755224956,-0.23553167329155553,-0.2180936924091845,-0.252160465896866,-0.2627193112973591,-0.22470421832322857,-0.2521682225053857,-0.25415492023985653,-0.23747778183554452,-0.23250585348420558,-0.2492954030186479,-0.24799543439892502,-0.23915801300084594,-0.23915801300084594,-0.24799543439892502,-0.2492954030186479,-0.23250585348420558,-0.23747778183554452,-0.25415492023985653,-0.2521682225053857,-0.22470421832322857,-0.2627193112973591,-0.252160465896866,-0.2180936924091845,-0.23553167329155553,-0.24175318755224956,-0.19989475823806382,-0.2675032773441035,-0.25980348076758825,-0.27817794056997835,-0.20067956101119946,-0.19093340928561214,-0.2991637930452599,-0.20893277331026375,-0.29856025609288106,-0.23199961193497032,-0.22946206256966],"activity":[[1.7631202708161452E-5,-0.8606849453421666,0.4409757784496382,-0.08441102080532233,-0.44788463837836884]],"dinucleotide":[],"modifications":[]},{"mononucleotide":[-0.1808954962490567,-0.1495094643956697,-0.28201010874196436,-0.2529992804100853,-0.193390916093997,-0.2664623917190865,-0.2509420482627468,-0.15461899372807697,-0.2881083427455829,-0.20161053347585092,-0.16469845807150277,-0.21099701550993066,-0.2561124487128558,-0.24367208440997817,-0.13928391618615749,-0.2263459004915071,-0.1986113798267971,-0.1917613866015997,-0.23632772015866596,-0.23871386321471305,-0.19843779582762916,-0.20486596947995644,-0.24621157031479668,-0.2158990141788693,-0.18239087809305793,-0.23062425639101683,-0.24599710885289985,-0.2064021064641267,-0.21690179112818508,-0.19252980582987658,-0.2321937501568038,-0.22378900268623342,-0.22378900268623342,-0.2321937501568038,-0.19252980582987658,-0.21690179112818508,-0.2064021064641267,-0.24599710885289985,-0.23062425639101683,-0.18239087809305793,-0.2158990141788693,-0.24621157031479668,-0.20486596947995644,-0.19843779582762916,-0.23871386321471305,-0.23632772015866596,-0.1917613866015997,-0.1986113798267971,-0.2263459004915071,-0.13928391618615749,-0.24367208440997817,-0.2561124487128558,-0.21099701550993066,-0.16469845807150277,-0.20161053347585092,-0.2881083427455829,-0.15461899372807697,-0.2509420482627468,-0.2664623917190865,-0.193390916093997,-0.2529992804100853,-0.28201010874196436,-0.1495094643956697,-0.1808954962490567],"activity":[[1.0364535049061991E-4,-0.9431064128000917,-1.1528543097188568,0.46542773186783915,0.7851246203084596]],"dinucleotide":[],"modifications":[]}]},"modelFittingConstraints":{"enrichmentModel":[{"trySaturation":false}],"countTable":[{}],"bindingModes":[{"maxFlankLength":-1,"positionBiasBinWidth":1,"optimizeSizeHeuristic":false,"maxSize":-1,"optimizeFlankLength":false,"symmetryString":"null","roundSpecificActivity":true,"informationThreshold":0.1,"optimizeMotifShift":false,"fittingStages":[],"optimizeMotifShiftHeuristic":false,"experimentSpecificPositionBias":true,"minSize":-1,"experimentSpecificActivity":true,"optimizeSize":false},{"maxFlankLength":-1,"positionBiasBinWidth":1,"optimizeSizeHeuristic":false,"maxSize":-1,"optimizeFlankLength":false,"symmetryString":"abcdefFEDCBA","roundSpecificActivity":true,"informationThreshold":0.1,"optimizeMotifShift":false,"fittingStages":[{"optimizeFlankLength":true},{"optimizeMotifShift":false},{"optimizeMotifShiftHeuristic":false}],"optimizeMotifShiftHeuristic":false,"experimentSpecificPositionBias":true,"minSize":-1,"experimentSpecificActivity":true,"optimizeSize":false},{"maxFlankLength":-1,"positionBiasBinWidth":1,"optimizeSizeHeuristic":false,"maxSize":-1,"optimizeFlankLength":true,"symmetryString":"abcdefghHGFEDCBA","roundSpecificActivity":true,"informationThreshold":0.1,"optimizeMotifShift":false,"fittingStages":[{"optimizeFlankLength":true},{"optimizeMotifShift":false},{"optimizeMotifShiftHeuristic":false}],"optimizeMotifShiftHeuristic":false,"experimentSpecificPositionBias":true,"minSize":-1,"experimentSpecificActivity":true,"optimizeSize":false}]}}
{"metadata":{"timeStamp":"2023-04-01 12:45:48.392","logLikelihoodPerRead":1.6142464548950641,"logLikelihood":803984.3687775751,"gradientCalls":1425,"fitSteps":1348,"regularization":0.006277717339914107,"functionCalls":0,"fitter":"proBound","fitName":"component2-4-all","fitTime":336.448,"dataLoops":1425},"optimizerSetting":{"output":{"outputPath":"/mnt/e/desktop/HB_Rotation_1/ProBound_run/TFEC_Yang2017/result","baseName":"fit"},"nThreads":12,"likelihoodThreshold":2.0E-4,"lbfgsSettings":{"memory":100,"convergence":1.0E-7,"MCSearch":true,"maxIters":2000},"lambdaL2":1.0E-6,"fixedLibrarySize":false,"expBound":40,"nRetries":3,"hkSettings":{"epsilon":1.0E-7,"kickFinal":false,"fdDelta":1.0E-4,"kickAll":false,"maxIters":200,"evCutoff":1.0E-9}},"modelSettings":{"enrichmentModel":[{"variationsOptimized":false,"bindingSaturation":false,"cumulativeEnrichment":true,"concentration":1,"modelType":"SELEX","bindingModeInteractions":[],"componentName":"SELEX enrichment model 0","freezingLevel":0,"includeComponent":true,"bindingModes":[0,1,2],"variationDescription":[],"modifications":[]}],"letterOrder":"ACGT","countTable":[{"leftFlank":"CGGAGTCGGCAAGCAGAAGACGGCATACGATAAC","variationsOptimized":true,"transliterate":{"in":[],"out":[]},"variableRegionLength":20,"countTableFile":"/mnt/e/countTables/Yang2017/TFEC_ESAF_TAGTGG20NGTT.100000.tsv","modeledColumns":[0,1,2,3,4],"inputFileType":"tsv","nColumns":5,"rightFlank":"CCACTAGATCGGAAGAGCGTCG","componentName":"Count table 0","freezingLevel":0,"includeComponent":true,"variationDescription":[]}],"bindingModeInteractions":[],"bindingModes":[{"variationsOptimized":true,"fitLogActivity":true,"flankLength":0,"singleStrand":false,"variationName":"0;0;0","size":0,"dinucleotideDistance":0,"componentName":"Binding mode 0","freezingLevel":0,"positionBias":false,"includeComponent":true,"variationDescription":[{"variationName":"0;0;0","descriptionString":"Initial model."}],"modifications":[]},{"variationsOptimized":true,"fitLogActivity":true,"flankLength":0,"singleStrand":false,"variationName":"12;0;0","size":12,"dinucleotideDistance":0,"componentName":"Binding mode 1","freezingLevel":0,"positionBias":false,"includeComponent":true,"variationDescription":[{"variationName":"12;1;0","descriptionString":"Increases flank length."},{"variationName":"12;0;0","descriptionString":"Initial model."}],"modifications":[]},{"variationsOptimized":true,"fitLogActivity":true,"flankLength":0,"singleStrand":false,"variationName":"16;0;0","size":16,"dinucleotideDistance":0,"componentName":"Binding mode 2","freezingLevel":0,"positionBias":false,"includeComponent":true,"variationDescription":[{"variationName":"16;1;0","descriptionString":"Increases flank length."},{"variationName":"16;0;0","descriptionString":"Initial model."}],"modifications":[]}],"letterComplement":"C-G,A-T"},"coefficients":{"enrichmentModel":[{}],"countTable":[{"h":[1.4017621321615776,0.06261482345432508,-0.16856128714750843,-0.4101581591285462,-0.8856575093387922]}],"bindingModeInteractions":[],"bindingModes":[{"mononucleotide":[],"activity":[[-1.6633729411258095E-11,1.274476151493479,-0.10173823854127434,-1.9484310560612503,-2.0671882729002022]],"dinucleotide":[],"modifications":[]},{"mononucleotide":[-0.5524778079899637,-0.03421177131790794,-0.15726528225275146,-0.7287658668943348,-0.5351972264293274,-0.23353633101983742,-0.1805095139142502,-0.5234776570906333,-0.7013401451325405,-0.17198555345628494,-0.05228909816764027,-0.5471059316999056,-0.47879788934662554,-0.33063720244740963,-0.21958714951451783,-0.44382024014212584,-0.4638807229947947,-0.26432460623174764,-0.2929735658943876,-0.45166358632790754,-0.4570572727447783,-0.25694194946860843,-0.24202086134251338,-0.5167006449009589,-0.5167006449009589,-0.24202086134251338,-0.25694194946860843,-0.4570572727447783,-0.45166358632790754,-0.2929735658943876,-0.26432460623174764,-0.4638807229947947,-0.44382024014212584,-0.21958714951451783,-0.33063720244740963,-0.47879788934662554,-0.5471059316999056,-0.05228909816764027,-0.17198555345628494,-0.7013401451325405,-0.5234776570906333,-0.1805095139142502,-0.23353633101983742,-0.5351972264293274,-0.7287658668943348,-0.15726528225275146,-0.03421177131790794,-0.5524778079899637],"activity":[[8.195461925346176E-8,-1.6733578758722338,-0.42237627647817,0.1960345780868544,0.4526989525056783]],"dinucleotide":[],"modifications":[]},{"mononucleotide":[-0.11591952609167204,-0.2435761326676084,-0.31444109802089865,-0.08048708252353319,-0.22372996793623584,-0.17885270437799025,-0.16909115643364658,-0.18275001055466808,-0.14144694911392852,-0.26192124114129306,-0.19398668463355428,-0.15706896442561447,-0.15380682881965385,-0.1610194987219501,-0.24049121782800847,-0.19910629393786158,-0.1427156639201533,-0.21448718486689988,-0.237464130904504,-0.15975685961042654,-0.08821271586116164,-0.2962772407279328,-0.30246264193784256,-0.06747124077941513,-0.19275519766904792,-0.216473004997024,-0.2125976910965079,-0.13259794554483595,-0.1541161607483867,-0.2471225088328668,-0.21542900434178217,-0.13775616537054383,-0.13775616537054383,-0.21542900434178217,-0.2471225088328668,-0.1541161607483867,-0.13259794554483595,-0.2125976910965079,-0.216473004997024,-0.19275519766904792,-0.06747124077941513,-0.30246264193784256,-0.2962772407279328,-0.08821271586116164,-0.15975685961042654,-0.237464130904504,-0.21448718486689988,-0.1427156639201533,-0.19910629393786158,-0.24049121782800847,-0.1610194987219501,-0.15380682881965385,-0.15706896442561447,-0.19398668463355428,-0.26192124114129306,-0.14144694911392852,-0.18275001055466808,-0.16909115643364658,-0.17885270437799025,-0.22372996793623584,-0.08048708252353319,-0.31444109802089865,-0.2435761326676084,-0.11591952609167204],"activity":[[5.082587434906189E-6,-1.0020809736484548,-0.9380185378007339,0.4679658085252954,0.7389124628891781]],"dinucleotide":[],"modifications":[]}]},"modelFittingConstraints":{"enrichmentModel":[{"trySaturation":false}],"countTable":[{}],"bindingModes":[{"maxFlankLength":-1,"positionBiasBinWidth":1,"optimizeSizeHeuristic":false,"maxSize":-1,"optimizeFlankLength":false,"symmetryString":"null","roundSpecificActivity":true,"informationThreshold":0.1,"optimizeMotifShift":false,"fittingStages":[],"optimizeMotifShiftHeuristic":false,"experimentSpecificPositionBias":true,"minSize":-1,"experimentSpecificActivity":true,"optimizeSize":false},{"maxFlankLength":-1,"positionBiasBinWidth":1,"optimizeSizeHeuristic":false,"maxSize":-1,"optimizeFlankLength":false,"symmetryString":"abcdefFEDCBA","roundSpecificActivity":true,"informationThreshold":0.1,"optimizeMotifShift":false,"fittingStages":[{"optimizeFlankLength":true},{"optimizeMotifShift":false},{"optimizeMotifShiftHeuristic":false}],"optimizeMotifShiftHeuristic":false,"experimentSpecificPositionBias":true,"minSize":-1,"experimentSpecificActivity":true,"optimizeSize":false},{"maxFlankLength":-1,"positionBiasBinWidth":1,"optimizeSizeHeuristic":false,"maxSize":-1,"optimizeFlankLength":false,"symmetryString":"abcdefghHGFEDCBA","roundSpecificActivity":true,"informationThreshold":0.1,"optimizeMotifShift":false,"fittingStages":[{"optimizeFlankLength":true},{"optimizeMotifShift":false},{"optimizeMotifShiftHeuristic":false}],"optimizeMotifShiftHeuristic":false,"experimentSpecificPositionBias":true,"minSize":-1,"experimentSpecificActivity":true,"optimizeSize":false}]}}
