{"metadata":{"timeStamp":"2023-04-01 13:16:47.835","logLikelihoodPerRead":1.609424551390237,"logLikelihood":789663.3966847627,"gradientCalls":22,"fitSteps":18,"regularization":6.933694777143736E-4,"functionCalls":0,"fitter":"proBound","fitName":"component0-0-h","fitTime":1.379,"dataLoops":22},"optimizerSetting":{"output":{"outputPath":"/mnt/e/desktop/HB_Rotation_1/ProBound_run/Tcf21__Jolma2013/result","baseName":"fit"},"nThreads":12,"likelihoodThreshold":2.0E-4,"lbfgsSettings":{"memory":100,"convergence":1.0E-7,"MCSearch":true,"maxIters":2000},"lambdaL2":1.0E-6,"fixedLibrarySize":false,"expBound":40,"nRetries":3,"hkSettings":{"epsilon":1.0E-7,"kickFinal":false,"fdDelta":1.0E-4,"kickAll":false,"maxIters":200,"evCutoff":1.0E-9}},"modelSettings":{"enrichmentModel":[{"variationsOptimized":false,"bindingSaturation":false,"cumulativeEnrichment":true,"concentration":1,"modelType":"SELEX","bindingModeInteractions":[],"componentName":"SELEX enrichment model 0","freezingLevel":0,"includeComponent":true,"bindingModes":[0,1,2],"variationDescription":[],"modifications":[]}],"letterOrder":"ACGT","countTable":[{"leftFlank":"CGGAGTCGGCAAGCAGAAGACGGCATACGATGCA","variationsOptimized":true,"transliterate":{"in":[],"out":[]},"variableRegionLength":20,"countTableFile":"/mnt/e/countTables/Jolma2013/Tcf21_ESZ_TCCGTG20NTGC.100000.tsv","modeledColumns":[0,1,2,3,4],"inputFileType":"tsv","nColumns":5,"rightFlank":"CACGGAGATCGGAAGAGCGTCG","componentName":"Count table 0","freezingLevel":0,"includeComponent":true,"variationDescription":[]}],"bindingModeInteractions":[],"bindingModes":[{"variationsOptimized":false,"fitLogActivity":true,"flankLength":0,"singleStrand":false,"variationName":"0;0;0","size":0,"dinucleotideDistance":0,"componentName":"Binding mode 0","freezingLevel":0,"positionBias":false,"includeComponent":true,"variationDescription":[],"modifications":[]},{"variationsOptimized":false,"fitLogActivity":true,"flankLength":0,"singleStrand":false,"variationName":"12;0;0","size":12,"dinucleotideDistance":0,"componentName":"Binding mode 1","freezingLevel":0,"positionBias":false,"includeComponent":false,"variationDescription":[],"modifications":[]},{"variationsOptimized":false,"fitLogActivity":true,"flankLength":0,"singleStrand":false,"variationName":"16;0;0","size":16,"dinucleotideDistance":0,"componentName":"Binding mode 2","freezingLevel":0,"positionBias":false,"includeComponent":false,"variationDescription":[],"modifications":[]}],"letterComplement":"C-G,A-T"},"coefficients":{"enrichmentModel":[{}],"countTable":[{"h":[-13.447503934041512,-6.810001088666091,0.01916503304449373,6.752501788174997,13.485838570322672]}],"bindingModeInteractions":[],"bindingModes":[{"mononucleotide":[],"activity":[[-6.733401891837359,-6.733401891837359,-6.733401891837359,-6.733401891837359,-6.733401891837359]],"dinucleotide":[],"modifications":[]},{"mononucleotide":[0,0,0,0,0,0,0,0,0,0,0,0,-1,0,-1,-1,0,-1,-1,-1,0,0,0,0,0,0,0,0,-1,-1,-1,0,-1,-1,0,-1,0,0,0,0,0,0,0,0,0,0,0,0],"activity":[[0,0,0,0,0]],"dinucleotide":[],"modifications":[]},{"mononucleotide":[0,0,0,0,0,0,0,0,0,0,0,0,0,0,0,0,0,0,0,0,0,0,0,0,0,0,0,0,0,0,0,0,0,0,0,0,0,0,0,0,0,0,0,0,0,0,0,0,0,0,0,0,0,0,0,0,0,0,0,0,0,0,0,0],"activity":[[0,0,0,0,0]],"dinucleotide":[],"modifications":[]}]},"modelFittingConstraints":{"enrichmentModel":[{"trySaturation":false}],"countTable":[{}],"bindingModes":[{"maxFlankLength":-1,"positionBiasBinWidth":1,"optimizeSizeHeuristic":false,"maxSize":-1,"optimizeFlankLength":false,"symmetryString":"null","roundSpecificActivity":true,"informationThreshold":0.1,"optimizeMotifShift":false,"fittingStages":[],"optimizeMotifShiftHeuristic":false,"experimentSpecificPositionBias":true,"minSize":-1,"experimentSpecificActivity":true,"optimizeSize":false},{"maxFlankLength":-1,"positionBiasBinWidth":1,"optimizeSizeHeuristic":false,"maxSize":-1,"optimizeFlankLength":true,"symmetryString":"abcdefFEDCBA","roundSpecificActivity":true,"informationThreshold":0.1,"optimizeMotifShift":false,"fittingStages":[{"optimizeFlankLength":true},{"optimizeMotifShift":false},{"optimizeMotifShiftHeuristic":false}],"optimizeMotifShiftHeuristic":false,"experimentSpecificPositionBias":true,"minSize":-1,"experimentSpecificActivity":true,"optimizeSize":false},{"maxFlankLength":-1,"positionBiasBinWidth":1,"optimizeSizeHeuristic":false,"maxSize":-1,"optimizeFlankLength":true,"symmetryString":"abcdefghHGFEDCBA","roundSpecificActivity":true,"informationThreshold":0.1,"optimizeMotifShift":false,"fittingStages":[{"optimizeFlankLength":true},{"optimizeMotifShift":false},{"optimizeMotifShiftHeuristic":false}],"optimizeMotifShiftHeuristic":false,"experimentSpecificPositionBias":true,"minSize":-1,"experimentSpecificActivity":true,"optimizeSize":false}]}}
{"metadata":{"timeStamp":"2023-04-01 13:16:50.042","logLikelihoodPerRead":1.608743182223082,"logLikelihood":789663.3944599467,"gradientCalls":44,"fitSteps":38,"regularization":1.2004843036154199E-5,"functionCalls":0,"fitter":"proBound","fitName":"component0-1-f0","fitTime":3.586,"dataLoops":44},"optimizerSetting":{"output":{"outputPath":"/mnt/e/desktop/HB_Rotation_1/ProBound_run/Tcf21__Jolma2013/result","baseName":"fit"},"nThreads":12,"likelihoodThreshold":2.0E-4,"lbfgsSettings":{"memory":100,"convergence":1.0E-7,"MCSearch":true,"maxIters":2000},"lambdaL2":1.0E-6,"fixedLibrarySize":false,"expBound":40,"nRetries":3,"hkSettings":{"epsilon":1.0E-7,"kickFinal":false,"fdDelta":1.0E-4,"kickAll":false,"maxIters":200,"evCutoff":1.0E-9}},"modelSettings":{"enrichmentModel":[{"variationsOptimized":false,"bindingSaturation":false,"cumulativeEnrichment":true,"concentration":1,"modelType":"SELEX","bindingModeInteractions":[],"componentName":"SELEX enrichment model 0","freezingLevel":0,"includeComponent":true,"bindingModes":[0,1,2],"variationDescription":[],"modifications":[]}],"letterOrder":"ACGT","countTable":[{"leftFlank":"CGGAGTCGGCAAGCAGAAGACGGCATACGATGCA","variationsOptimized":true,"transliterate":{"in":[],"out":[]},"variableRegionLength":20,"countTableFile":"/mnt/e/countTables/Jolma2013/Tcf21_ESZ_TCCGTG20NTGC.100000.tsv","modeledColumns":[0,1,2,3,4],"inputFileType":"tsv","nColumns":5,"rightFlank":"CACGGAGATCGGAAGAGCGTCG","componentName":"Count table 0","freezingLevel":0,"includeComponent":true,"variationDescription":[]}],"bindingModeInteractions":[],"bindingModes":[{"variationsOptimized":false,"fitLogActivity":true,"flankLength":0,"singleStrand":false,"variationName":"0;0;0","size":0,"dinucleotideDistance":0,"componentName":"Binding mode 0","freezingLevel":0,"positionBias":false,"includeComponent":true,"variationDescription":[],"modifications":[]},{"variationsOptimized":false,"fitLogActivity":true,"flankLength":0,"singleStrand":false,"variationName":"12;0;0","size":12,"dinucleotideDistance":0,"componentName":"Binding mode 1","freezingLevel":0,"positionBias":false,"includeComponent":false,"variationDescription":[],"modifications":[]},{"variationsOptimized":false,"fitLogActivity":true,"flankLength":0,"singleStrand":false,"variationName":"16;0;0","size":16,"dinucleotideDistance":0,"componentName":"Binding mode 2","freezingLevel":0,"positionBias":false,"includeComponent":false,"variationDescription":[],"modifications":[]}],"letterComplement":"C-G,A-T"},"coefficients":{"enrichmentModel":[{}],"countTable":[{"h":[0.022660883363799324,-0.05052926430635934,0.017425172518719126,0.00696616546098807,0.0034769858444982454]}],"bindingModeInteractions":[],"bindingModes":[{"mononucleotide":[],"activity":[[3.596155875608825E-6,-0.02264863710864952,0.027884260369380694,0.010459079733601079,0.0034893055049681435]],"dinucleotide":[],"modifications":[]},{"mononucleotide":[0,0,0,0,0,0,0,0,0,0,0,0,-1,0,-1,-1,0,-1,-1,-1,0,0,0,0,0,0,0,0,-1,-1,-1,0,-1,-1,0,-1,0,0,0,0,0,0,0,0,0,0,0,0],"activity":[[0,0,0,0,0]],"dinucleotide":[],"modifications":[]},{"mononucleotide":[0,0,0,0,0,0,0,0,0,0,0,0,0,0,0,0,0,0,0,0,0,0,0,0,0,0,0,0,0,0,0,0,0,0,0,0,0,0,0,0,0,0,0,0,0,0,0,0,0,0,0,0,0,0,0,0,0,0,0,0,0,0,0,0],"activity":[[0,0,0,0,0]],"dinucleotide":[],"modifications":[]}]},"modelFittingConstraints":{"enrichmentModel":[{"trySaturation":false}],"countTable":[{}],"bindingModes":[{"maxFlankLength":-1,"positionBiasBinWidth":1,"optimizeSizeHeuristic":false,"maxSize":-1,"optimizeFlankLength":false,"symmetryString":"null","roundSpecificActivity":true,"informationThreshold":0.1,"optimizeMotifShift":false,"fittingStages":[],"optimizeMotifShiftHeuristic":false,"experimentSpecificPositionBias":true,"minSize":-1,"experimentSpecificActivity":true,"optimizeSize":false},{"maxFlankLength":-1,"positionBiasBinWidth":1,"optimizeSizeHeuristic":false,"maxSize":-1,"optimizeFlankLength":true,"symmetryString":"abcdefFEDCBA","roundSpecificActivity":true,"informationThreshold":0.1,"optimizeMotifShift":false,"fittingStages":[{"optimizeFlankLength":true},{"optimizeMotifShift":false},{"optimizeMotifShiftHeuristic":false}],"optimizeMotifShiftHeuristic":false,"experimentSpecificPositionBias":true,"minSize":-1,"experimentSpecificActivity":true,"optimizeSize":false},{"maxFlankLength":-1,"positionBiasBinWidth":1,"optimizeSizeHeuristic":false,"maxSize":-1,"optimizeFlankLength":true,"symmetryString":"abcdefghHGFEDCBA","roundSpecificActivity":true,"informationThreshold":0.1,"optimizeMotifShift":false,"fittingStages":[{"optimizeFlankLength":true},{"optimizeMotifShift":false},{"optimizeMotifShiftHeuristic":false}],"optimizeMotifShiftHeuristic":false,"experimentSpecificPositionBias":true,"minSize":-1,"experimentSpecificActivity":true,"optimizeSize":false}]}}
{"metadata":{"timeStamp":"2023-04-01 13:16:50.079","logLikelihoodPerRead":1.608743182223082,"logLikelihood":789663.3944599467,"gradientCalls":45,"fitSteps":41,"regularization":1.2004843036154199E-5,"functionCalls":0,"fitter":"proBound","fitName":"component0-2-variation0","fitTime":3.623,"dataLoops":45},"optimizerSetting":{"output":{"outputPath":"/mnt/e/desktop/HB_Rotation_1/ProBound_run/Tcf21__Jolma2013/result","baseName":"fit"},"nThreads":12,"likelihoodThreshold":2.0E-4,"lbfgsSettings":{"memory":100,"convergence":1.0E-7,"MCSearch":true,"maxIters":2000},"lambdaL2":1.0E-6,"fixedLibrarySize":false,"expBound":40,"nRetries":3,"hkSettings":{"epsilon":1.0E-7,"kickFinal":false,"fdDelta":1.0E-4,"kickAll":false,"maxIters":200,"evCutoff":1.0E-9}},"modelSettings":{"enrichmentModel":[{"variationsOptimized":false,"bindingSaturation":false,"cumulativeEnrichment":true,"concentration":1,"modelType":"SELEX","bindingModeInteractions":[],"componentName":"SELEX enrichment model 0","freezingLevel":0,"includeComponent":true,"bindingModes":[0,1,2],"variationDescription":[],"modifications":[]}],"letterOrder":"ACGT","countTable":[{"leftFlank":"CGGAGTCGGCAAGCAGAAGACGGCATACGATGCA","variationsOptimized":true,"transliterate":{"in":[],"out":[]},"variableRegionLength":20,"countTableFile":"/mnt/e/countTables/Jolma2013/Tcf21_ESZ_TCCGTG20NTGC.100000.tsv","modeledColumns":[0,1,2,3,4],"inputFileType":"tsv","nColumns":5,"rightFlank":"CACGGAGATCGGAAGAGCGTCG","componentName":"Count table 0","freezingLevel":0,"includeComponent":true,"variationDescription":[]}],"bindingModeInteractions":[],"bindingModes":[{"variationsOptimized":false,"fitLogActivity":true,"flankLength":0,"singleStrand":false,"variationName":"0;0;0","size":0,"dinucleotideDistance":0,"componentName":"Binding mode 0","freezingLevel":0,"positionBias":false,"includeComponent":true,"variationDescription":[{"variationName":"0;0;0","descriptionString":"Initial model."}],"modifications":[]},{"variationsOptimized":false,"fitLogActivity":true,"flankLength":0,"singleStrand":false,"variationName":"12;0;0","size":12,"dinucleotideDistance":0,"componentName":"Binding mode 1","freezingLevel":0,"positionBias":false,"includeComponent":false,"variationDescription":[],"modifications":[]},{"variationsOptimized":false,"fitLogActivity":true,"flankLength":0,"singleStrand":false,"variationName":"16;0;0","size":16,"dinucleotideDistance":0,"componentName":"Binding mode 2","freezingLevel":0,"positionBias":false,"includeComponent":false,"variationDescription":[],"modifications":[]}],"letterComplement":"C-G,A-T"},"coefficients":{"enrichmentModel":[{}],"countTable":[{"h":[0.022660883363799324,-0.05052926430635934,0.017425172518719126,0.00696616546098807,0.0034769858444982454]}],"bindingModeInteractions":[],"bindingModes":[{"mononucleotide":[],"activity":[[3.596155875608825E-6,-0.02264863710864952,0.027884260369380694,0.010459079733601079,0.0034893055049681435]],"dinucleotide":[],"modifications":[]},{"mononucleotide":[0,0,0,0,0,0,0,0,0,0,0,0,-1,0,-1,-1,0,-1,-1,-1,0,0,0,0,0,0,0,0,-1,-1,-1,0,-1,-1,0,-1,0,0,0,0,0,0,0,0,0,0,0,0],"activity":[[0,0,0,0,0]],"dinucleotide":[],"modifications":[]},{"mononucleotide":[0,0,0,0,0,0,0,0,0,0,0,0,0,0,0,0,0,0,0,0,0,0,0,0,0,0,0,0,0,0,0,0,0,0,0,0,0,0,0,0,0,0,0,0,0,0,0,0,0,0,0,0,0,0,0,0,0,0,0,0,0,0,0,0],"activity":[[0,0,0,0,0]],"dinucleotide":[],"modifications":[]}]},"modelFittingConstraints":{"enrichmentModel":[{"trySaturation":false}],"countTable":[{}],"bindingModes":[{"maxFlankLength":-1,"positionBiasBinWidth":1,"optimizeSizeHeuristic":false,"maxSize":-1,"optimizeFlankLength":false,"symmetryString":"null","roundSpecificActivity":true,"informationThreshold":0.1,"optimizeMotifShift":false,"fittingStages":[],"optimizeMotifShiftHeuristic":false,"experimentSpecificPositionBias":true,"minSize":-1,"experimentSpecificActivity":true,"optimizeSize":false},{"maxFlankLength":-1,"positionBiasBinWidth":1,"optimizeSizeHeuristic":false,"maxSize":-1,"optimizeFlankLength":true,"symmetryString":"abcdefFEDCBA","roundSpecificActivity":true,"informationThreshold":0.1,"optimizeMotifShift":false,"fittingStages":[{"optimizeFlankLength":true},{"optimizeMotifShift":false},{"optimizeMotifShiftHeuristic":false}],"optimizeMotifShiftHeuristic":false,"experimentSpecificPositionBias":true,"minSize":-1,"experimentSpecificActivity":true,"optimizeSize":false},{"maxFlankLength":-1,"positionBiasBinWidth":1,"optimizeSizeHeuristic":false,"maxSize":-1,"optimizeFlankLength":true,"symmetryString":"abcdefghHGFEDCBA","roundSpecificActivity":true,"informationThreshold":0.1,"optimizeMotifShift":false,"fittingStages":[{"optimizeFlankLength":true},{"optimizeMotifShift":false},{"optimizeMotifShiftHeuristic":false}],"optimizeMotifShiftHeuristic":false,"experimentSpecificPositionBias":true,"minSize":-1,"experimentSpecificActivity":true,"optimizeSize":false}]}}
{"metadata":{"timeStamp":"2023-04-01 13:16:50.966","logLikelihoodPerRead":1.608743182223082,"logLikelihood":789663.3944599467,"gradientCalls":46,"fitSteps":44,"regularization":1.2004843036154199E-5,"functionCalls":0,"fitter":"proBound","fitName":"component0-4-all","fitTime":4.51,"dataLoops":46},"optimizerSetting":{"output":{"outputPath":"/mnt/e/desktop/HB_Rotation_1/ProBound_run/Tcf21__Jolma2013/result","baseName":"fit"},"nThreads":12,"likelihoodThreshold":2.0E-4,"lbfgsSettings":{"memory":100,"convergence":1.0E-7,"MCSearch":true,"maxIters":2000},"lambdaL2":1.0E-6,"fixedLibrarySize":false,"expBound":40,"nRetries":3,"hkSettings":{"epsilon":1.0E-7,"kickFinal":false,"fdDelta":1.0E-4,"kickAll":false,"maxIters":200,"evCutoff":1.0E-9}},"modelSettings":{"enrichmentModel":[{"variationsOptimized":false,"bindingSaturation":false,"cumulativeEnrichment":true,"concentration":1,"modelType":"SELEX","bindingModeInteractions":[],"componentName":"SELEX enrichment model 0","freezingLevel":0,"includeComponent":true,"bindingModes":[0,1,2],"variationDescription":[],"modifications":[]}],"letterOrder":"ACGT","countTable":[{"leftFlank":"CGGAGTCGGCAAGCAGAAGACGGCATACGATGCA","variationsOptimized":true,"transliterate":{"in":[],"out":[]},"variableRegionLength":20,"countTableFile":"/mnt/e/countTables/Jolma2013/Tcf21_ESZ_TCCGTG20NTGC.100000.tsv","modeledColumns":[0,1,2,3,4],"inputFileType":"tsv","nColumns":5,"rightFlank":"CACGGAGATCGGAAGAGCGTCG","componentName":"Count table 0","freezingLevel":0,"includeComponent":true,"variationDescription":[]}],"bindingModeInteractions":[],"bindingModes":[{"variationsOptimized":true,"fitLogActivity":true,"flankLength":0,"singleStrand":false,"variationName":"0;0;0","size":0,"dinucleotideDistance":0,"componentName":"Binding mode 0","freezingLevel":0,"positionBias":false,"includeComponent":true,"variationDescription":[{"variationName":"0;0;0","descriptionString":"Initial model."}],"modifications":[]},{"variationsOptimized":false,"fitLogActivity":true,"flankLength":0,"singleStrand":false,"variationName":"12;0;0","size":12,"dinucleotideDistance":0,"componentName":"Binding mode 1","freezingLevel":0,"positionBias":false,"includeComponent":false,"variationDescription":[],"modifications":[]},{"variationsOptimized":false,"fitLogActivity":true,"flankLength":0,"singleStrand":false,"variationName":"16;0;0","size":16,"dinucleotideDistance":0,"componentName":"Binding mode 2","freezingLevel":0,"positionBias":false,"includeComponent":false,"variationDescription":[],"modifications":[]}],"letterComplement":"C-G,A-T"},"coefficients":{"enrichmentModel":[{}],"countTable":[{"h":[0.022660883363799324,-0.05052926430635934,0.017425172518719126,0.00696616546098807,0.0034769858444982454]}],"bindingModeInteractions":[],"bindingModes":[{"mononucleotide":[],"activity":[[3.596155875608825E-6,-0.02264863710864952,0.027884260369380694,0.010459079733601079,0.0034893055049681435]],"dinucleotide":[],"modifications":[]},{"mononucleotide":[0,0,0,0,0,0,0,0,0,0,0,0,-1,0,-1,-1,0,-1,-1,-1,0,0,0,0,0,0,0,0,-1,-1,-1,0,-1,-1,0,-1,0,0,0,0,0,0,0,0,0,0,0,0],"activity":[[0,0,0,0,0]],"dinucleotide":[],"modifications":[]},{"mononucleotide":[0,0,0,0,0,0,0,0,0,0,0,0,0,0,0,0,0,0,0,0,0,0,0,0,0,0,0,0,0,0,0,0,0,0,0,0,0,0,0,0,0,0,0,0,0,0,0,0,0,0,0,0,0,0,0,0,0,0,0,0,0,0,0,0],"activity":[[0,0,0,0,0]],"dinucleotide":[],"modifications":[]}]},"modelFittingConstraints":{"enrichmentModel":[{"trySaturation":false}],"countTable":[{}],"bindingModes":[{"maxFlankLength":-1,"positionBiasBinWidth":1,"optimizeSizeHeuristic":false,"maxSize":-1,"optimizeFlankLength":false,"symmetryString":"null","roundSpecificActivity":true,"informationThreshold":0.1,"optimizeMotifShift":false,"fittingStages":[],"optimizeMotifShiftHeuristic":false,"experimentSpecificPositionBias":true,"minSize":-1,"experimentSpecificActivity":true,"optimizeSize":false},{"maxFlankLength":-1,"positionBiasBinWidth":1,"optimizeSizeHeuristic":false,"maxSize":-1,"optimizeFlankLength":true,"symmetryString":"abcdefFEDCBA","roundSpecificActivity":true,"informationThreshold":0.1,"optimizeMotifShift":false,"fittingStages":[{"optimizeFlankLength":true},{"optimizeMotifShift":false},{"optimizeMotifShiftHeuristic":false}],"optimizeMotifShiftHeuristic":false,"experimentSpecificPositionBias":true,"minSize":-1,"experimentSpecificActivity":true,"optimizeSize":false},{"maxFlankLength":-1,"positionBiasBinWidth":1,"optimizeSizeHeuristic":false,"maxSize":-1,"optimizeFlankLength":true,"symmetryString":"abcdefghHGFEDCBA","roundSpecificActivity":true,"informationThreshold":0.1,"optimizeMotifShift":false,"fittingStages":[{"optimizeFlankLength":true},{"optimizeMotifShift":false},{"optimizeMotifShiftHeuristic":false}],"optimizeMotifShiftHeuristic":false,"experimentSpecificPositionBias":true,"minSize":-1,"experimentSpecificActivity":true,"optimizeSize":false}]}}
{"metadata":{"timeStamp":"2023-04-01 13:16:52.171","logLikelihoodPerRead":1.6443758555240748,"logLikelihood":807147.5764234209,"gradientCalls":57,"fitSteps":56,"regularization":2.5262538645103398E-5,"functionCalls":0,"fitter":"proBound","fitName":"component1-0-h","fitTime":5.715,"dataLoops":57},"optimizerSetting":{"output":{"outputPath":"/mnt/e/desktop/HB_Rotation_1/ProBound_run/Tcf21__Jolma2013/result","baseName":"fit"},"nThreads":12,"likelihoodThreshold":2.0E-4,"lbfgsSettings":{"memory":100,"convergence":1.0E-7,"MCSearch":true,"maxIters":2000},"lambdaL2":1.0E-6,"fixedLibrarySize":false,"expBound":40,"nRetries":3,"hkSettings":{"epsilon":1.0E-7,"kickFinal":false,"fdDelta":1.0E-4,"kickAll":false,"maxIters":200,"evCutoff":1.0E-9}},"modelSettings":{"enrichmentModel":[{"variationsOptimized":false,"bindingSaturation":false,"cumulativeEnrichment":true,"concentration":1,"modelType":"SELEX","bindingModeInteractions":[],"componentName":"SELEX enrichment model 0","freezingLevel":0,"includeComponent":true,"bindingModes":[0,1,2],"variationDescription":[],"modifications":[]}],"letterOrder":"ACGT","countTable":[{"leftFlank":"CGGAGTCGGCAAGCAGAAGACGGCATACGATGCA","variationsOptimized":true,"transliterate":{"in":[],"out":[]},"variableRegionLength":20,"countTableFile":"/mnt/e/countTables/Jolma2013/Tcf21_ESZ_TCCGTG20NTGC.100000.tsv","modeledColumns":[0,1,2,3,4],"inputFileType":"tsv","nColumns":5,"rightFlank":"CACGGAGATCGGAAGAGCGTCG","componentName":"Count table 0","freezingLevel":0,"includeComponent":true,"variationDescription":[]}],"bindingModeInteractions":[],"bindingModes":[{"variationsOptimized":true,"fitLogActivity":true,"flankLength":0,"singleStrand":false,"variationName":"0;0;0","size":0,"dinucleotideDistance":0,"componentName":"Binding mode 0","freezingLevel":0,"positionBias":false,"includeComponent":true,"variationDescription":[{"variationName":"0;0;0","descriptionString":"Initial model."}],"modifications":[]},{"variationsOptimized":false,"fitLogActivity":true,"flankLength":0,"singleStrand":false,"variationName":"12;0;0","size":12,"dinucleotideDistance":0,"componentName":"Binding mode 1","freezingLevel":0,"positionBias":false,"includeComponent":true,"variationDescription":[],"modifications":[]},{"variationsOptimized":false,"fitLogActivity":true,"flankLength":0,"singleStrand":false,"variationName":"16;0;0","size":16,"dinucleotideDistance":0,"componentName":"Binding mode 2","freezingLevel":0,"positionBias":false,"includeComponent":false,"variationDescription":[],"modifications":[]}],"letterComplement":"C-G,A-T"},"coefficients":{"enrichmentModel":[{}],"countTable":[{"h":[2.2121055645528775,1.07909961360056,0.05515823670973369,-1.0846154746007206,-2.2617479973752137]}],"bindingModeInteractions":[],"bindingModes":[{"mononucleotide":[],"activity":[[3.596155875608825E-6,-0.02264863710864952,0.027884260369380694,0.010459079733601079,0.0034893055049681435]],"dinucleotide":[],"modifications":[]},{"mononucleotide":[0,0,0,0,0,0,0,0,0,0,0,0,-1,0,-1,-1,0,-1,-1,-1,0,0,0,0,0,0,0,0,-1,-1,-1,0,-1,-1,0,-1,0,0,0,0,0,0,0,0,0,0,0,0],"activity":[[0.42207310495393413,0.399420871689409,0.4499537691674392,0.4325285885316596,0.4255588143030268]],"dinucleotide":[],"modifications":[]},{"mononucleotide":[0,0,0,0,0,0,0,0,0,0,0,0,0,0,0,0,0,0,0,0,0,0,0,0,0,0,0,0,0,0,0,0,0,0,0,0,0,0,0,0,0,0,0,0,0,0,0,0,0,0,0,0,0,0,0,0,0,0,0,0,0,0,0,0],"activity":[[0,0,0,0,0]],"dinucleotide":[],"modifications":[]}]},"modelFittingConstraints":{"enrichmentModel":[{"trySaturation":false}],"countTable":[{}],"bindingModes":[{"maxFlankLength":-1,"positionBiasBinWidth":1,"optimizeSizeHeuristic":false,"maxSize":-1,"optimizeFlankLength":false,"symmetryString":"null","roundSpecificActivity":true,"informationThreshold":0.1,"optimizeMotifShift":false,"fittingStages":[],"optimizeMotifShiftHeuristic":false,"experimentSpecificPositionBias":true,"minSize":-1,"experimentSpecificActivity":true,"optimizeSize":false},{"maxFlankLength":-1,"positionBiasBinWidth":1,"optimizeSizeHeuristic":false,"maxSize":-1,"optimizeFlankLength":true,"symmetryString":"abcdefFEDCBA","roundSpecificActivity":true,"informationThreshold":0.1,"optimizeMotifShift":false,"fittingStages":[{"optimizeFlankLength":true},{"optimizeMotifShift":false},{"optimizeMotifShiftHeuristic":false}],"optimizeMotifShiftHeuristic":false,"experimentSpecificPositionBias":true,"minSize":-1,"experimentSpecificActivity":true,"optimizeSize":false},{"maxFlankLength":-1,"positionBiasBinWidth":1,"optimizeSizeHeuristic":false,"maxSize":-1,"optimizeFlankLength":true,"symmetryString":"abcdefghHGFEDCBA","roundSpecificActivity":true,"informationThreshold":0.1,"optimizeMotifShift":false,"fittingStages":[{"optimizeFlankLength":true},{"optimizeMotifShift":false},{"optimizeMotifShiftHeuristic":false}],"optimizeMotifShiftHeuristic":false,"experimentSpecificPositionBias":true,"minSize":-1,"experimentSpecificActivity":true,"optimizeSize":false}]}}
{"metadata":{"timeStamp":"2023-04-01 13:17:26.957","logLikelihoodPerRead":1.6034146451038127,"logLikelihood":785658.133627759,"gradientCalls":243,"fitSteps":234,"regularization":0.0028431317267895617,"functionCalls":0,"fitter":"proBound","fitName":"component1-1-f0","fitTime":40.501,"dataLoops":243},"optimizerSetting":{"output":{"outputPath":"/mnt/e/desktop/HB_Rotation_1/ProBound_run/Tcf21__Jolma2013/result","baseName":"fit"},"nThreads":12,"likelihoodThreshold":2.0E-4,"lbfgsSettings":{"memory":100,"convergence":1.0E-7,"MCSearch":true,"maxIters":2000},"lambdaL2":1.0E-6,"fixedLibrarySize":false,"expBound":40,"nRetries":3,"hkSettings":{"epsilon":1.0E-7,"kickFinal":false,"fdDelta":1.0E-4,"kickAll":false,"maxIters":200,"evCutoff":1.0E-9}},"modelSettings":{"enrichmentModel":[{"variationsOptimized":false,"bindingSaturation":false,"cumulativeEnrichment":true,"concentration":1,"modelType":"SELEX","bindingModeInteractions":[],"componentName":"SELEX enrichment model 0","freezingLevel":0,"includeComponent":true,"bindingModes":[0,1,2],"variationDescription":[],"modifications":[]}],"letterOrder":"ACGT","countTable":[{"leftFlank":"CGGAGTCGGCAAGCAGAAGACGGCATACGATGCA","variationsOptimized":true,"transliterate":{"in":[],"out":[]},"variableRegionLength":20,"countTableFile":"/mnt/e/countTables/Jolma2013/Tcf21_ESZ_TCCGTG20NTGC.100000.tsv","modeledColumns":[0,1,2,3,4],"inputFileType":"tsv","nColumns":5,"rightFlank":"CACGGAGATCGGAAGAGCGTCG","componentName":"Count table 0","freezingLevel":0,"includeComponent":true,"variationDescription":[]}],"bindingModeInteractions":[],"bindingModes":[{"variationsOptimized":true,"fitLogActivity":true,"flankLength":0,"singleStrand":false,"variationName":"0;0;0","size":0,"dinucleotideDistance":0,"componentName":"Binding mode 0","freezingLevel":0,"positionBias":false,"includeComponent":true,"variationDescription":[{"variationName":"0;0;0","descriptionString":"Initial model."}],"modifications":[]},{"variationsOptimized":false,"fitLogActivity":true,"flankLength":0,"singleStrand":false,"variationName":"12;0;0","size":12,"dinucleotideDistance":0,"componentName":"Binding mode 1","freezingLevel":0,"positionBias":false,"includeComponent":true,"variationDescription":[],"modifications":[]},{"variationsOptimized":false,"fitLogActivity":true,"flankLength":0,"singleStrand":false,"variationName":"16;0;0","size":16,"dinucleotideDistance":0,"componentName":"Binding mode 2","freezingLevel":0,"positionBias":false,"includeComponent":false,"variationDescription":[],"modifications":[]}],"letterComplement":"C-G,A-T"},"coefficients":{"enrichmentModel":[{}],"countTable":[{"h":[0.19155677157244486,0.11664446234716934,0.093940465490908,-0.08402367889810175,-0.31811802140348966]}],"bindingModeInteractions":[],"bindingModes":[{"mononucleotide":[],"activity":[[3.596155875608825E-6,-0.02264863710864952,0.027884260369380694,0.010459079733601079,0.0034893055049681435]],"dinucleotide":[],"modifications":[]},{"mononucleotide":[-1.0075846786953502,-0.05005449892643061,-0.09250035760415716,-0.7934301781162948,-0.6518899515871318,-0.16544360488968787,-0.06065167578625101,-1.0655844810820558,-0.638239630904191,-0.26949494149701614,-0.33260292741125713,-0.7032322135274378,-0.8735048519715848,-0.1857446762897086,-0.3959543887180197,-0.48846599910059424,-0.22169989695633893,-0.5433862904179896,-0.29228137978067886,-0.8863023489236524,-1.1348817742173571,-0.20283383473655778,-0.35127223990111384,-0.2545818644907337,-0.2545818644907337,-0.35127223990111384,-0.20283383473655778,-1.1348817742173571,-0.8863023489236524,-0.29228137978067886,-0.5433862904179896,-0.22169989695633893,-0.48846599910059424,-0.3959543887180197,-0.1857446762897086,-0.8735048519715848,-0.7032322135274378,-0.33260292741125713,-0.26949494149701614,-0.638239630904191,-1.0655844810820558,-0.06065167578625101,-0.16544360488968787,-0.6518899515871318,-0.7934301781162948,-0.09250035760415716,-0.05005449892643061,-1.0075846786953502],"activity":[[0.006539245581833418,-3.888358571193275,0.16945268225735116,0.7569757792010863,1.0149907877998225]],"dinucleotide":[],"modifications":[]},{"mononucleotide":[0,0,0,0,0,0,0,0,0,0,0,0,0,0,0,0,0,0,0,0,0,0,0,0,0,0,0,0,0,0,0,0,0,0,0,0,0,0,0,0,0,0,0,0,0,0,0,0,0,0,0,0,0,0,0,0,0,0,0,0,0,0,0,0],"activity":[[0,0,0,0,0]],"dinucleotide":[],"modifications":[]}]},"modelFittingConstraints":{"enrichmentModel":[{"trySaturation":false}],"countTable":[{}],"bindingModes":[{"maxFlankLength":-1,"positionBiasBinWidth":1,"optimizeSizeHeuristic":false,"maxSize":-1,"optimizeFlankLength":false,"symmetryString":"null","roundSpecificActivity":true,"informationThreshold":0.1,"optimizeMotifShift":false,"fittingStages":[],"optimizeMotifShiftHeuristic":false,"experimentSpecificPositionBias":true,"minSize":-1,"experimentSpecificActivity":true,"optimizeSize":false},{"maxFlankLength":-1,"positionBiasBinWidth":1,"optimizeSizeHeuristic":false,"maxSize":-1,"optimizeFlankLength":true,"symmetryString":"abcdefFEDCBA","roundSpecificActivity":true,"informationThreshold":0.1,"optimizeMotifShift":false,"fittingStages":[{"optimizeFlankLength":true},{"optimizeMotifShift":false},{"optimizeMotifShiftHeuristic":false}],"optimizeMotifShiftHeuristic":false,"experimentSpecificPositionBias":true,"minSize":-1,"experimentSpecificActivity":true,"optimizeSize":false},{"maxFlankLength":-1,"positionBiasBinWidth":1,"optimizeSizeHeuristic":false,"maxSize":-1,"optimizeFlankLength":true,"symmetryString":"abcdefghHGFEDCBA","roundSpecificActivity":true,"informationThreshold":0.1,"optimizeMotifShift":false,"fittingStages":[{"optimizeFlankLength":true},{"optimizeMotifShift":false},{"optimizeMotifShiftHeuristic":false}],"optimizeMotifShiftHeuristic":false,"experimentSpecificPositionBias":true,"minSize":-1,"experimentSpecificActivity":true,"optimizeSize":false}]}}
{"metadata":{"timeStamp":"2023-04-01 13:17:27.154","logLikelihoodPerRead":1.6034146451038127,"logLikelihood":785658.133627759,"gradientCalls":244,"fitSteps":237,"regularization":0.0028431317267895617,"functionCalls":0,"fitter":"proBound","fitName":"component1-2-variation0","fitTime":40.698,"dataLoops":244},"optimizerSetting":{"output":{"outputPath":"/mnt/e/desktop/HB_Rotation_1/ProBound_run/Tcf21__Jolma2013/result","baseName":"fit"},"nThreads":12,"likelihoodThreshold":2.0E-4,"lbfgsSettings":{"memory":100,"convergence":1.0E-7,"MCSearch":true,"maxIters":2000},"lambdaL2":1.0E-6,"fixedLibrarySize":false,"expBound":40,"nRetries":3,"hkSettings":{"epsilon":1.0E-7,"kickFinal":false,"fdDelta":1.0E-4,"kickAll":false,"maxIters":200,"evCutoff":1.0E-9}},"modelSettings":{"enrichmentModel":[{"variationsOptimized":false,"bindingSaturation":false,"cumulativeEnrichment":true,"concentration":1,"modelType":"SELEX","bindingModeInteractions":[],"componentName":"SELEX enrichment model 0","freezingLevel":0,"includeComponent":true,"bindingModes":[0,1,2],"variationDescription":[],"modifications":[]}],"letterOrder":"ACGT","countTable":[{"leftFlank":"CGGAGTCGGCAAGCAGAAGACGGCATACGATGCA","variationsOptimized":true,"transliterate":{"in":[],"out":[]},"variableRegionLength":20,"countTableFile":"/mnt/e/countTables/Jolma2013/Tcf21_ESZ_TCCGTG20NTGC.100000.tsv","modeledColumns":[0,1,2,3,4],"inputFileType":"tsv","nColumns":5,"rightFlank":"CACGGAGATCGGAAGAGCGTCG","componentName":"Count table 0","freezingLevel":0,"includeComponent":true,"variationDescription":[]}],"bindingModeInteractions":[],"bindingModes":[{"variationsOptimized":true,"fitLogActivity":true,"flankLength":0,"singleStrand":false,"variationName":"0;0;0","size":0,"dinucleotideDistance":0,"componentName":"Binding mode 0","freezingLevel":0,"positionBias":false,"includeComponent":true,"variationDescription":[{"variationName":"0;0;0","descriptionString":"Initial model."}],"modifications":[]},{"variationsOptimized":false,"fitLogActivity":true,"flankLength":0,"singleStrand":false,"variationName":"12;0;0","size":12,"dinucleotideDistance":0,"componentName":"Binding mode 1","freezingLevel":0,"positionBias":false,"includeComponent":true,"variationDescription":[{"variationName":"12;0;0","descriptionString":"Initial model."}],"modifications":[]},{"variationsOptimized":false,"fitLogActivity":true,"flankLength":0,"singleStrand":false,"variationName":"16;0;0","size":16,"dinucleotideDistance":0,"componentName":"Binding mode 2","freezingLevel":0,"positionBias":false,"includeComponent":false,"variationDescription":[],"modifications":[]}],"letterComplement":"C-G,A-T"},"coefficients":{"enrichmentModel":[{}],"countTable":[{"h":[0.19155677157244486,0.11664446234716934,0.093940465490908,-0.08402367889810175,-0.31811802140348966]}],"bindingModeInteractions":[],"bindingModes":[{"mononucleotide":[],"activity":[[3.596155875608825E-6,-0.02264863710864952,0.027884260369380694,0.010459079733601079,0.0034893055049681435]],"dinucleotide":[],"modifications":[]},{"mononucleotide":[-1.0075846786953502,-0.05005449892643061,-0.09250035760415716,-0.7934301781162948,-0.6518899515871318,-0.16544360488968787,-0.06065167578625101,-1.0655844810820558,-0.638239630904191,-0.26949494149701614,-0.33260292741125713,-0.7032322135274378,-0.8735048519715848,-0.1857446762897086,-0.3959543887180197,-0.48846599910059424,-0.22169989695633893,-0.5433862904179896,-0.29228137978067886,-0.8863023489236524,-1.1348817742173571,-0.20283383473655778,-0.35127223990111384,-0.2545818644907337,-0.2545818644907337,-0.35127223990111384,-0.20283383473655778,-1.1348817742173571,-0.8863023489236524,-0.29228137978067886,-0.5433862904179896,-0.22169989695633893,-0.48846599910059424,-0.3959543887180197,-0.1857446762897086,-0.8735048519715848,-0.7032322135274378,-0.33260292741125713,-0.26949494149701614,-0.638239630904191,-1.0655844810820558,-0.06065167578625101,-0.16544360488968787,-0.6518899515871318,-0.7934301781162948,-0.09250035760415716,-0.05005449892643061,-1.0075846786953502],"activity":[[0.006539245581833418,-3.888358571193275,0.16945268225735116,0.7569757792010863,1.0149907877998225]],"dinucleotide":[],"modifications":[]},{"mononucleotide":[0,0,0,0,0,0,0,0,0,0,0,0,0,0,0,0,0,0,0,0,0,0,0,0,0,0,0,0,0,0,0,0,0,0,0,0,0,0,0,0,0,0,0,0,0,0,0,0,0,0,0,0,0,0,0,0,0,0,0,0,0,0,0,0],"activity":[[0,0,0,0,0]],"dinucleotide":[],"modifications":[]}]},"modelFittingConstraints":{"enrichmentModel":[{"trySaturation":false}],"countTable":[{}],"bindingModes":[{"maxFlankLength":-1,"positionBiasBinWidth":1,"optimizeSizeHeuristic":false,"maxSize":-1,"optimizeFlankLength":false,"symmetryString":"null","roundSpecificActivity":true,"informationThreshold":0.1,"optimizeMotifShift":false,"fittingStages":[],"optimizeMotifShiftHeuristic":false,"experimentSpecificPositionBias":true,"minSize":-1,"experimentSpecificActivity":true,"optimizeSize":false},{"maxFlankLength":-1,"positionBiasBinWidth":1,"optimizeSizeHeuristic":false,"maxSize":-1,"optimizeFlankLength":true,"symmetryString":"abcdefFEDCBA","roundSpecificActivity":true,"informationThreshold":0.1,"optimizeMotifShift":false,"fittingStages":[{"optimizeFlankLength":true},{"optimizeMotifShift":false},{"optimizeMotifShiftHeuristic":false}],"optimizeMotifShiftHeuristic":false,"experimentSpecificPositionBias":true,"minSize":-1,"experimentSpecificActivity":true,"optimizeSize":false},{"maxFlankLength":-1,"positionBiasBinWidth":1,"optimizeSizeHeuristic":false,"maxSize":-1,"optimizeFlankLength":true,"symmetryString":"abcdefghHGFEDCBA","roundSpecificActivity":true,"informationThreshold":0.1,"optimizeMotifShift":false,"fittingStages":[{"optimizeFlankLength":true},{"optimizeMotifShift":false},{"optimizeMotifShiftHeuristic":false}],"optimizeMotifShiftHeuristic":false,"experimentSpecificPositionBias":true,"minSize":-1,"experimentSpecificActivity":true,"optimizeSize":false}]}}
{"metadata":{"timeStamp":"2023-04-01 13:17:47.196","logLikelihoodPerRead":1.603468228027577,"logLikelihood":785677.2050015794,"gradientCalls":333,"fitSteps":325,"regularization":0.002857861749589044,"functionCalls":0,"fitter":"proBound","fitName":"component1-2-variation1","fitTime":60.74,"dataLoops":333},"optimizerSetting":{"output":{"outputPath":"/mnt/e/desktop/HB_Rotation_1/ProBound_run/Tcf21__Jolma2013/result","baseName":"fit"},"nThreads":12,"likelihoodThreshold":2.0E-4,"lbfgsSettings":{"memory":100,"convergence":1.0E-7,"MCSearch":true,"maxIters":2000},"lambdaL2":1.0E-6,"fixedLibrarySize":false,"expBound":40,"nRetries":3,"hkSettings":{"epsilon":1.0E-7,"kickFinal":false,"fdDelta":1.0E-4,"kickAll":false,"maxIters":200,"evCutoff":1.0E-9}},"modelSettings":{"enrichmentModel":[{"variationsOptimized":false,"bindingSaturation":false,"cumulativeEnrichment":true,"concentration":1,"modelType":"SELEX","bindingModeInteractions":[],"componentName":"SELEX enrichment model 0","freezingLevel":0,"includeComponent":true,"bindingModes":[0,1,2],"variationDescription":[],"modifications":[]}],"letterOrder":"ACGT","countTable":[{"leftFlank":"CGGAGTCGGCAAGCAGAAGACGGCATACGATGCA","variationsOptimized":true,"transliterate":{"in":[],"out":[]},"variableRegionLength":20,"countTableFile":"/mnt/e/countTables/Jolma2013/Tcf21_ESZ_TCCGTG20NTGC.100000.tsv","modeledColumns":[0,1,2,3,4],"inputFileType":"tsv","nColumns":5,"rightFlank":"CACGGAGATCGGAAGAGCGTCG","componentName":"Count table 0","freezingLevel":0,"includeComponent":true,"variationDescription":[]}],"bindingModeInteractions":[],"bindingModes":[{"variationsOptimized":true,"fitLogActivity":true,"flankLength":0,"singleStrand":false,"variationName":"0;0;0","size":0,"dinucleotideDistance":0,"componentName":"Binding mode 0","freezingLevel":0,"positionBias":false,"includeComponent":true,"variationDescription":[{"variationName":"0;0;0","descriptionString":"Initial model."}],"modifications":[]},{"variationsOptimized":false,"fitLogActivity":true,"flankLength":1,"singleStrand":false,"variationName":"12;0;0","size":12,"dinucleotideDistance":0,"componentName":"Binding mode 1","freezingLevel":0,"positionBias":false,"includeComponent":true,"variationDescription":[{"variationName":"12;1;0","descriptionString":"Increases flank length."},{"variationName":"12;0;0","descriptionString":"Initial model."}],"modifications":[]},{"variationsOptimized":false,"fitLogActivity":true,"flankLength":0,"singleStrand":false,"variationName":"16;0;0","size":16,"dinucleotideDistance":0,"componentName":"Binding mode 2","freezingLevel":0,"positionBias":false,"includeComponent":false,"variationDescription":[],"modifications":[]}],"letterComplement":"C-G,A-T"},"coefficients":{"enrichmentModel":[{}],"countTable":[{"h":[0.19565505610703926,0.12061183019117151,0.09614518859244056,-0.08691847855921857,-0.32549359704267095]}],"bindingModeInteractions":[],"bindingModes":[{"mononucleotide":[],"activity":[[3.596155875608825E-6,-0.02264863710864952,0.027884260369380694,0.010459079733601079,0.0034893055049681435]],"dinucleotide":[],"modifications":[]},{"mononucleotide":[-1.2101605546224625,-0.007759624409808925,-0.16997270345663823,-0.6260879708423038,-0.4924844968270579,-0.27468021826831085,-0.1117968515503722,-1.135019286686329,-0.5355159238156618,-0.26322197498936306,-0.326738317968994,-0.8885046365542953,-0.9899884065551657,-0.06808049329788902,-0.3947360783621287,-0.561237803802945,-0.18963609148629743,-0.5725526197326885,-0.34427668165214387,-0.9075773891461937,-1.1518661187583208,-0.2532289182854611,-0.3229514201569225,-0.2859343961322128,-0.2859343961322128,-0.3229514201569225,-0.2532289182854611,-1.1518661187583208,-0.9075773891461937,-0.34427668165214387,-0.5725526197326885,-0.18963609148629743,-0.561237803802945,-0.3947360783621287,-0.06808049329788902,-0.9899884065551657,-0.8885046365542953,-0.326738317968994,-0.26322197498936306,-0.5355159238156618,-1.135019286686329,-0.1117968515503722,-0.27468021826831085,-0.4924844968270579,-0.6260879708423038,-0.16997270345663823,-0.007759624409808925,-1.2101605546224625],"activity":[[0.005244832724871082,-3.8631937978441755,0.14115015569212738,0.7423353912193665,0.9910076170664615]],"dinucleotide":[],"modifications":[]},{"mononucleotide":[0,0,0,0,0,0,0,0,0,0,0,0,0,0,0,0,0,0,0,0,0,0,0,0,0,0,0,0,0,0,0,0,0,0,0,0,0,0,0,0,0,0,0,0,0,0,0,0,0,0,0,0,0,0,0,0,0,0,0,0,0,0,0,0],"activity":[[0,0,0,0,0]],"dinucleotide":[],"modifications":[]}]},"modelFittingConstraints":{"enrichmentModel":[{"trySaturation":false}],"countTable":[{}],"bindingModes":[{"maxFlankLength":-1,"positionBiasBinWidth":1,"optimizeSizeHeuristic":false,"maxSize":-1,"optimizeFlankLength":false,"symmetryString":"null","roundSpecificActivity":true,"informationThreshold":0.1,"optimizeMotifShift":false,"fittingStages":[],"optimizeMotifShiftHeuristic":false,"experimentSpecificPositionBias":true,"minSize":-1,"experimentSpecificActivity":true,"optimizeSize":false},{"maxFlankLength":-1,"positionBiasBinWidth":1,"optimizeSizeHeuristic":false,"maxSize":-1,"optimizeFlankLength":true,"symmetryString":"abcdefFEDCBA","roundSpecificActivity":true,"informationThreshold":0.1,"optimizeMotifShift":false,"fittingStages":[{"optimizeFlankLength":true},{"optimizeMotifShift":false},{"optimizeMotifShiftHeuristic":false}],"optimizeMotifShiftHeuristic":false,"experimentSpecificPositionBias":true,"minSize":-1,"experimentSpecificActivity":true,"optimizeSize":false},{"maxFlankLength":-1,"positionBiasBinWidth":1,"optimizeSizeHeuristic":false,"maxSize":-1,"optimizeFlankLength":true,"symmetryString":"abcdefghHGFEDCBA","roundSpecificActivity":true,"informationThreshold":0.1,"optimizeMotifShift":false,"fittingStages":[{"optimizeFlankLength":true},{"optimizeMotifShift":false},{"optimizeMotifShiftHeuristic":false}],"optimizeMotifShiftHeuristic":false,"experimentSpecificPositionBias":true,"minSize":-1,"experimentSpecificActivity":true,"optimizeSize":false}]}}
{"metadata":{"timeStamp":"2023-04-01 13:17:59.156","logLikelihoodPerRead":1.6034074007124761,"logLikelihood":785656.961585745,"gradientCalls":395,"fitSteps":386,"regularization":0.002838275062353135,"functionCalls":0,"fitter":"proBound","fitName":"component1-4-all","fitTime":72.7,"dataLoops":395},"optimizerSetting":{"output":{"outputPath":"/mnt/e/desktop/HB_Rotation_1/ProBound_run/Tcf21__Jolma2013/result","baseName":"fit"},"nThreads":12,"likelihoodThreshold":2.0E-4,"lbfgsSettings":{"memory":100,"convergence":1.0E-7,"MCSearch":true,"maxIters":2000},"lambdaL2":1.0E-6,"fixedLibrarySize":false,"expBound":40,"nRetries":3,"hkSettings":{"epsilon":1.0E-7,"kickFinal":false,"fdDelta":1.0E-4,"kickAll":false,"maxIters":200,"evCutoff":1.0E-9}},"modelSettings":{"enrichmentModel":[{"variationsOptimized":false,"bindingSaturation":false,"cumulativeEnrichment":true,"concentration":1,"modelType":"SELEX","bindingModeInteractions":[],"componentName":"SELEX enrichment model 0","freezingLevel":0,"includeComponent":true,"bindingModes":[0,1,2],"variationDescription":[],"modifications":[]}],"letterOrder":"ACGT","countTable":[{"leftFlank":"CGGAGTCGGCAAGCAGAAGACGGCATACGATGCA","variationsOptimized":true,"transliterate":{"in":[],"out":[]},"variableRegionLength":20,"countTableFile":"/mnt/e/countTables/Jolma2013/Tcf21_ESZ_TCCGTG20NTGC.100000.tsv","modeledColumns":[0,1,2,3,4],"inputFileType":"tsv","nColumns":5,"rightFlank":"CACGGAGATCGGAAGAGCGTCG","componentName":"Count table 0","freezingLevel":0,"includeComponent":true,"variationDescription":[]}],"bindingModeInteractions":[],"bindingModes":[{"variationsOptimized":true,"fitLogActivity":true,"flankLength":0,"singleStrand":false,"variationName":"0;0;0","size":0,"dinucleotideDistance":0,"componentName":"Binding mode 0","freezingLevel":0,"positionBias":false,"includeComponent":true,"variationDescription":[{"variationName":"0;0;0","descriptionString":"Initial model."}],"modifications":[]},{"variationsOptimized":true,"fitLogActivity":true,"flankLength":0,"singleStrand":false,"variationName":"12;0;0","size":12,"dinucleotideDistance":0,"componentName":"Binding mode 1","freezingLevel":0,"positionBias":false,"includeComponent":true,"variationDescription":[{"variationName":"12;1;0","descriptionString":"Increases flank length."},{"variationName":"12;0;0","descriptionString":"Initial model."}],"modifications":[]},{"variationsOptimized":false,"fitLogActivity":true,"flankLength":0,"singleStrand":false,"variationName":"16;0;0","size":16,"dinucleotideDistance":0,"componentName":"Binding mode 2","freezingLevel":0,"positionBias":false,"includeComponent":false,"variationDescription":[],"modifications":[]}],"letterComplement":"C-G,A-T"},"coefficients":{"enrichmentModel":[{}],"countTable":[{"h":[1.0614205510901835,-0.6386523525464063,-0.3628625109481913,-0.14063658631033915,0.080730898709899]}],"bindingModeInteractions":[],"bindingModes":[{"mononucleotide":[],"activity":[[7.000118501246005E-10,1.6030676456515143,-0.2710056437108936,-0.3897761623094058,-0.4520951884191652]],"dinucleotide":[],"modifications":[]},{"mononucleotide":[-1.0052208098881037,-0.04779319910234407,-0.0902834527559049,-0.7912756170338593,-0.6499041766157658,-0.16313566500114196,-0.058461434738799806,-1.0630718024277717,-0.6359853867341609,-0.2673721415083288,-0.33041087165100547,-0.7008046788960414,-0.8709752723512757,-0.1836873434877212,-0.39367203934296213,-0.48617421561690666,-0.2195473748465316,-0.5409882287057243,-0.2901020313233476,-0.8838712359228204,-1.132553184270847,-0.20054728626210266,-0.3490694723766412,-0.2524031358699633,-0.2524031358699633,-0.3490694723766412,-0.20054728626210266,-1.132553184270847,-0.8838712359228204,-0.2901020313233476,-0.5409882287057243,-0.2195473748465316,-0.48617421561690666,-0.39367203934296213,-0.1836873434877212,-0.8709752723512757,-0.7008046788960414,-0.33041087165100547,-0.2673721415083288,-0.6359853867341609,-1.0630718024277717,-0.058461434738799806,-0.16313566500114196,-0.6499041766157658,-0.7912756170338593,-0.0902834527559049,-0.04779319910234407,-1.0052208098881037],"activity":[[1.272867667708334E-6,-2.6652121896934045,-0.151664151555731,0.3300981334118429,0.5330862566677027]],"dinucleotide":[],"modifications":[]},{"mononucleotide":[0,0,0,0,0,0,0,0,0,0,0,0,0,0,0,0,0,0,0,0,0,0,0,0,0,0,0,0,0,0,0,0,0,0,0,0,0,0,0,0,0,0,0,0,0,0,0,0,0,0,0,0,0,0,0,0,0,0,0,0,0,0,0,0],"activity":[[0,0,0,0,0]],"dinucleotide":[],"modifications":[]}]},"modelFittingConstraints":{"enrichmentModel":[{"trySaturation":false}],"countTable":[{}],"bindingModes":[{"maxFlankLength":-1,"positionBiasBinWidth":1,"optimizeSizeHeuristic":false,"maxSize":-1,"optimizeFlankLength":false,"symmetryString":"null","roundSpecificActivity":true,"informationThreshold":0.1,"optimizeMotifShift":false,"fittingStages":[],"optimizeMotifShiftHeuristic":false,"experimentSpecificPositionBias":true,"minSize":-1,"experimentSpecificActivity":true,"optimizeSize":false},{"maxFlankLength":-1,"positionBiasBinWidth":1,"optimizeSizeHeuristic":false,"maxSize":-1,"optimizeFlankLength":false,"symmetryString":"abcdefFEDCBA","roundSpecificActivity":true,"informationThreshold":0.1,"optimizeMotifShift":false,"fittingStages":[{"optimizeFlankLength":true},{"optimizeMotifShift":false},{"optimizeMotifShiftHeuristic":false}],"optimizeMotifShiftHeuristic":false,"experimentSpecificPositionBias":true,"minSize":-1,"experimentSpecificActivity":true,"optimizeSize":false},{"maxFlankLength":-1,"positionBiasBinWidth":1,"optimizeSizeHeuristic":false,"maxSize":-1,"optimizeFlankLength":true,"symmetryString":"abcdefghHGFEDCBA","roundSpecificActivity":true,"informationThreshold":0.1,"optimizeMotifShift":false,"fittingStages":[{"optimizeFlankLength":true},{"optimizeMotifShift":false},{"optimizeMotifShiftHeuristic":false}],"optimizeMotifShiftHeuristic":false,"experimentSpecificPositionBias":true,"minSize":-1,"experimentSpecificActivity":true,"optimizeSize":false}]}}
{"metadata":{"timeStamp":"2023-04-01 13:18:00.417","logLikelihoodPerRead":1.6037183215258721,"logLikelihood":787175.010931086,"gradientCalls":405,"fitSteps":397,"regularization":5.65701724625161E-5,"functionCalls":0,"fitter":"proBound","fitName":"component2-0-h","fitTime":73.961,"dataLoops":405},"optimizerSetting":{"output":{"outputPath":"/mnt/e/desktop/HB_Rotation_1/ProBound_run/Tcf21__Jolma2013/result","baseName":"fit"},"nThreads":12,"likelihoodThreshold":2.0E-4,"lbfgsSettings":{"memory":100,"convergence":1.0E-7,"MCSearch":true,"maxIters":2000},"lambdaL2":1.0E-6,"fixedLibrarySize":false,"expBound":40,"nRetries":3,"hkSettings":{"epsilon":1.0E-7,"kickFinal":false,"fdDelta":1.0E-4,"kickAll":false,"maxIters":200,"evCutoff":1.0E-9}},"modelSettings":{"enrichmentModel":[{"variationsOptimized":false,"bindingSaturation":false,"cumulativeEnrichment":true,"concentration":1,"modelType":"SELEX","bindingModeInteractions":[],"componentName":"SELEX enrichment model 0","freezingLevel":0,"includeComponent":true,"bindingModes":[0,1,2],"variationDescription":[],"modifications":[]}],"letterOrder":"ACGT","countTable":[{"leftFlank":"CGGAGTCGGCAAGCAGAAGACGGCATACGATGCA","variationsOptimized":true,"transliterate":{"in":[],"out":[]},"variableRegionLength":20,"countTableFile":"/mnt/e/countTables/Jolma2013/Tcf21_ESZ_TCCGTG20NTGC.100000.tsv","modeledColumns":[0,1,2,3,4],"inputFileType":"tsv","nColumns":5,"rightFlank":"CACGGAGATCGGAAGAGCGTCG","componentName":"Count table 0","freezingLevel":0,"includeComponent":true,"variationDescription":[]}],"bindingModeInteractions":[],"bindingModes":[{"variationsOptimized":true,"fitLogActivity":true,"flankLength":0,"singleStrand":false,"variationName":"0;0;0","size":0,"dinucleotideDistance":0,"componentName":"Binding mode 0","freezingLevel":0,"positionBias":false,"includeComponent":true,"variationDescription":[{"variationName":"0;0;0","descriptionString":"Initial model."}],"modifications":[]},{"variationsOptimized":true,"fitLogActivity":true,"flankLength":0,"singleStrand":false,"variationName":"12;0;0","size":12,"dinucleotideDistance":0,"componentName":"Binding mode 1","freezingLevel":0,"positionBias":false,"includeComponent":true,"variationDescription":[{"variationName":"12;1;0","descriptionString":"Increases flank length."},{"variationName":"12;0;0","descriptionString":"Initial model."}],"modifications":[]},{"variationsOptimized":false,"fitLogActivity":true,"flankLength":0,"singleStrand":false,"variationName":"16;0;0","size":16,"dinucleotideDistance":0,"componentName":"Binding mode 2","freezingLevel":0,"positionBias":false,"includeComponent":true,"variationDescription":[],"modifications":[]}],"letterComplement":"C-G,A-T"},"coefficients":{"enrichmentModel":[{}],"countTable":[{"h":[3.2173865104930104,0.3866776766693322,-0.41171082846079954,-1.21525179729579,-1.9771015614106047]}],"bindingModeInteractions":[],"bindingModes":[{"mononucleotide":[],"activity":[[7.000118501246005E-10,1.6030676456515143,-0.2710056437108936,-0.3897761623094058,-0.4520951884191652]],"dinucleotide":[],"modifications":[]},{"mononucleotide":[-1.0052208098881037,-0.04779319910234407,-0.0902834527559049,-0.7912756170338593,-0.6499041766157658,-0.16313566500114196,-0.058461434738799806,-1.0630718024277717,-0.6359853867341609,-0.2673721415083288,-0.33041087165100547,-0.7008046788960414,-0.8709752723512757,-0.1836873434877212,-0.39367203934296213,-0.48617421561690666,-0.2195473748465316,-0.5409882287057243,-0.2901020313233476,-0.8838712359228204,-1.132553184270847,-0.20054728626210266,-0.3490694723766412,-0.2524031358699633,-0.2524031358699633,-0.3490694723766412,-0.20054728626210266,-1.132553184270847,-0.8838712359228204,-0.2901020313233476,-0.5409882287057243,-0.2195473748465316,-0.48617421561690666,-0.39367203934296213,-0.1836873434877212,-0.8709752723512757,-0.7008046788960414,-0.33041087165100547,-0.2673721415083288,-0.6359853867341609,-1.0630718024277717,-0.058461434738799806,-0.16313566500114196,-0.6499041766157658,-0.7912756170338593,-0.0902834527559049,-0.04779319910234407,-1.0052208098881037],"activity":[[1.272867667708334E-6,-2.6652121896934045,-0.151664151555731,0.3300981334118429,0.5330862566677027]],"dinucleotide":[],"modifications":[]},{"mononucleotide":[0,0,0,0,0,0,0,0,0,0,0,0,0,0,0,0,0,0,0,0,0,0,0,0,0,0,0,0,0,0,0,0,0,0,0,0,0,0,0,0,0,0,0,0,0,0,0,0,0,0,0,0,0,0,0,0,0,0,0,0,0,0,0,0],"activity":[[-1.5582858470577328,0.0424530163289978,-1.8289925110002598,-1.945578185153895,-2.0064295666998713]],"dinucleotide":[],"modifications":[]}]},"modelFittingConstraints":{"enrichmentModel":[{"trySaturation":false}],"countTable":[{}],"bindingModes":[{"maxFlankLength":-1,"positionBiasBinWidth":1,"optimizeSizeHeuristic":false,"maxSize":-1,"optimizeFlankLength":false,"symmetryString":"null","roundSpecificActivity":true,"informationThreshold":0.1,"optimizeMotifShift":false,"fittingStages":[],"optimizeMotifShiftHeuristic":false,"experimentSpecificPositionBias":true,"minSize":-1,"experimentSpecificActivity":true,"optimizeSize":false},{"maxFlankLength":-1,"positionBiasBinWidth":1,"optimizeSizeHeuristic":false,"maxSize":-1,"optimizeFlankLength":false,"symmetryString":"abcdefFEDCBA","roundSpecificActivity":true,"informationThreshold":0.1,"optimizeMotifShift":false,"fittingStages":[{"optimizeFlankLength":true},{"optimizeMotifShift":false},{"optimizeMotifShiftHeuristic":false}],"optimizeMotifShiftHeuristic":false,"experimentSpecificPositionBias":true,"minSize":-1,"experimentSpecificActivity":true,"optimizeSize":false},{"maxFlankLength":-1,"positionBiasBinWidth":1,"optimizeSizeHeuristic":false,"maxSize":-1,"optimizeFlankLength":true,"symmetryString":"abcdefghHGFEDCBA","roundSpecificActivity":true,"informationThreshold":0.1,"optimizeMotifShift":false,"fittingStages":[{"optimizeFlankLength":true},{"optimizeMotifShift":false},{"optimizeMotifShiftHeuristic":false}],"optimizeMotifShiftHeuristic":false,"experimentSpecificPositionBias":true,"minSize":-1,"experimentSpecificActivity":true,"optimizeSize":false}]}}
{"metadata":{"timeStamp":"2023-04-01 13:18:43.302","logLikelihoodPerRead":1.603572064201715,"logLikelihood":785277.1400614438,"gradientCalls":618,"fitSteps":600,"regularization":0.0037767248664575164,"functionCalls":0,"fitter":"proBound","fitName":"component2-1-f0","fitTime":116.847,"dataLoops":618},"optimizerSetting":{"output":{"outputPath":"/mnt/e/desktop/HB_Rotation_1/ProBound_run/Tcf21__Jolma2013/result","baseName":"fit"},"nThreads":12,"likelihoodThreshold":2.0E-4,"lbfgsSettings":{"memory":100,"convergence":1.0E-7,"MCSearch":true,"maxIters":2000},"lambdaL2":1.0E-6,"fixedLibrarySize":false,"expBound":40,"nRetries":3,"hkSettings":{"epsilon":1.0E-7,"kickFinal":false,"fdDelta":1.0E-4,"kickAll":false,"maxIters":200,"evCutoff":1.0E-9}},"modelSettings":{"enrichmentModel":[{"variationsOptimized":false,"bindingSaturation":false,"cumulativeEnrichment":true,"concentration":1,"modelType":"SELEX","bindingModeInteractions":[],"componentName":"SELEX enrichment model 0","freezingLevel":0,"includeComponent":true,"bindingModes":[0,1,2],"variationDescription":[],"modifications":[]}],"letterOrder":"ACGT","countTable":[{"leftFlank":"CGGAGTCGGCAAGCAGAAGACGGCATACGATGCA","variationsOptimized":true,"transliterate":{"in":[],"out":[]},"variableRegionLength":20,"countTableFile":"/mnt/e/countTables/Jolma2013/Tcf21_ESZ_TCCGTG20NTGC.100000.tsv","modeledColumns":[0,1,2,3,4],"inputFileType":"tsv","nColumns":5,"rightFlank":"CACGGAGATCGGAAGAGCGTCG","componentName":"Count table 0","freezingLevel":0,"includeComponent":true,"variationDescription":[]}],"bindingModeInteractions":[],"bindingModes":[{"variationsOptimized":true,"fitLogActivity":true,"flankLength":0,"singleStrand":false,"variationName":"0;0;0","size":0,"dinucleotideDistance":0,"componentName":"Binding mode 0","freezingLevel":0,"positionBias":false,"includeComponent":true,"variationDescription":[{"variationName":"0;0;0","descriptionString":"Initial model."}],"modifications":[]},{"variationsOptimized":true,"fitLogActivity":true,"flankLength":0,"singleStrand":false,"variationName":"12;0;0","size":12,"dinucleotideDistance":0,"componentName":"Binding mode 1","freezingLevel":0,"positionBias":false,"includeComponent":true,"variationDescription":[{"variationName":"12;1;0","descriptionString":"Increases flank length."},{"variationName":"12;0;0","descriptionString":"Initial model."}],"modifications":[]},{"variationsOptimized":false,"fitLogActivity":true,"flankLength":0,"singleStrand":false,"variationName":"16;0;0","size":16,"dinucleotideDistance":0,"componentName":"Binding mode 2","freezingLevel":0,"positionBias":false,"includeComponent":true,"variationDescription":[],"modifications":[]}],"letterComplement":"C-G,A-T"},"coefficients":{"enrichmentModel":[{}],"countTable":[{"h":[1.1454483830967817,-0.607859221277179,-0.36144779151750867,-0.18334986695657204,0.007208496649724101]}],"bindingModeInteractions":[],"bindingModes":[{"mononucleotide":[],"activity":[[7.000118501246005E-10,1.6030676456515143,-0.2710056437108936,-0.3897761623094058,-0.4520951884191652]],"dinucleotide":[],"modifications":[]},{"mononucleotide":[-1.0052208098881037,-0.04779319910234407,-0.0902834527559049,-0.7912756170338593,-0.6499041766157658,-0.16313566500114196,-0.058461434738799806,-1.0630718024277717,-0.6359853867341609,-0.2673721415083288,-0.33041087165100547,-0.7008046788960414,-0.8709752723512757,-0.1836873434877212,-0.39367203934296213,-0.48617421561690666,-0.2195473748465316,-0.5409882287057243,-0.2901020313233476,-0.8838712359228204,-1.132553184270847,-0.20054728626210266,-0.3490694723766412,-0.2524031358699633,-0.2524031358699633,-0.3490694723766412,-0.20054728626210266,-1.132553184270847,-0.8838712359228204,-0.2901020313233476,-0.5409882287057243,-0.2195473748465316,-0.48617421561690666,-0.39367203934296213,-0.1836873434877212,-0.8709752723512757,-0.7008046788960414,-0.33041087165100547,-0.2673721415083288,-0.6359853867341609,-1.0630718024277717,-0.058461434738799806,-0.16313566500114196,-0.6499041766157658,-0.7912756170338593,-0.0902834527559049,-0.04779319910234407,-1.0052208098881037],"activity":[[1.272867667708334E-6,-2.6652121896934045,-0.151664151555731,0.3300981334118429,0.5330862566677027]],"dinucleotide":[],"modifications":[]},{"mononucleotide":[0.07025512920574503,-0.1891463552638002,-0.4976488612992153,-0.8110945097627043,-0.7062381180625388,0.13647800965422718,-0.4400663791466359,-0.4178081095652787,0.07646902612264267,-0.5535332218551385,-0.35540200880143236,-0.5951683925862618,-0.7686087605975706,-0.39434250596120435,-0.3380651138612336,0.07338178329993321,-0.057186511329835044,-0.42899818354303026,-0.36445212521835635,-0.5769977770292777,-0.5321965066224986,-0.40791739330112514,-0.5903258475161931,0.10280515031994088,-0.8763767794980658,-0.2987929980794614,0.03192771659500039,-0.2843925361370786,-0.02674691474162003,-0.9634339015397932,-0.17296742219764225,-0.2644863586403178,-0.2644863586403178,-0.17296742219764225,-0.9634339015397932,-0.02674691474162003,-0.2843925361370786,0.03192771659500039,-0.2987929980794614,-0.8763767794980658,0.10280515031994088,-0.5903258475161931,-0.40791739330112514,-0.5321965066224986,-0.5769977770292777,-0.36445212521835635,-0.42899818354303026,-0.057186511329835044,0.07338178329993321,-0.3380651138612336,-0.39434250596120435,-0.7686087605975706,-0.5951683925862618,-0.35540200880143236,-0.5535332218551385,0.07646902612264267,-0.4178081095652787,-0.4400663791466359,0.13647800965422718,-0.7062381180625388,-0.8110945097627043,-0.4976488612992153,-0.1891463552638002,0.07025512920574503],"activity":[[-0.028488883512906526,1.3788911452072716,-1.049243652088136,-0.6831078177159003,-1.038385914380657]],"dinucleotide":[],"modifications":[]}]},"modelFittingConstraints":{"enrichmentModel":[{"trySaturation":false}],"countTable":[{}],"bindingModes":[{"maxFlankLength":-1,"positionBiasBinWidth":1,"optimizeSizeHeuristic":false,"maxSize":-1,"optimizeFlankLength":false,"symmetryString":"null","roundSpecificActivity":true,"informationThreshold":0.1,"optimizeMotifShift":false,"fittingStages":[],"optimizeMotifShiftHeuristic":false,"experimentSpecificPositionBias":true,"minSize":-1,"experimentSpecificActivity":true,"optimizeSize":false},{"maxFlankLength":-1,"positionBiasBinWidth":1,"optimizeSizeHeuristic":false,"maxSize":-1,"optimizeFlankLength":false,"symmetryString":"abcdefFEDCBA","roundSpecificActivity":true,"informationThreshold":0.1,"optimizeMotifShift":false,"fittingStages":[{"optimizeFlankLength":true},{"optimizeMotifShift":false},{"optimizeMotifShiftHeuristic":false}],"optimizeMotifShiftHeuristic":false,"experimentSpecificPositionBias":true,"minSize":-1,"experimentSpecificActivity":true,"optimizeSize":false},{"maxFlankLength":-1,"positionBiasBinWidth":1,"optimizeSizeHeuristic":false,"maxSize":-1,"optimizeFlankLength":true,"symmetryString":"abcdefghHGFEDCBA","roundSpecificActivity":true,"informationThreshold":0.1,"optimizeMotifShift":false,"fittingStages":[{"optimizeFlankLength":true},{"optimizeMotifShift":false},{"optimizeMotifShiftHeuristic":false}],"optimizeMotifShiftHeuristic":false,"experimentSpecificPositionBias":true,"minSize":-1,"experimentSpecificActivity":true,"optimizeSize":false}]}}
{"metadata":{"timeStamp":"2023-04-01 13:18:43.51","logLikelihoodPerRead":1.6035720642017148,"logLikelihood":785277.1400614437,"gradientCalls":619,"fitSteps":603,"regularization":0.0037767248664575164,"functionCalls":0,"fitter":"proBound","fitName":"component2-2-variation0","fitTime":117.054,"dataLoops":619},"optimizerSetting":{"output":{"outputPath":"/mnt/e/desktop/HB_Rotation_1/ProBound_run/Tcf21__Jolma2013/result","baseName":"fit"},"nThreads":12,"likelihoodThreshold":2.0E-4,"lbfgsSettings":{"memory":100,"convergence":1.0E-7,"MCSearch":true,"maxIters":2000},"lambdaL2":1.0E-6,"fixedLibrarySize":false,"expBound":40,"nRetries":3,"hkSettings":{"epsilon":1.0E-7,"kickFinal":false,"fdDelta":1.0E-4,"kickAll":false,"maxIters":200,"evCutoff":1.0E-9}},"modelSettings":{"enrichmentModel":[{"variationsOptimized":false,"bindingSaturation":false,"cumulativeEnrichment":true,"concentration":1,"modelType":"SELEX","bindingModeInteractions":[],"componentName":"SELEX enrichment model 0","freezingLevel":0,"includeComponent":true,"bindingModes":[0,1,2],"variationDescription":[],"modifications":[]}],"letterOrder":"ACGT","countTable":[{"leftFlank":"CGGAGTCGGCAAGCAGAAGACGGCATACGATGCA","variationsOptimized":true,"transliterate":{"in":[],"out":[]},"variableRegionLength":20,"countTableFile":"/mnt/e/countTables/Jolma2013/Tcf21_ESZ_TCCGTG20NTGC.100000.tsv","modeledColumns":[0,1,2,3,4],"inputFileType":"tsv","nColumns":5,"rightFlank":"CACGGAGATCGGAAGAGCGTCG","componentName":"Count table 0","freezingLevel":0,"includeComponent":true,"variationDescription":[]}],"bindingModeInteractions":[],"bindingModes":[{"variationsOptimized":true,"fitLogActivity":true,"flankLength":0,"singleStrand":false,"variationName":"0;0;0","size":0,"dinucleotideDistance":0,"componentName":"Binding mode 0","freezingLevel":0,"positionBias":false,"includeComponent":true,"variationDescription":[{"variationName":"0;0;0","descriptionString":"Initial model."}],"modifications":[]},{"variationsOptimized":true,"fitLogActivity":true,"flankLength":0,"singleStrand":false,"variationName":"12;0;0","size":12,"dinucleotideDistance":0,"componentName":"Binding mode 1","freezingLevel":0,"positionBias":false,"includeComponent":true,"variationDescription":[{"variationName":"12;1;0","descriptionString":"Increases flank length."},{"variationName":"12;0;0","descriptionString":"Initial model."}],"modifications":[]},{"variationsOptimized":false,"fitLogActivity":true,"flankLength":0,"singleStrand":false,"variationName":"16;0;0","size":16,"dinucleotideDistance":0,"componentName":"Binding mode 2","freezingLevel":0,"positionBias":false,"includeComponent":true,"variationDescription":[{"variationName":"16;0;0","descriptionString":"Initial model."}],"modifications":[]}],"letterComplement":"C-G,A-T"},"coefficients":{"enrichmentModel":[{}],"countTable":[{"h":[1.1454483830967817,-0.607859221277179,-0.36144779151750867,-0.18334986695657204,0.007208496649724101]}],"bindingModeInteractions":[],"bindingModes":[{"mononucleotide":[],"activity":[[7.000118501246005E-10,1.6030676456515143,-0.2710056437108936,-0.3897761623094058,-0.4520951884191652]],"dinucleotide":[],"modifications":[]},{"mononucleotide":[-1.0052208098881037,-0.04779319910234407,-0.0902834527559049,-0.7912756170338593,-0.6499041766157658,-0.16313566500114196,-0.058461434738799806,-1.0630718024277717,-0.6359853867341609,-0.2673721415083288,-0.33041087165100547,-0.7008046788960414,-0.8709752723512757,-0.1836873434877212,-0.39367203934296213,-0.48617421561690666,-0.2195473748465316,-0.5409882287057243,-0.2901020313233476,-0.8838712359228204,-1.132553184270847,-0.20054728626210266,-0.3490694723766412,-0.2524031358699633,-0.2524031358699633,-0.3490694723766412,-0.20054728626210266,-1.132553184270847,-0.8838712359228204,-0.2901020313233476,-0.5409882287057243,-0.2195473748465316,-0.48617421561690666,-0.39367203934296213,-0.1836873434877212,-0.8709752723512757,-0.7008046788960414,-0.33041087165100547,-0.2673721415083288,-0.6359853867341609,-1.0630718024277717,-0.058461434738799806,-0.16313566500114196,-0.6499041766157658,-0.7912756170338593,-0.0902834527559049,-0.04779319910234407,-1.0052208098881037],"activity":[[1.272867667708334E-6,-2.6652121896934045,-0.151664151555731,0.3300981334118429,0.5330862566677027]],"dinucleotide":[],"modifications":[]},{"mononucleotide":[0.07025512920574503,-0.1891463552638002,-0.4976488612992153,-0.8110945097627043,-0.7062381180625388,0.13647800965422718,-0.4400663791466359,-0.4178081095652787,0.07646902612264267,-0.5535332218551385,-0.35540200880143236,-0.5951683925862618,-0.7686087605975706,-0.39434250596120435,-0.3380651138612336,0.07338178329993321,-0.057186511329835044,-0.42899818354303026,-0.36445212521835635,-0.5769977770292777,-0.5321965066224986,-0.40791739330112514,-0.5903258475161931,0.10280515031994088,-0.8763767794980658,-0.2987929980794614,0.03192771659500039,-0.2843925361370786,-0.02674691474162003,-0.9634339015397932,-0.17296742219764225,-0.2644863586403178,-0.2644863586403178,-0.17296742219764225,-0.9634339015397932,-0.02674691474162003,-0.2843925361370786,0.03192771659500039,-0.2987929980794614,-0.8763767794980658,0.10280515031994088,-0.5903258475161931,-0.40791739330112514,-0.5321965066224986,-0.5769977770292777,-0.36445212521835635,-0.42899818354303026,-0.057186511329835044,0.07338178329993321,-0.3380651138612336,-0.39434250596120435,-0.7686087605975706,-0.5951683925862618,-0.35540200880143236,-0.5535332218551385,0.07646902612264267,-0.4178081095652787,-0.4400663791466359,0.13647800965422718,-0.7062381180625388,-0.8110945097627043,-0.4976488612992153,-0.1891463552638002,0.07025512920574503],"activity":[[-0.028488883512906526,1.3788911452072716,-1.049243652088136,-0.6831078177159003,-1.038385914380657]],"dinucleotide":[],"modifications":[]}]},"modelFittingConstraints":{"enrichmentModel":[{"trySaturation":false}],"countTable":[{}],"bindingModes":[{"maxFlankLength":-1,"positionBiasBinWidth":1,"optimizeSizeHeuristic":false,"maxSize":-1,"optimizeFlankLength":false,"symmetryString":"null","roundSpecificActivity":true,"informationThreshold":0.1,"optimizeMotifShift":false,"fittingStages":[],"optimizeMotifShiftHeuristic":false,"experimentSpecificPositionBias":true,"minSize":-1,"experimentSpecificActivity":true,"optimizeSize":false},{"maxFlankLength":-1,"positionBiasBinWidth":1,"optimizeSizeHeuristic":false,"maxSize":-1,"optimizeFlankLength":false,"symmetryString":"abcdefFEDCBA","roundSpecificActivity":true,"informationThreshold":0.1,"optimizeMotifShift":false,"fittingStages":[{"optimizeFlankLength":true},{"optimizeMotifShift":false},{"optimizeMotifShiftHeuristic":false}],"optimizeMotifShiftHeuristic":false,"experimentSpecificPositionBias":true,"minSize":-1,"experimentSpecificActivity":true,"optimizeSize":false},{"maxFlankLength":-1,"positionBiasBinWidth":1,"optimizeSizeHeuristic":false,"maxSize":-1,"optimizeFlankLength":true,"symmetryString":"abcdefghHGFEDCBA","roundSpecificActivity":true,"informationThreshold":0.1,"optimizeMotifShift":false,"fittingStages":[{"optimizeFlankLength":true},{"optimizeMotifShift":false},{"optimizeMotifShiftHeuristic":false}],"optimizeMotifShiftHeuristic":false,"experimentSpecificPositionBias":true,"minSize":-1,"experimentSpecificActivity":true,"optimizeSize":false}]}}
{"metadata":{"timeStamp":"2023-04-01 13:18:59.214","logLikelihoodPerRead":1.6036249260984168,"logLikelihood":785299.0712494828,"gradientCalls":686,"fitSteps":668,"regularization":0.003784907743968458,"functionCalls":0,"fitter":"proBound","fitName":"component2-2-variation1","fitTime":132.758,"dataLoops":686},"optimizerSetting":{"output":{"outputPath":"/mnt/e/desktop/HB_Rotation_1/ProBound_run/Tcf21__Jolma2013/result","baseName":"fit"},"nThreads":12,"likelihoodThreshold":2.0E-4,"lbfgsSettings":{"memory":100,"convergence":1.0E-7,"MCSearch":true,"maxIters":2000},"lambdaL2":1.0E-6,"fixedLibrarySize":false,"expBound":40,"nRetries":3,"hkSettings":{"epsilon":1.0E-7,"kickFinal":false,"fdDelta":1.0E-4,"kickAll":false,"maxIters":200,"evCutoff":1.0E-9}},"modelSettings":{"enrichmentModel":[{"variationsOptimized":false,"bindingSaturation":false,"cumulativeEnrichment":true,"concentration":1,"modelType":"SELEX","bindingModeInteractions":[],"componentName":"SELEX enrichment model 0","freezingLevel":0,"includeComponent":true,"bindingModes":[0,1,2],"variationDescription":[],"modifications":[]}],"letterOrder":"ACGT","countTable":[{"leftFlank":"CGGAGTCGGCAAGCAGAAGACGGCATACGATGCA","variationsOptimized":true,"transliterate":{"in":[],"out":[]},"variableRegionLength":20,"countTableFile":"/mnt/e/countTables/Jolma2013/Tcf21_ESZ_TCCGTG20NTGC.100000.tsv","modeledColumns":[0,1,2,3,4],"inputFileType":"tsv","nColumns":5,"rightFlank":"CACGGAGATCGGAAGAGCGTCG","componentName":"Count table 0","freezingLevel":0,"includeComponent":true,"variationDescription":[]}],"bindingModeInteractions":[],"bindingModes":[{"variationsOptimized":true,"fitLogActivity":true,"flankLength":0,"singleStrand":false,"variationName":"0;0;0","size":0,"dinucleotideDistance":0,"componentName":"Binding mode 0","freezingLevel":0,"positionBias":false,"includeComponent":true,"variationDescription":[{"variationName":"0;0;0","descriptionString":"Initial model."}],"modifications":[]},{"variationsOptimized":true,"fitLogActivity":true,"flankLength":0,"singleStrand":false,"variationName":"12;0;0","size":12,"dinucleotideDistance":0,"componentName":"Binding mode 1","freezingLevel":0,"positionBias":false,"includeComponent":true,"variationDescription":[{"variationName":"12;1;0","descriptionString":"Increases flank length."},{"variationName":"12;0;0","descriptionString":"Initial model."}],"modifications":[]},{"variationsOptimized":false,"fitLogActivity":true,"flankLength":1,"singleStrand":false,"variationName":"16;0;0","size":16,"dinucleotideDistance":0,"componentName":"Binding mode 2","freezingLevel":0,"positionBias":false,"includeComponent":true,"variationDescription":[{"variationName":"16;1;0","descriptionString":"Increases flank length."},{"variationName":"16;0;0","descriptionString":"Initial model."}],"modifications":[]}],"letterComplement":"C-G,A-T"},"coefficients":{"enrichmentModel":[{}],"countTable":[{"h":[1.1454762827483602,-0.5911865369328343,-0.35889407149867736,-0.18797976700861113,-0.007415907312724603]}],"bindingModeInteractions":[],"bindingModes":[{"mononucleotide":[],"activity":[[7.000118501246005E-10,1.6030676456515143,-0.2710056437108936,-0.3897761623094058,-0.4520951884191652]],"dinucleotide":[],"modifications":[]},{"mononucleotide":[-1.0052208098881037,-0.04779319910234407,-0.0902834527559049,-0.7912756170338593,-0.6499041766157658,-0.16313566500114196,-0.058461434738799806,-1.0630718024277717,-0.6359853867341609,-0.2673721415083288,-0.33041087165100547,-0.7008046788960414,-0.8709752723512757,-0.1836873434877212,-0.39367203934296213,-0.48617421561690666,-0.2195473748465316,-0.5409882287057243,-0.2901020313233476,-0.8838712359228204,-1.132553184270847,-0.20054728626210266,-0.3490694723766412,-0.2524031358699633,-0.2524031358699633,-0.3490694723766412,-0.20054728626210266,-1.132553184270847,-0.8838712359228204,-0.2901020313233476,-0.5409882287057243,-0.2195473748465316,-0.48617421561690666,-0.39367203934296213,-0.1836873434877212,-0.8709752723512757,-0.7008046788960414,-0.33041087165100547,-0.2673721415083288,-0.6359853867341609,-1.0630718024277717,-0.058461434738799806,-0.16313566500114196,-0.6499041766157658,-0.7912756170338593,-0.0902834527559049,-0.04779319910234407,-1.0052208098881037],"activity":[[1.272867667708334E-6,-2.6652121896934045,-0.151664151555731,0.3300981334118429,0.5330862566677027]],"dinucleotide":[],"modifications":[]},{"mononucleotide":[-0.04004791972157179,-0.09979237701801405,-0.45884095534016844,-0.9001980937429651,-0.6115874234726479,0.11378475962728193,-0.4191083766277407,-0.5819683053500299,0.06879871174632447,-0.577631087758421,-0.3473609530022594,-0.6426860168086164,-0.799539056049323,-0.4068665040457508,-0.39017483817655946,0.09770105244878555,-0.01201655268681869,-0.5065203093094599,-0.4443338123611752,-0.5360086714657595,-0.6687085659679357,-0.4268398065963484,-0.5269931561941841,0.12366218293575883,-0.9400708912807797,-0.31672160565120266,0.06766863110827916,-0.3097554799987386,-0.11681010460599547,-0.9583274201911703,-0.12470178325494082,-0.2990400377702113,-0.2990400377702113,-0.12470178325494082,-0.9583274201911703,-0.11681010460599547,-0.3097554799987386,0.06766863110827916,-0.31672160565120266,-0.9400708912807797,0.12366218293575883,-0.5269931561941841,-0.4268398065963484,-0.6687085659679357,-0.5360086714657595,-0.4443338123611752,-0.5065203093094599,-0.01201655268681869,0.09770105244878555,-0.39017483817655946,-0.4068665040457508,-0.799539056049323,-0.6426860168086164,-0.3473609530022594,-0.577631087758421,0.06879871174632447,-0.5819683053500299,-0.4191083766277407,0.11378475962728193,-0.6115874234726479,-0.9001980937429651,-0.45884095534016844,-0.09979237701801405,-0.04004791972157179],"activity":[[-0.023903546642127578,0.8636021603757286,-0.7657741978052484,-0.6519524460960494,-0.886240035101442]],"dinucleotide":[],"modifications":[]}]},"modelFittingConstraints":{"enrichmentModel":[{"trySaturation":false}],"countTable":[{}],"bindingModes":[{"maxFlankLength":-1,"positionBiasBinWidth":1,"optimizeSizeHeuristic":false,"maxSize":-1,"optimizeFlankLength":false,"symmetryString":"null","roundSpecificActivity":true,"informationThreshold":0.1,"optimizeMotifShift":false,"fittingStages":[],"optimizeMotifShiftHeuristic":false,"experimentSpecificPositionBias":true,"minSize":-1,"experimentSpecificActivity":true,"optimizeSize":false},{"maxFlankLength":-1,"positionBiasBinWidth":1,"optimizeSizeHeuristic":false,"maxSize":-1,"optimizeFlankLength":false,"symmetryString":"abcdefFEDCBA","roundSpecificActivity":true,"informationThreshold":0.1,"optimizeMotifShift":false,"fittingStages":[{"optimizeFlankLength":true},{"optimizeMotifShift":false},{"optimizeMotifShiftHeuristic":false}],"optimizeMotifShiftHeuristic":false,"experimentSpecificPositionBias":true,"minSize":-1,"experimentSpecificActivity":true,"optimizeSize":false},{"maxFlankLength":-1,"positionBiasBinWidth":1,"optimizeSizeHeuristic":false,"maxSize":-1,"optimizeFlankLength":true,"symmetryString":"abcdefghHGFEDCBA","roundSpecificActivity":true,"informationThreshold":0.1,"optimizeMotifShift":false,"fittingStages":[{"optimizeFlankLength":true},{"optimizeMotifShift":false},{"optimizeMotifShiftHeuristic":false}],"optimizeMotifShiftHeuristic":false,"experimentSpecificPositionBias":true,"minSize":-1,"experimentSpecificActivity":true,"optimizeSize":false}]}}
{"metadata":{"timeStamp":"2023-04-01 13:20:35.661","logLikelihoodPerRead":1.606085999769418,"logLikelihood":785205.2017185487,"gradientCalls":993,"fitSteps":957,"regularization":0.006437215860024598,"functionCalls":0,"fitter":"proBound","fitName":"component2-4-all","fitTime":229.205,"dataLoops":993},"optimizerSetting":{"output":{"outputPath":"/mnt/e/desktop/HB_Rotation_1/ProBound_run/Tcf21__Jolma2013/result","baseName":"fit"},"nThreads":12,"likelihoodThreshold":2.0E-4,"lbfgsSettings":{"memory":100,"convergence":1.0E-7,"MCSearch":true,"maxIters":2000},"lambdaL2":1.0E-6,"fixedLibrarySize":false,"expBound":40,"nRetries":3,"hkSettings":{"epsilon":1.0E-7,"kickFinal":false,"fdDelta":1.0E-4,"kickAll":false,"maxIters":200,"evCutoff":1.0E-9}},"modelSettings":{"enrichmentModel":[{"variationsOptimized":false,"bindingSaturation":false,"cumulativeEnrichment":true,"concentration":1,"modelType":"SELEX","bindingModeInteractions":[],"componentName":"SELEX enrichment model 0","freezingLevel":0,"includeComponent":true,"bindingModes":[0,1,2],"variationDescription":[],"modifications":[]}],"letterOrder":"ACGT","countTable":[{"leftFlank":"CGGAGTCGGCAAGCAGAAGACGGCATACGATGCA","variationsOptimized":true,"transliterate":{"in":[],"out":[]},"variableRegionLength":20,"countTableFile":"/mnt/e/countTables/Jolma2013/Tcf21_ESZ_TCCGTG20NTGC.100000.tsv","modeledColumns":[0,1,2,3,4],"inputFileType":"tsv","nColumns":5,"rightFlank":"CACGGAGATCGGAAGAGCGTCG","componentName":"Count table 0","freezingLevel":0,"includeComponent":true,"variationDescription":[]}],"bindingModeInteractions":[],"bindingModes":[{"variationsOptimized":true,"fitLogActivity":true,"flankLength":0,"singleStrand":false,"variationName":"0;0;0","size":0,"dinucleotideDistance":0,"componentName":"Binding mode 0","freezingLevel":0,"positionBias":false,"includeComponent":true,"variationDescription":[{"variationName":"0;0;0","descriptionString":"Initial model."}],"modifications":[]},{"variationsOptimized":true,"fitLogActivity":true,"flankLength":0,"singleStrand":false,"variationName":"12;0;0","size":12,"dinucleotideDistance":0,"componentName":"Binding mode 1","freezingLevel":0,"positionBias":false,"includeComponent":true,"variationDescription":[{"variationName":"12;1;0","descriptionString":"Increases flank length."},{"variationName":"12;0;0","descriptionString":"Initial model."}],"modifications":[]},{"variationsOptimized":true,"fitLogActivity":true,"flankLength":0,"singleStrand":false,"variationName":"16;0;0","size":16,"dinucleotideDistance":0,"componentName":"Binding mode 2","freezingLevel":0,"positionBias":false,"includeComponent":true,"variationDescription":[{"variationName":"16;1;0","descriptionString":"Increases flank length."},{"variationName":"16;0;0","descriptionString":"Initial model."}],"modifications":[]}],"letterComplement":"C-G,A-T"},"coefficients":{"enrichmentModel":[{}],"countTable":[{"h":[1.1055356990723535,-0.12383110718857407,-0.2743918587151782,-0.2966641192372847,-0.4106486139320587]}],"bindingModeInteractions":[],"bindingModes":[{"mononucleotide":[],"activity":[[-1.3348475379908724E-13,0.7217696126544815,-0.054665131793015395,-0.6822707160507187,-0.7007483948982338]],"dinucleotide":[],"modifications":[]},{"mononucleotide":[-0.5979520206519074,-0.19874239238885072,-0.111417737255887,-0.730904117559535,-1.0604745893868652,0.017448773280324497,0.023468113862826188,-0.6194585656118272,-0.4449670405798859,-0.32236660088427826,-0.22325355296582497,-0.6484290734238422,-0.6603092600083006,-0.2876063912872819,-0.37293810779344305,-0.31818556610748955,-0.37439286336168737,-0.32785767660368614,-0.17973719754038348,-0.7570515876908458,-0.684662526007694,-0.23669989211689266,-0.3571015704845809,-0.36055227924652494,-0.36055227924652494,-0.3571015704845809,-0.23669989211689266,-0.684662526007694,-0.7570515876908458,-0.17973719754038348,-0.32785767660368614,-0.37439286336168737,-0.31818556610748955,-0.37293810779344305,-0.2876063912872819,-0.6603092600083006,-0.6484290734238422,-0.22325355296582497,-0.32236660088427826,-0.4449670405798859,-0.6194585656118272,0.023468113862826188,0.017448773280324497,-1.0604745893868652,-0.730904117559535,-0.111417737255887,-0.19874239238885072,-0.5979520206519074],"activity":[[-2.700589339660888E-10,-2.799266305913238,0.23629783797545562,0.34218949537909465,0.5818714011538475]],"dinucleotide":[],"modifications":[]},{"mononucleotide":[-0.034631470888940044,-0.23096859087096686,-0.2792904067427856,-0.30432265131151864,-0.3699400296286808,-0.08013465893136631,-0.2636875449999118,-0.13545088625569268,0.009263744518485202,-0.3347678804530559,-0.2163900334495345,-0.30731895043190977,-0.3528764217375276,-0.16576780642596192,-0.3204315943629363,-0.010137297288153099,-0.12663694889814148,-0.22755602559471355,-0.1746313005509627,-0.3203888447701412,-0.12592686228171474,-0.2746598742466809,-0.2988065631695849,-0.14981982011799422,-0.4174552529174919,-0.1251597448757099,-0.19448173461559037,-0.11211638740708972,0.09009027288600405,-0.4588867283120399,-0.20655802633535747,-0.27385863805455396,-0.27385863805455396,-0.20655802633535747,-0.4588867283120399,0.09009027288600405,-0.11211638740708972,-0.19448173461559037,-0.1251597448757099,-0.4174552529174919,-0.14981982011799422,-0.2988065631695849,-0.2746598742466809,-0.12592686228171474,-0.3203888447701412,-0.1746313005509627,-0.22755602559471355,-0.12663694889814148,-0.010137297288153099,-0.3204315943629363,-0.16576780642596192,-0.3528764217375276,-0.30731895043190977,-0.2163900334495345,-0.3347678804530559,0.009263744518485202,-0.13545088625569268,-0.2636875449999118,-0.08013465893136631,-0.3699400296286808,-0.30432265131151864,-0.2792904067427856,-0.23096859087096686,-0.034631470888940044],"activity":[[6.044379676647408E-6,0.9716507657680322,-1.1631390659789174,-0.36711128966119194,-0.29156696391021636]],"dinucleotide":[],"modifications":[]}]},"modelFittingConstraints":{"enrichmentModel":[{"trySaturation":false}],"countTable":[{}],"bindingModes":[{"maxFlankLength":-1,"positionBiasBinWidth":1,"optimizeSizeHeuristic":false,"maxSize":-1,"optimizeFlankLength":false,"symmetryString":"null","roundSpecificActivity":true,"informationThreshold":0.1,"optimizeMotifShift":false,"fittingStages":[],"optimizeMotifShiftHeuristic":false,"experimentSpecificPositionBias":true,"minSize":-1,"experimentSpecificActivity":true,"optimizeSize":false},{"maxFlankLength":-1,"positionBiasBinWidth":1,"optimizeSizeHeuristic":false,"maxSize":-1,"optimizeFlankLength":false,"symmetryString":"abcdefFEDCBA","roundSpecificActivity":true,"informationThreshold":0.1,"optimizeMotifShift":false,"fittingStages":[{"optimizeFlankLength":true},{"optimizeMotifShift":false},{"optimizeMotifShiftHeuristic":false}],"optimizeMotifShiftHeuristic":false,"experimentSpecificPositionBias":true,"minSize":-1,"experimentSpecificActivity":true,"optimizeSize":false},{"maxFlankLength":-1,"positionBiasBinWidth":1,"optimizeSizeHeuristic":false,"maxSize":-1,"optimizeFlankLength":false,"symmetryString":"abcdefghHGFEDCBA","roundSpecificActivity":true,"informationThreshold":0.1,"optimizeMotifShift":false,"fittingStages":[{"optimizeFlankLength":true},{"optimizeMotifShift":false},{"optimizeMotifShiftHeuristic":false}],"optimizeMotifShiftHeuristic":false,"experimentSpecificPositionBias":true,"minSize":-1,"experimentSpecificActivity":true,"optimizeSize":false}]}}
