[
{
    "function": "addTable",
    "countTableFile": "/mnt/e/countTables/Yin2017/PTF1A_eDBD_KO_TGCTTT40NAGA-unmethylated.100000.tsv",
    "variableRegionLength": 40,
    "nColumns": 5,
    "modeledColumns": [ 0, 1, 2, 3, 4],
    "rightFlank": "AGAATCGTATGCCGTCTTCTGCTTGCCGACTCCG",
    "leftFlank": "CGACGCTCTTCCGATCTGCTTT"
},
{
    "function": "addSELEX",
    "rounds": [ 0, 1, 2, 3, 4],
    "bindingModes": [ -1 ],
    "bindingModeInteractions": [ -1 ]
},
{
    "function": "addNS"
},
{
    "function": "addBindingMode",
    "size": 12,
    "dinucleotideDistance": 0

},
{
    "function": "addBindingMode",
    "size": 16,
    "dinucleotideDistance": 0

},
{
    "function": "bindingModeSeed",
    "index": 1,
    "mononucleotideIUPAC": "NNNCANNTGNNN"
},
{
    "function": "bindingModeConstraints",
    "index": 1,
    "maxFlankLength": -1,
    "fittingStages": [
        { "optimizeFlankLength": true },
        { "optimizeMotifShift": false },
        { "optimizeMotifShiftHeuristic": false }
    ]
},
{
    "function": "symmetry",
    "index": 1,
    "symmetryString":
    "abcdefFEDCBA"
},
{
    "function": "bindingModeSeed",
    "index": 2,
    "mononucleotideIUPAC": "NNNNNNNNNNNNNNNN"
},
{
    "function": "bindingModeConstraints",
    "index": 2,
    "maxFlankLength": -1,
    "fittingStages": [
        { "optimizeFlankLength": true },
        { "optimizeMotifShift": false },
        { "optimizeMotifShiftHeuristic": false }
    ]
},
{
    "function": "symmetry",
    "index": 2,
    "symmetryString":
    "abcdefghHGFEDCBA"
},
{
    "function": "output",
    "outputPath": "/mnt/e/desktop/HB_Rotation_1/ProBound_run/PTF1A_Yin2017/result",
    "baseName": "fit"
},
{
    "function": "lbfgsSettings",
    "maxIters": 2000
},
{
    "function": "optimizerSetting",
    "lambdaL2": 1e-6,
    "pseudocount": 20,
    "likelihoodThreshold": 0.0002,
    "nThreads": 12
}
]


