{"metadata":{"timeStamp":"2023-04-02 01:21:48.451","logLikelihoodPerRead":1.4682620136719406,"logLikelihood":581443.3742411621,"gradientCalls":37,"fitSteps":23,"regularization":7.600027809246213E-4,"functionCalls":0,"fitter":"proBound","fitName":"component0-0-h","fitTime":1.461,"dataLoops":37},"optimizerSetting":{"output":{"outputPath":"/mnt/e/desktop/HB_Rotation_1/ProBound_run/Srebf1__Jolma2013/result","baseName":"fit"},"nThreads":12,"likelihoodThreshold":2.0E-4,"lbfgsSettings":{"memory":100,"convergence":1.0E-7,"MCSearch":true,"maxIters":2000},"lambdaL2":1.0E-6,"fixedLibrarySize":false,"expBound":40,"nRetries":3,"hkSettings":{"epsilon":1.0E-7,"kickFinal":false,"fdDelta":1.0E-4,"kickAll":false,"maxIters":200,"evCutoff":1.0E-9}},"modelSettings":{"enrichmentModel":[{"variationsOptimized":false,"bindingSaturation":false,"cumulativeEnrichment":true,"concentration":1,"modelType":"SELEX","bindingModeInteractions":[],"componentName":"SELEX enrichment model 0","freezingLevel":0,"includeComponent":true,"bindingModes":[0,1,2],"variationDescription":[],"modifications":[]}],"letterOrder":"ACGT","countTable":[{"leftFlank":"CGGAGTCGGCAAGCAGAAGACGGCATACGATCG","variationsOptimized":true,"transliterate":{"in":[],"out":[]},"variableRegionLength":20,"countTableFile":"/mnt/e/countTables/Jolma2013/Srebf1_ESZ_TACATT20NCG.100000.tsv","modeledColumns":[0,1,2,3,4],"inputFileType":"tsv","nColumns":5,"rightFlank":"AATGTAGATCGGAAGAGCGTCG","componentName":"Count table 0","freezingLevel":0,"includeComponent":true,"variationDescription":[]}],"bindingModeInteractions":[],"bindingModes":[{"variationsOptimized":false,"fitLogActivity":true,"flankLength":0,"singleStrand":false,"variationName":"0;0;0","size":0,"dinucleotideDistance":0,"componentName":"Binding mode 0","freezingLevel":0,"positionBias":false,"includeComponent":true,"variationDescription":[],"modifications":[]},{"variationsOptimized":false,"fitLogActivity":true,"flankLength":0,"singleStrand":false,"variationName":"12;0;0","size":12,"dinucleotideDistance":0,"componentName":"Binding mode 1","freezingLevel":0,"positionBias":false,"includeComponent":false,"variationDescription":[],"modifications":[]},{"variationsOptimized":false,"fitLogActivity":true,"flankLength":0,"singleStrand":false,"variationName":"16;0;0","size":16,"dinucleotideDistance":0,"componentName":"Binding mode 2","freezingLevel":0,"positionBias":false,"includeComponent":false,"variationDescription":[],"modifications":[]}],"letterComplement":"C-G,A-T"},"coefficients":{"enrichmentModel":[{}],"countTable":[{"h":[-15.2657675486379,-6.385949982769258,0.49643432325924314,7.229782991462167,13.963131007004959]}],"bindingModeInteractions":[],"bindingModes":[{"mononucleotide":[],"activity":[[-6.733401891837359,-6.733401891837359,-6.733401891837359,-6.733401891837359,-6.733401891837359]],"dinucleotide":[],"modifications":[]},{"mononucleotide":[0,0,0,0,0,0,0,0,0,0,0,0,-1,0,-1,-1,0,-1,-1,-1,0,0,0,0,0,0,0,0,-1,-1,-1,0,-1,-1,0,-1,0,0,0,0,0,0,0,0,0,0,0,0],"activity":[[0,0,0,0,0]],"dinucleotide":[],"modifications":[]},{"mononucleotide":[0,0,0,0,0,0,0,0,0,0,0,0,0,0,0,0,0,0,0,0,0,0,0,0,0,0,0,0,0,0,0,0,0,0,0,0,0,0,0,0,0,0,0,0,0,0,0,0,0,0,0,0,0,0,0,0,0,0,0,0,0,0,0,0],"activity":[[0,0,0,0,0]],"dinucleotide":[],"modifications":[]}]},"modelFittingConstraints":{"enrichmentModel":[{"trySaturation":false}],"countTable":[{}],"bindingModes":[{"maxFlankLength":-1,"positionBiasBinWidth":1,"optimizeSizeHeuristic":false,"maxSize":-1,"optimizeFlankLength":false,"symmetryString":"null","roundSpecificActivity":true,"informationThreshold":0.1,"optimizeMotifShift":false,"fittingStages":[],"optimizeMotifShiftHeuristic":false,"experimentSpecificPositionBias":true,"minSize":-1,"experimentSpecificActivity":true,"optimizeSize":false},{"maxFlankLength":-1,"positionBiasBinWidth":1,"optimizeSizeHeuristic":false,"maxSize":-1,"optimizeFlankLength":true,"symmetryString":"abcdefFEDCBA","roundSpecificActivity":true,"informationThreshold":0.1,"optimizeMotifShift":false,"fittingStages":[{"optimizeFlankLength":true},{"optimizeMotifShift":false},{"optimizeMotifShiftHeuristic":false}],"optimizeMotifShiftHeuristic":false,"experimentSpecificPositionBias":true,"minSize":-1,"experimentSpecificActivity":true,"optimizeSize":false},{"maxFlankLength":-1,"positionBiasBinWidth":1,"optimizeSizeHeuristic":false,"maxSize":-1,"optimizeFlankLength":true,"symmetryString":"abcdefghHGFEDCBA","roundSpecificActivity":true,"informationThreshold":0.1,"optimizeMotifShift":false,"fittingStages":[{"optimizeFlankLength":true},{"optimizeMotifShift":false},{"optimizeMotifShiftHeuristic":false}],"optimizeMotifShiftHeuristic":false,"experimentSpecificPositionBias":true,"minSize":-1,"experimentSpecificActivity":true,"optimizeSize":false}]}}
{"metadata":{"timeStamp":"2023-04-02 01:21:50.309","logLikelihoodPerRead":1.4675158539202462,"logLikelihood":581443.3660751529,"gradientCalls":55,"fitSteps":41,"regularization":1.3863639379937105E-5,"functionCalls":0,"fitter":"proBound","fitName":"component0-1-f0","fitTime":3.319,"dataLoops":55},"optimizerSetting":{"output":{"outputPath":"/mnt/e/desktop/HB_Rotation_1/ProBound_run/Srebf1__Jolma2013/result","baseName":"fit"},"nThreads":12,"likelihoodThreshold":2.0E-4,"lbfgsSettings":{"memory":100,"convergence":1.0E-7,"MCSearch":true,"maxIters":2000},"lambdaL2":1.0E-6,"fixedLibrarySize":false,"expBound":40,"nRetries":3,"hkSettings":{"epsilon":1.0E-7,"kickFinal":false,"fdDelta":1.0E-4,"kickAll":false,"maxIters":200,"evCutoff":1.0E-9}},"modelSettings":{"enrichmentModel":[{"variationsOptimized":false,"bindingSaturation":false,"cumulativeEnrichment":true,"concentration":1,"modelType":"SELEX","bindingModeInteractions":[],"componentName":"SELEX enrichment model 0","freezingLevel":0,"includeComponent":true,"bindingModes":[0,1,2],"variationDescription":[],"modifications":[]}],"letterOrder":"ACGT","countTable":[{"leftFlank":"CGGAGTCGGCAAGCAGAAGACGGCATACGATCG","variationsOptimized":true,"transliterate":{"in":[],"out":[]},"variableRegionLength":20,"countTableFile":"/mnt/e/countTables/Jolma2013/Srebf1_ESZ_TACATT20NCG.100000.tsv","modeledColumns":[0,1,2,3,4],"inputFileType":"tsv","nColumns":5,"rightFlank":"AATGTAGATCGGAAGAGCGTCG","componentName":"Count table 0","freezingLevel":0,"includeComponent":true,"variationDescription":[]}],"bindingModeInteractions":[],"bindingModes":[{"variationsOptimized":false,"fitLogActivity":true,"flankLength":0,"singleStrand":false,"variationName":"0;0;0","size":0,"dinucleotideDistance":0,"componentName":"Binding mode 0","freezingLevel":0,"positionBias":false,"includeComponent":true,"variationDescription":[],"modifications":[]},{"variationsOptimized":false,"fitLogActivity":true,"flankLength":0,"singleStrand":false,"variationName":"12;0;0","size":12,"dinucleotideDistance":0,"componentName":"Binding mode 1","freezingLevel":0,"positionBias":false,"includeComponent":false,"variationDescription":[],"modifications":[]},{"variationsOptimized":false,"fitLogActivity":true,"flankLength":0,"singleStrand":false,"variationName":"16;0;0","size":16,"dinucleotideDistance":0,"componentName":"Binding mode 2","freezingLevel":0,"positionBias":false,"includeComponent":false,"variationDescription":[],"modifications":[]}],"letterComplement":"C-G,A-T"},"coefficients":{"enrichmentModel":[{}],"countTable":[{"h":[-0.8416818914254215,0.4642028461289675,0.2358769358048606,0.09437871890924439,0.04723012738685809]}],"bindingModeInteractions":[],"bindingModes":[{"mononucleotide":[],"activity":[[-2.708835667880133E-5,0.8416024368615427,0.3773738975895836,0.14149895827092804,0.047149321699542716]],"dinucleotide":[],"modifications":[]},{"mononucleotide":[0,0,0,0,0,0,0,0,0,0,0,0,-1,0,-1,-1,0,-1,-1,-1,0,0,0,0,0,0,0,0,-1,-1,-1,0,-1,-1,0,-1,0,0,0,0,0,0,0,0,0,0,0,0],"activity":[[0,0,0,0,0]],"dinucleotide":[],"modifications":[]},{"mononucleotide":[0,0,0,0,0,0,0,0,0,0,0,0,0,0,0,0,0,0,0,0,0,0,0,0,0,0,0,0,0,0,0,0,0,0,0,0,0,0,0,0,0,0,0,0,0,0,0,0,0,0,0,0,0,0,0,0,0,0,0,0,0,0,0,0],"activity":[[0,0,0,0,0]],"dinucleotide":[],"modifications":[]}]},"modelFittingConstraints":{"enrichmentModel":[{"trySaturation":false}],"countTable":[{}],"bindingModes":[{"maxFlankLength":-1,"positionBiasBinWidth":1,"optimizeSizeHeuristic":false,"maxSize":-1,"optimizeFlankLength":false,"symmetryString":"null","roundSpecificActivity":true,"informationThreshold":0.1,"optimizeMotifShift":false,"fittingStages":[],"optimizeMotifShiftHeuristic":false,"experimentSpecificPositionBias":true,"minSize":-1,"experimentSpecificActivity":true,"optimizeSize":false},{"maxFlankLength":-1,"positionBiasBinWidth":1,"optimizeSizeHeuristic":false,"maxSize":-1,"optimizeFlankLength":true,"symmetryString":"abcdefFEDCBA","roundSpecificActivity":true,"informationThreshold":0.1,"optimizeMotifShift":false,"fittingStages":[{"optimizeFlankLength":true},{"optimizeMotifShift":false},{"optimizeMotifShiftHeuristic":false}],"optimizeMotifShiftHeuristic":false,"experimentSpecificPositionBias":true,"minSize":-1,"experimentSpecificActivity":true,"optimizeSize":false},{"maxFlankLength":-1,"positionBiasBinWidth":1,"optimizeSizeHeuristic":false,"maxSize":-1,"optimizeFlankLength":true,"symmetryString":"abcdefghHGFEDCBA","roundSpecificActivity":true,"informationThreshold":0.1,"optimizeMotifShift":false,"fittingStages":[{"optimizeFlankLength":true},{"optimizeMotifShift":false},{"optimizeMotifShiftHeuristic":false}],"optimizeMotifShiftHeuristic":false,"experimentSpecificPositionBias":true,"minSize":-1,"experimentSpecificActivity":true,"optimizeSize":false}]}}
{"metadata":{"timeStamp":"2023-04-02 01:21:50.337","logLikelihoodPerRead":1.4675158539202462,"logLikelihood":581443.3660751529,"gradientCalls":56,"fitSteps":44,"regularization":1.3863639379937105E-5,"functionCalls":0,"fitter":"proBound","fitName":"component0-2-variation0","fitTime":3.347,"dataLoops":56},"optimizerSetting":{"output":{"outputPath":"/mnt/e/desktop/HB_Rotation_1/ProBound_run/Srebf1__Jolma2013/result","baseName":"fit"},"nThreads":12,"likelihoodThreshold":2.0E-4,"lbfgsSettings":{"memory":100,"convergence":1.0E-7,"MCSearch":true,"maxIters":2000},"lambdaL2":1.0E-6,"fixedLibrarySize":false,"expBound":40,"nRetries":3,"hkSettings":{"epsilon":1.0E-7,"kickFinal":false,"fdDelta":1.0E-4,"kickAll":false,"maxIters":200,"evCutoff":1.0E-9}},"modelSettings":{"enrichmentModel":[{"variationsOptimized":false,"bindingSaturation":false,"cumulativeEnrichment":true,"concentration":1,"modelType":"SELEX","bindingModeInteractions":[],"componentName":"SELEX enrichment model 0","freezingLevel":0,"includeComponent":true,"bindingModes":[0,1,2],"variationDescription":[],"modifications":[]}],"letterOrder":"ACGT","countTable":[{"leftFlank":"CGGAGTCGGCAAGCAGAAGACGGCATACGATCG","variationsOptimized":true,"transliterate":{"in":[],"out":[]},"variableRegionLength":20,"countTableFile":"/mnt/e/countTables/Jolma2013/Srebf1_ESZ_TACATT20NCG.100000.tsv","modeledColumns":[0,1,2,3,4],"inputFileType":"tsv","nColumns":5,"rightFlank":"AATGTAGATCGGAAGAGCGTCG","componentName":"Count table 0","freezingLevel":0,"includeComponent":true,"variationDescription":[]}],"bindingModeInteractions":[],"bindingModes":[{"variationsOptimized":false,"fitLogActivity":true,"flankLength":0,"singleStrand":false,"variationName":"0;0;0","size":0,"dinucleotideDistance":0,"componentName":"Binding mode 0","freezingLevel":0,"positionBias":false,"includeComponent":true,"variationDescription":[{"variationName":"0;0;0","descriptionString":"Initial model."}],"modifications":[]},{"variationsOptimized":false,"fitLogActivity":true,"flankLength":0,"singleStrand":false,"variationName":"12;0;0","size":12,"dinucleotideDistance":0,"componentName":"Binding mode 1","freezingLevel":0,"positionBias":false,"includeComponent":false,"variationDescription":[],"modifications":[]},{"variationsOptimized":false,"fitLogActivity":true,"flankLength":0,"singleStrand":false,"variationName":"16;0;0","size":16,"dinucleotideDistance":0,"componentName":"Binding mode 2","freezingLevel":0,"positionBias":false,"includeComponent":false,"variationDescription":[],"modifications":[]}],"letterComplement":"C-G,A-T"},"coefficients":{"enrichmentModel":[{}],"countTable":[{"h":[-0.8416818914254215,0.4642028461289675,0.2358769358048606,0.09437871890924439,0.04723012738685809]}],"bindingModeInteractions":[],"bindingModes":[{"mononucleotide":[],"activity":[[-2.708835667880133E-5,0.8416024368615427,0.3773738975895836,0.14149895827092804,0.047149321699542716]],"dinucleotide":[],"modifications":[]},{"mononucleotide":[0,0,0,0,0,0,0,0,0,0,0,0,-1,0,-1,-1,0,-1,-1,-1,0,0,0,0,0,0,0,0,-1,-1,-1,0,-1,-1,0,-1,0,0,0,0,0,0,0,0,0,0,0,0],"activity":[[0,0,0,0,0]],"dinucleotide":[],"modifications":[]},{"mononucleotide":[0,0,0,0,0,0,0,0,0,0,0,0,0,0,0,0,0,0,0,0,0,0,0,0,0,0,0,0,0,0,0,0,0,0,0,0,0,0,0,0,0,0,0,0,0,0,0,0,0,0,0,0,0,0,0,0,0,0,0,0,0,0,0,0],"activity":[[0,0,0,0,0]],"dinucleotide":[],"modifications":[]}]},"modelFittingConstraints":{"enrichmentModel":[{"trySaturation":false}],"countTable":[{}],"bindingModes":[{"maxFlankLength":-1,"positionBiasBinWidth":1,"optimizeSizeHeuristic":false,"maxSize":-1,"optimizeFlankLength":false,"symmetryString":"null","roundSpecificActivity":true,"informationThreshold":0.1,"optimizeMotifShift":false,"fittingStages":[],"optimizeMotifShiftHeuristic":false,"experimentSpecificPositionBias":true,"minSize":-1,"experimentSpecificActivity":true,"optimizeSize":false},{"maxFlankLength":-1,"positionBiasBinWidth":1,"optimizeSizeHeuristic":false,"maxSize":-1,"optimizeFlankLength":true,"symmetryString":"abcdefFEDCBA","roundSpecificActivity":true,"informationThreshold":0.1,"optimizeMotifShift":false,"fittingStages":[{"optimizeFlankLength":true},{"optimizeMotifShift":false},{"optimizeMotifShiftHeuristic":false}],"optimizeMotifShiftHeuristic":false,"experimentSpecificPositionBias":true,"minSize":-1,"experimentSpecificActivity":true,"optimizeSize":false},{"maxFlankLength":-1,"positionBiasBinWidth":1,"optimizeSizeHeuristic":false,"maxSize":-1,"optimizeFlankLength":true,"symmetryString":"abcdefghHGFEDCBA","roundSpecificActivity":true,"informationThreshold":0.1,"optimizeMotifShift":false,"fittingStages":[{"optimizeFlankLength":true},{"optimizeMotifShift":false},{"optimizeMotifShiftHeuristic":false}],"optimizeMotifShiftHeuristic":false,"experimentSpecificPositionBias":true,"minSize":-1,"experimentSpecificActivity":true,"optimizeSize":false}]}}
{"metadata":{"timeStamp":"2023-04-02 01:21:51.165","logLikelihoodPerRead":1.4675158539202462,"logLikelihood":581443.3660751529,"gradientCalls":57,"fitSteps":47,"regularization":1.3863639379937105E-5,"functionCalls":0,"fitter":"proBound","fitName":"component0-4-all","fitTime":4.175,"dataLoops":57},"optimizerSetting":{"output":{"outputPath":"/mnt/e/desktop/HB_Rotation_1/ProBound_run/Srebf1__Jolma2013/result","baseName":"fit"},"nThreads":12,"likelihoodThreshold":2.0E-4,"lbfgsSettings":{"memory":100,"convergence":1.0E-7,"MCSearch":true,"maxIters":2000},"lambdaL2":1.0E-6,"fixedLibrarySize":false,"expBound":40,"nRetries":3,"hkSettings":{"epsilon":1.0E-7,"kickFinal":false,"fdDelta":1.0E-4,"kickAll":false,"maxIters":200,"evCutoff":1.0E-9}},"modelSettings":{"enrichmentModel":[{"variationsOptimized":false,"bindingSaturation":false,"cumulativeEnrichment":true,"concentration":1,"modelType":"SELEX","bindingModeInteractions":[],"componentName":"SELEX enrichment model 0","freezingLevel":0,"includeComponent":true,"bindingModes":[0,1,2],"variationDescription":[],"modifications":[]}],"letterOrder":"ACGT","countTable":[{"leftFlank":"CGGAGTCGGCAAGCAGAAGACGGCATACGATCG","variationsOptimized":true,"transliterate":{"in":[],"out":[]},"variableRegionLength":20,"countTableFile":"/mnt/e/countTables/Jolma2013/Srebf1_ESZ_TACATT20NCG.100000.tsv","modeledColumns":[0,1,2,3,4],"inputFileType":"tsv","nColumns":5,"rightFlank":"AATGTAGATCGGAAGAGCGTCG","componentName":"Count table 0","freezingLevel":0,"includeComponent":true,"variationDescription":[]}],"bindingModeInteractions":[],"bindingModes":[{"variationsOptimized":true,"fitLogActivity":true,"flankLength":0,"singleStrand":false,"variationName":"0;0;0","size":0,"dinucleotideDistance":0,"componentName":"Binding mode 0","freezingLevel":0,"positionBias":false,"includeComponent":true,"variationDescription":[{"variationName":"0;0;0","descriptionString":"Initial model."}],"modifications":[]},{"variationsOptimized":false,"fitLogActivity":true,"flankLength":0,"singleStrand":false,"variationName":"12;0;0","size":12,"dinucleotideDistance":0,"componentName":"Binding mode 1","freezingLevel":0,"positionBias":false,"includeComponent":false,"variationDescription":[],"modifications":[]},{"variationsOptimized":false,"fitLogActivity":true,"flankLength":0,"singleStrand":false,"variationName":"16;0;0","size":16,"dinucleotideDistance":0,"componentName":"Binding mode 2","freezingLevel":0,"positionBias":false,"includeComponent":false,"variationDescription":[],"modifications":[]}],"letterComplement":"C-G,A-T"},"coefficients":{"enrichmentModel":[{}],"countTable":[{"h":[-0.8416818914254215,0.4642028461289675,0.2358769358048606,0.09437871890924439,0.04723012738685809]}],"bindingModeInteractions":[],"bindingModes":[{"mononucleotide":[],"activity":[[-2.708835667880133E-5,0.8416024368615427,0.3773738975895836,0.14149895827092804,0.047149321699542716]],"dinucleotide":[],"modifications":[]},{"mononucleotide":[0,0,0,0,0,0,0,0,0,0,0,0,-1,0,-1,-1,0,-1,-1,-1,0,0,0,0,0,0,0,0,-1,-1,-1,0,-1,-1,0,-1,0,0,0,0,0,0,0,0,0,0,0,0],"activity":[[0,0,0,0,0]],"dinucleotide":[],"modifications":[]},{"mononucleotide":[0,0,0,0,0,0,0,0,0,0,0,0,0,0,0,0,0,0,0,0,0,0,0,0,0,0,0,0,0,0,0,0,0,0,0,0,0,0,0,0,0,0,0,0,0,0,0,0,0,0,0,0,0,0,0,0,0,0,0,0,0,0,0,0],"activity":[[0,0,0,0,0]],"dinucleotide":[],"modifications":[]}]},"modelFittingConstraints":{"enrichmentModel":[{"trySaturation":false}],"countTable":[{}],"bindingModes":[{"maxFlankLength":-1,"positionBiasBinWidth":1,"optimizeSizeHeuristic":false,"maxSize":-1,"optimizeFlankLength":false,"symmetryString":"null","roundSpecificActivity":true,"informationThreshold":0.1,"optimizeMotifShift":false,"fittingStages":[],"optimizeMotifShiftHeuristic":false,"experimentSpecificPositionBias":true,"minSize":-1,"experimentSpecificActivity":true,"optimizeSize":false},{"maxFlankLength":-1,"positionBiasBinWidth":1,"optimizeSizeHeuristic":false,"maxSize":-1,"optimizeFlankLength":true,"symmetryString":"abcdefFEDCBA","roundSpecificActivity":true,"informationThreshold":0.1,"optimizeMotifShift":false,"fittingStages":[{"optimizeFlankLength":true},{"optimizeMotifShift":false},{"optimizeMotifShiftHeuristic":false}],"optimizeMotifShiftHeuristic":false,"experimentSpecificPositionBias":true,"minSize":-1,"experimentSpecificActivity":true,"optimizeSize":false},{"maxFlankLength":-1,"positionBiasBinWidth":1,"optimizeSizeHeuristic":false,"maxSize":-1,"optimizeFlankLength":true,"symmetryString":"abcdefghHGFEDCBA","roundSpecificActivity":true,"informationThreshold":0.1,"optimizeMotifShift":false,"fittingStages":[{"optimizeFlankLength":true},{"optimizeMotifShift":false},{"optimizeMotifShiftHeuristic":false}],"optimizeMotifShiftHeuristic":false,"experimentSpecificPositionBias":true,"minSize":-1,"experimentSpecificActivity":true,"optimizeSize":false}]}}
{"metadata":{"timeStamp":"2023-04-02 01:21:52.463","logLikelihoodPerRead":1.482496778241523,"logLikelihood":587374.2189239367,"gradientCalls":71,"fitSteps":62,"regularization":2.593825410015998E-5,"functionCalls":0,"fitter":"proBound","fitName":"component1-0-h","fitTime":5.473,"dataLoops":71},"optimizerSetting":{"output":{"outputPath":"/mnt/e/desktop/HB_Rotation_1/ProBound_run/Srebf1__Jolma2013/result","baseName":"fit"},"nThreads":12,"likelihoodThreshold":2.0E-4,"lbfgsSettings":{"memory":100,"convergence":1.0E-7,"MCSearch":true,"maxIters":2000},"lambdaL2":1.0E-6,"fixedLibrarySize":false,"expBound":40,"nRetries":3,"hkSettings":{"epsilon":1.0E-7,"kickFinal":false,"fdDelta":1.0E-4,"kickAll":false,"maxIters":200,"evCutoff":1.0E-9}},"modelSettings":{"enrichmentModel":[{"variationsOptimized":false,"bindingSaturation":false,"cumulativeEnrichment":true,"concentration":1,"modelType":"SELEX","bindingModeInteractions":[],"componentName":"SELEX enrichment model 0","freezingLevel":0,"includeComponent":true,"bindingModes":[0,1,2],"variationDescription":[],"modifications":[]}],"letterOrder":"ACGT","countTable":[{"leftFlank":"CGGAGTCGGCAAGCAGAAGACGGCATACGATCG","variationsOptimized":true,"transliterate":{"in":[],"out":[]},"variableRegionLength":20,"countTableFile":"/mnt/e/countTables/Jolma2013/Srebf1_ESZ_TACATT20NCG.100000.tsv","modeledColumns":[0,1,2,3,4],"inputFileType":"tsv","nColumns":5,"rightFlank":"AATGTAGATCGGAAGAGCGTCG","componentName":"Count table 0","freezingLevel":0,"includeComponent":true,"variationDescription":[]}],"bindingModeInteractions":[],"bindingModes":[{"variationsOptimized":true,"fitLogActivity":true,"flankLength":0,"singleStrand":false,"variationName":"0;0;0","size":0,"dinucleotideDistance":0,"componentName":"Binding mode 0","freezingLevel":0,"positionBias":false,"includeComponent":true,"variationDescription":[{"variationName":"0;0;0","descriptionString":"Initial model."}],"modifications":[]},{"variationsOptimized":false,"fitLogActivity":true,"flankLength":0,"singleStrand":false,"variationName":"12;0;0","size":12,"dinucleotideDistance":0,"componentName":"Binding mode 1","freezingLevel":0,"positionBias":false,"includeComponent":true,"variationDescription":[],"modifications":[]},{"variationsOptimized":false,"fitLogActivity":true,"flankLength":0,"singleStrand":false,"variationName":"16;0;0","size":16,"dinucleotideDistance":0,"componentName":"Binding mode 2","freezingLevel":0,"positionBias":false,"includeComponent":false,"variationDescription":[],"modifications":[]}],"letterComplement":"C-G,A-T"},"coefficients":{"enrichmentModel":[{}],"countTable":[{"h":[1.3239273588220313,1.581688798912681,0.2735062001755783,-0.9851099381460543,-2.1940056851771628]}],"bindingModeInteractions":[],"bindingModes":[{"mononucleotide":[],"activity":[[-2.708835667880133E-5,0.8416024368615427,0.3773738975895836,0.14149895827092804,0.047149321699542716]],"dinucleotide":[],"modifications":[]},{"mononucleotide":[0,0,0,0,0,0,0,0,0,0,0,0,-1,0,-1,-1,0,-1,-1,-1,0,0,0,0,0,0,0,0,-1,-1,-1,0,-1,-1,0,-1,0,0,0,0,0,0,0,0,0,0,0,0],"activity":[[0.4220424204413798,1.2636719456596013,0.7994434063876421,0.5635684670689868,0.4692188304976012]],"dinucleotide":[],"modifications":[]},{"mononucleotide":[0,0,0,0,0,0,0,0,0,0,0,0,0,0,0,0,0,0,0,0,0,0,0,0,0,0,0,0,0,0,0,0,0,0,0,0,0,0,0,0,0,0,0,0,0,0,0,0,0,0,0,0,0,0,0,0,0,0,0,0,0,0,0,0],"activity":[[0,0,0,0,0]],"dinucleotide":[],"modifications":[]}]},"modelFittingConstraints":{"enrichmentModel":[{"trySaturation":false}],"countTable":[{}],"bindingModes":[{"maxFlankLength":-1,"positionBiasBinWidth":1,"optimizeSizeHeuristic":false,"maxSize":-1,"optimizeFlankLength":false,"symmetryString":"null","roundSpecificActivity":true,"informationThreshold":0.1,"optimizeMotifShift":false,"fittingStages":[],"optimizeMotifShiftHeuristic":false,"experimentSpecificPositionBias":true,"minSize":-1,"experimentSpecificActivity":true,"optimizeSize":false},{"maxFlankLength":-1,"positionBiasBinWidth":1,"optimizeSizeHeuristic":false,"maxSize":-1,"optimizeFlankLength":true,"symmetryString":"abcdefFEDCBA","roundSpecificActivity":true,"informationThreshold":0.1,"optimizeMotifShift":false,"fittingStages":[{"optimizeFlankLength":true},{"optimizeMotifShift":false},{"optimizeMotifShiftHeuristic":false}],"optimizeMotifShiftHeuristic":false,"experimentSpecificPositionBias":true,"minSize":-1,"experimentSpecificActivity":true,"optimizeSize":false},{"maxFlankLength":-1,"positionBiasBinWidth":1,"optimizeSizeHeuristic":false,"maxSize":-1,"optimizeFlankLength":true,"symmetryString":"abcdefghHGFEDCBA","roundSpecificActivity":true,"informationThreshold":0.1,"optimizeMotifShift":false,"fittingStages":[{"optimizeFlankLength":true},{"optimizeMotifShift":false},{"optimizeMotifShiftHeuristic":false}],"optimizeMotifShiftHeuristic":false,"experimentSpecificPositionBias":true,"minSize":-1,"experimentSpecificActivity":true,"optimizeSize":false}]}}
{"metadata":{"timeStamp":"2023-04-02 01:22:15.548","logLikelihoodPerRead":1.4549373055522876,"logLikelihood":574949.3988969433,"gradientCalls":219,"fitSteps":206,"regularization":0.003825406404749832,"functionCalls":0,"fitter":"proBound","fitName":"component1-1-f0","fitTime":28.558,"dataLoops":219},"optimizerSetting":{"output":{"outputPath":"/mnt/e/desktop/HB_Rotation_1/ProBound_run/Srebf1__Jolma2013/result","baseName":"fit"},"nThreads":12,"likelihoodThreshold":2.0E-4,"lbfgsSettings":{"memory":100,"convergence":1.0E-7,"MCSearch":true,"maxIters":2000},"lambdaL2":1.0E-6,"fixedLibrarySize":false,"expBound":40,"nRetries":3,"hkSettings":{"epsilon":1.0E-7,"kickFinal":false,"fdDelta":1.0E-4,"kickAll":false,"maxIters":200,"evCutoff":1.0E-9}},"modelSettings":{"enrichmentModel":[{"variationsOptimized":false,"bindingSaturation":false,"cumulativeEnrichment":true,"concentration":1,"modelType":"SELEX","bindingModeInteractions":[],"componentName":"SELEX enrichment model 0","freezingLevel":0,"includeComponent":true,"bindingModes":[0,1,2],"variationDescription":[],"modifications":[]}],"letterOrder":"ACGT","countTable":[{"leftFlank":"CGGAGTCGGCAAGCAGAAGACGGCATACGATCG","variationsOptimized":true,"transliterate":{"in":[],"out":[]},"variableRegionLength":20,"countTableFile":"/mnt/e/countTables/Jolma2013/Srebf1_ESZ_TACATT20NCG.100000.tsv","modeledColumns":[0,1,2,3,4],"inputFileType":"tsv","nColumns":5,"rightFlank":"AATGTAGATCGGAAGAGCGTCG","componentName":"Count table 0","freezingLevel":0,"includeComponent":true,"variationDescription":[]}],"bindingModeInteractions":[],"bindingModes":[{"variationsOptimized":true,"fitLogActivity":true,"flankLength":0,"singleStrand":false,"variationName":"0;0;0","size":0,"dinucleotideDistance":0,"componentName":"Binding mode 0","freezingLevel":0,"positionBias":false,"includeComponent":true,"variationDescription":[{"variationName":"0;0;0","descriptionString":"Initial model."}],"modifications":[]},{"variationsOptimized":false,"fitLogActivity":true,"flankLength":0,"singleStrand":false,"variationName":"12;0;0","size":12,"dinucleotideDistance":0,"componentName":"Binding mode 1","freezingLevel":0,"positionBias":false,"includeComponent":true,"variationDescription":[],"modifications":[]},{"variationsOptimized":false,"fitLogActivity":true,"flankLength":0,"singleStrand":false,"variationName":"16;0;0","size":16,"dinucleotideDistance":0,"componentName":"Binding mode 2","freezingLevel":0,"positionBias":false,"includeComponent":false,"variationDescription":[],"modifications":[]}],"letterComplement":"C-G,A-T"},"coefficients":{"enrichmentModel":[{}],"countTable":[{"h":[-0.7642731610178035,0.5302378759331269,0.2637275746910512,0.048751150867643624,-0.0784433332426976]}],"bindingModeInteractions":[],"bindingModes":[{"mononucleotide":[],"activity":[[-2.708835667880133E-5,0.8416024368615427,0.3773738975895836,0.14149895827092804,0.047149321699542716]],"dinucleotide":[],"modifications":[]},{"mononucleotide":[-0.7680776263483435,-0.47299273026267497,-0.5339160622766694,-0.7369042566001972,-0.11767200649304035,-0.8550695097332112,-0.07952490960636462,-1.4596242496535479,-0.8646183209644129,-0.8459361337690959,-1.2011537515963644,0.39981753084208765,-1.2533148911949952,0.26055309077427025,-0.17435981851128762,-1.3445570480006623,0.4080010179569599,-1.1520278901116163,-0.4623192596760313,-1.305332535102659,-1.5765757924758528,0.32107205839133945,-0.6982471067727412,-0.558139834628498,-0.558139834628498,-0.6982471067727412,0.32107205839133945,-1.5765757924758528,-1.305332535102659,-0.4623192596760313,-1.1520278901116163,0.4080010179569599,-1.3445570480006623,-0.17435981851128762,0.26055309077427025,-1.2533148911949952,0.39981753084208765,-1.2011537515963644,-0.8459361337690959,-0.8646183209644129,-1.4596242496535479,-0.07952490960636462,-0.8550695097332112,-0.11767200649304035,-0.7369042566001972,-0.5339160622766694,-0.47299273026267497,-0.7680776263483435],"activity":[[0.006720040507733196,-1.0724496535650725,-0.3735331744478255,-0.1857589404094691,-0.8823706742497017]],"dinucleotide":[],"modifications":[]},{"mononucleotide":[0,0,0,0,0,0,0,0,0,0,0,0,0,0,0,0,0,0,0,0,0,0,0,0,0,0,0,0,0,0,0,0,0,0,0,0,0,0,0,0,0,0,0,0,0,0,0,0,0,0,0,0,0,0,0,0,0,0,0,0,0,0,0,0],"activity":[[0,0,0,0,0]],"dinucleotide":[],"modifications":[]}]},"modelFittingConstraints":{"enrichmentModel":[{"trySaturation":false}],"countTable":[{}],"bindingModes":[{"maxFlankLength":-1,"positionBiasBinWidth":1,"optimizeSizeHeuristic":false,"maxSize":-1,"optimizeFlankLength":false,"symmetryString":"null","roundSpecificActivity":true,"informationThreshold":0.1,"optimizeMotifShift":false,"fittingStages":[],"optimizeMotifShiftHeuristic":false,"experimentSpecificPositionBias":true,"minSize":-1,"experimentSpecificActivity":true,"optimizeSize":false},{"maxFlankLength":-1,"positionBiasBinWidth":1,"optimizeSizeHeuristic":false,"maxSize":-1,"optimizeFlankLength":true,"symmetryString":"abcdefFEDCBA","roundSpecificActivity":true,"informationThreshold":0.1,"optimizeMotifShift":false,"fittingStages":[{"optimizeFlankLength":true},{"optimizeMotifShift":false},{"optimizeMotifShiftHeuristic":false}],"optimizeMotifShiftHeuristic":false,"experimentSpecificPositionBias":true,"minSize":-1,"experimentSpecificActivity":true,"optimizeSize":false},{"maxFlankLength":-1,"positionBiasBinWidth":1,"optimizeSizeHeuristic":false,"maxSize":-1,"optimizeFlankLength":true,"symmetryString":"abcdefghHGFEDCBA","roundSpecificActivity":true,"informationThreshold":0.1,"optimizeMotifShift":false,"fittingStages":[{"optimizeFlankLength":true},{"optimizeMotifShift":false},{"optimizeMotifShiftHeuristic":false}],"optimizeMotifShiftHeuristic":false,"experimentSpecificPositionBias":true,"minSize":-1,"experimentSpecificActivity":true,"optimizeSize":false}]}}
{"metadata":{"timeStamp":"2023-04-02 01:22:15.718","logLikelihoodPerRead":1.4549373055522878,"logLikelihood":574949.3988969434,"gradientCalls":220,"fitSteps":209,"regularization":0.003825406404749832,"functionCalls":0,"fitter":"proBound","fitName":"component1-2-variation0","fitTime":28.728,"dataLoops":220},"optimizerSetting":{"output":{"outputPath":"/mnt/e/desktop/HB_Rotation_1/ProBound_run/Srebf1__Jolma2013/result","baseName":"fit"},"nThreads":12,"likelihoodThreshold":2.0E-4,"lbfgsSettings":{"memory":100,"convergence":1.0E-7,"MCSearch":true,"maxIters":2000},"lambdaL2":1.0E-6,"fixedLibrarySize":false,"expBound":40,"nRetries":3,"hkSettings":{"epsilon":1.0E-7,"kickFinal":false,"fdDelta":1.0E-4,"kickAll":false,"maxIters":200,"evCutoff":1.0E-9}},"modelSettings":{"enrichmentModel":[{"variationsOptimized":false,"bindingSaturation":false,"cumulativeEnrichment":true,"concentration":1,"modelType":"SELEX","bindingModeInteractions":[],"componentName":"SELEX enrichment model 0","freezingLevel":0,"includeComponent":true,"bindingModes":[0,1,2],"variationDescription":[],"modifications":[]}],"letterOrder":"ACGT","countTable":[{"leftFlank":"CGGAGTCGGCAAGCAGAAGACGGCATACGATCG","variationsOptimized":true,"transliterate":{"in":[],"out":[]},"variableRegionLength":20,"countTableFile":"/mnt/e/countTables/Jolma2013/Srebf1_ESZ_TACATT20NCG.100000.tsv","modeledColumns":[0,1,2,3,4],"inputFileType":"tsv","nColumns":5,"rightFlank":"AATGTAGATCGGAAGAGCGTCG","componentName":"Count table 0","freezingLevel":0,"includeComponent":true,"variationDescription":[]}],"bindingModeInteractions":[],"bindingModes":[{"variationsOptimized":true,"fitLogActivity":true,"flankLength":0,"singleStrand":false,"variationName":"0;0;0","size":0,"dinucleotideDistance":0,"componentName":"Binding mode 0","freezingLevel":0,"positionBias":false,"includeComponent":true,"variationDescription":[{"variationName":"0;0;0","descriptionString":"Initial model."}],"modifications":[]},{"variationsOptimized":false,"fitLogActivity":true,"flankLength":0,"singleStrand":false,"variationName":"12;0;0","size":12,"dinucleotideDistance":0,"componentName":"Binding mode 1","freezingLevel":0,"positionBias":false,"includeComponent":true,"variationDescription":[{"variationName":"12;0;0","descriptionString":"Initial model."}],"modifications":[]},{"variationsOptimized":false,"fitLogActivity":true,"flankLength":0,"singleStrand":false,"variationName":"16;0;0","size":16,"dinucleotideDistance":0,"componentName":"Binding mode 2","freezingLevel":0,"positionBias":false,"includeComponent":false,"variationDescription":[],"modifications":[]}],"letterComplement":"C-G,A-T"},"coefficients":{"enrichmentModel":[{}],"countTable":[{"h":[-0.7642731610178035,0.5302378759331269,0.2637275746910512,0.048751150867643624,-0.0784433332426976]}],"bindingModeInteractions":[],"bindingModes":[{"mononucleotide":[],"activity":[[-2.708835667880133E-5,0.8416024368615427,0.3773738975895836,0.14149895827092804,0.047149321699542716]],"dinucleotide":[],"modifications":[]},{"mononucleotide":[-0.7680776263483435,-0.47299273026267497,-0.5339160622766694,-0.7369042566001972,-0.11767200649304035,-0.8550695097332112,-0.07952490960636462,-1.4596242496535479,-0.8646183209644129,-0.8459361337690959,-1.2011537515963644,0.39981753084208765,-1.2533148911949952,0.26055309077427025,-0.17435981851128762,-1.3445570480006623,0.4080010179569599,-1.1520278901116163,-0.4623192596760313,-1.305332535102659,-1.5765757924758528,0.32107205839133945,-0.6982471067727412,-0.558139834628498,-0.558139834628498,-0.6982471067727412,0.32107205839133945,-1.5765757924758528,-1.305332535102659,-0.4623192596760313,-1.1520278901116163,0.4080010179569599,-1.3445570480006623,-0.17435981851128762,0.26055309077427025,-1.2533148911949952,0.39981753084208765,-1.2011537515963644,-0.8459361337690959,-0.8646183209644129,-1.4596242496535479,-0.07952490960636462,-0.8550695097332112,-0.11767200649304035,-0.7369042566001972,-0.5339160622766694,-0.47299273026267497,-0.7680776263483435],"activity":[[0.006720040507733196,-1.0724496535650725,-0.3735331744478255,-0.1857589404094691,-0.8823706742497017]],"dinucleotide":[],"modifications":[]},{"mononucleotide":[0,0,0,0,0,0,0,0,0,0,0,0,0,0,0,0,0,0,0,0,0,0,0,0,0,0,0,0,0,0,0,0,0,0,0,0,0,0,0,0,0,0,0,0,0,0,0,0,0,0,0,0,0,0,0,0,0,0,0,0,0,0,0,0],"activity":[[0,0,0,0,0]],"dinucleotide":[],"modifications":[]}]},"modelFittingConstraints":{"enrichmentModel":[{"trySaturation":false}],"countTable":[{}],"bindingModes":[{"maxFlankLength":-1,"positionBiasBinWidth":1,"optimizeSizeHeuristic":false,"maxSize":-1,"optimizeFlankLength":false,"symmetryString":"null","roundSpecificActivity":true,"informationThreshold":0.1,"optimizeMotifShift":false,"fittingStages":[],"optimizeMotifShiftHeuristic":false,"experimentSpecificPositionBias":true,"minSize":-1,"experimentSpecificActivity":true,"optimizeSize":false},{"maxFlankLength":-1,"positionBiasBinWidth":1,"optimizeSizeHeuristic":false,"maxSize":-1,"optimizeFlankLength":true,"symmetryString":"abcdefFEDCBA","roundSpecificActivity":true,"informationThreshold":0.1,"optimizeMotifShift":false,"fittingStages":[{"optimizeFlankLength":true},{"optimizeMotifShift":false},{"optimizeMotifShiftHeuristic":false}],"optimizeMotifShiftHeuristic":false,"experimentSpecificPositionBias":true,"minSize":-1,"experimentSpecificActivity":true,"optimizeSize":false},{"maxFlankLength":-1,"positionBiasBinWidth":1,"optimizeSizeHeuristic":false,"maxSize":-1,"optimizeFlankLength":true,"symmetryString":"abcdefghHGFEDCBA","roundSpecificActivity":true,"informationThreshold":0.1,"optimizeMotifShift":false,"fittingStages":[{"optimizeFlankLength":true},{"optimizeMotifShift":false},{"optimizeMotifShiftHeuristic":false}],"optimizeMotifShiftHeuristic":false,"experimentSpecificPositionBias":true,"minSize":-1,"experimentSpecificActivity":true,"optimizeSize":false}]}}
{"metadata":{"timeStamp":"2023-04-02 01:22:24.826","logLikelihoodPerRead":1.4514280028853235,"logLikelihood":573525.9190680096,"gradientCalls":270,"fitSteps":259,"regularization":0.003908817326016662,"functionCalls":0,"fitter":"proBound","fitName":"component1-2-variation1","fitTime":37.836,"dataLoops":270},"optimizerSetting":{"output":{"outputPath":"/mnt/e/desktop/HB_Rotation_1/ProBound_run/Srebf1__Jolma2013/result","baseName":"fit"},"nThreads":12,"likelihoodThreshold":2.0E-4,"lbfgsSettings":{"memory":100,"convergence":1.0E-7,"MCSearch":true,"maxIters":2000},"lambdaL2":1.0E-6,"fixedLibrarySize":false,"expBound":40,"nRetries":3,"hkSettings":{"epsilon":1.0E-7,"kickFinal":false,"fdDelta":1.0E-4,"kickAll":false,"maxIters":200,"evCutoff":1.0E-9}},"modelSettings":{"enrichmentModel":[{"variationsOptimized":false,"bindingSaturation":false,"cumulativeEnrichment":true,"concentration":1,"modelType":"SELEX","bindingModeInteractions":[],"componentName":"SELEX enrichment model 0","freezingLevel":0,"includeComponent":true,"bindingModes":[0,1,2],"variationDescription":[],"modifications":[]}],"letterOrder":"ACGT","countTable":[{"leftFlank":"CGGAGTCGGCAAGCAGAAGACGGCATACGATCG","variationsOptimized":true,"transliterate":{"in":[],"out":[]},"variableRegionLength":20,"countTableFile":"/mnt/e/countTables/Jolma2013/Srebf1_ESZ_TACATT20NCG.100000.tsv","modeledColumns":[0,1,2,3,4],"inputFileType":"tsv","nColumns":5,"rightFlank":"AATGTAGATCGGAAGAGCGTCG","componentName":"Count table 0","freezingLevel":0,"includeComponent":true,"variationDescription":[]}],"bindingModeInteractions":[],"bindingModes":[{"variationsOptimized":true,"fitLogActivity":true,"flankLength":0,"singleStrand":false,"variationName":"0;0;0","size":0,"dinucleotideDistance":0,"componentName":"Binding mode 0","freezingLevel":0,"positionBias":false,"includeComponent":true,"variationDescription":[{"variationName":"0;0;0","descriptionString":"Initial model."}],"modifications":[]},{"variationsOptimized":false,"fitLogActivity":true,"flankLength":1,"singleStrand":false,"variationName":"12;0;0","size":12,"dinucleotideDistance":0,"componentName":"Binding mode 1","freezingLevel":0,"positionBias":false,"includeComponent":true,"variationDescription":[{"variationName":"12;1;0","descriptionString":"Increases flank length."},{"variationName":"12;0;0","descriptionString":"Initial model."}],"modifications":[]},{"variationsOptimized":false,"fitLogActivity":true,"flankLength":0,"singleStrand":false,"variationName":"16;0;0","size":16,"dinucleotideDistance":0,"componentName":"Binding mode 2","freezingLevel":0,"positionBias":false,"includeComponent":false,"variationDescription":[],"modifications":[]}],"letterComplement":"C-G,A-T"},"coefficients":{"enrichmentModel":[{}],"countTable":[{"h":[-0.7649498068699027,0.5295270039903628,0.2637513966598195,0.05067770143739115,-0.07900620324782019]}],"bindingModeInteractions":[],"bindingModes":[{"mononucleotide":[],"activity":[[-2.708835667880133E-5,0.8416024368615427,0.3773738975895836,0.14149895827092804,0.047149321699542716]],"dinucleotide":[],"modifications":[]},{"mononucleotide":[-0.774917943190991,-0.608433722651662,-0.59156069058634,-0.7575485942981051,-0.10409111487838336,-0.8976054962153817,-0.1442208155074906,-1.5865435241238353,-0.8811936076712495,-0.9371711284059709,-1.318282270326082,0.4041860556767754,-1.3477276684018642,0.35816631741799376,-0.244872177056608,-1.497873886011161,0.40478276140877517,-1.3231359545745716,-0.400050537307484,-1.4139036835788232,-1.6847002455691902,0.3913863743675509,-0.6773458275289392,-0.7618012519940804,-0.7618012519940804,-0.6773458275289392,0.3913863743675509,-1.6847002455691902,-1.4139036835788232,-0.400050537307484,-1.3231359545745716,0.40478276140877517,-1.497873886011161,-0.244872177056608,0.35816631741799376,-1.3477276684018642,0.4041860556767754,-1.318282270326082,-0.9371711284059709,-0.8811936076712495,-1.5865435241238353,-0.1442208155074906,-0.8976054962153817,-0.10409111487838336,-0.7575485942981051,-0.59156069058634,-0.608433722651662,-0.774917943190991],"activity":[[0.005763592903562188,-0.9856278722124223,-0.33073500773645126,-0.24257324851837941,-1.0809017333203559]],"dinucleotide":[],"modifications":[]},{"mononucleotide":[0,0,0,0,0,0,0,0,0,0,0,0,0,0,0,0,0,0,0,0,0,0,0,0,0,0,0,0,0,0,0,0,0,0,0,0,0,0,0,0,0,0,0,0,0,0,0,0,0,0,0,0,0,0,0,0,0,0,0,0,0,0,0,0],"activity":[[0,0,0,0,0]],"dinucleotide":[],"modifications":[]}]},"modelFittingConstraints":{"enrichmentModel":[{"trySaturation":false}],"countTable":[{}],"bindingModes":[{"maxFlankLength":-1,"positionBiasBinWidth":1,"optimizeSizeHeuristic":false,"maxSize":-1,"optimizeFlankLength":false,"symmetryString":"null","roundSpecificActivity":true,"informationThreshold":0.1,"optimizeMotifShift":false,"fittingStages":[],"optimizeMotifShiftHeuristic":false,"experimentSpecificPositionBias":true,"minSize":-1,"experimentSpecificActivity":true,"optimizeSize":false},{"maxFlankLength":-1,"positionBiasBinWidth":1,"optimizeSizeHeuristic":false,"maxSize":-1,"optimizeFlankLength":true,"symmetryString":"abcdefFEDCBA","roundSpecificActivity":true,"informationThreshold":0.1,"optimizeMotifShift":false,"fittingStages":[{"optimizeFlankLength":true},{"optimizeMotifShift":false},{"optimizeMotifShiftHeuristic":false}],"optimizeMotifShiftHeuristic":false,"experimentSpecificPositionBias":true,"minSize":-1,"experimentSpecificActivity":true,"optimizeSize":false},{"maxFlankLength":-1,"positionBiasBinWidth":1,"optimizeSizeHeuristic":false,"maxSize":-1,"optimizeFlankLength":true,"symmetryString":"abcdefghHGFEDCBA","roundSpecificActivity":true,"informationThreshold":0.1,"optimizeMotifShift":false,"fittingStages":[{"optimizeFlankLength":true},{"optimizeMotifShift":false},{"optimizeMotifShiftHeuristic":false}],"optimizeMotifShiftHeuristic":false,"experimentSpecificPositionBias":true,"minSize":-1,"experimentSpecificActivity":true,"optimizeSize":false}]}}
{"metadata":{"timeStamp":"2023-04-02 01:22:36.194","logLikelihoodPerRead":1.45063343385238,"logLikelihood":573209.4641207998,"gradientCalls":326,"fitSteps":315,"regularization":0.00391294734436589,"functionCalls":0,"fitter":"proBound","fitName":"component1-2-variation2","fitTime":49.204,"dataLoops":326},"optimizerSetting":{"output":{"outputPath":"/mnt/e/desktop/HB_Rotation_1/ProBound_run/Srebf1__Jolma2013/result","baseName":"fit"},"nThreads":12,"likelihoodThreshold":2.0E-4,"lbfgsSettings":{"memory":100,"convergence":1.0E-7,"MCSearch":true,"maxIters":2000},"lambdaL2":1.0E-6,"fixedLibrarySize":false,"expBound":40,"nRetries":3,"hkSettings":{"epsilon":1.0E-7,"kickFinal":false,"fdDelta":1.0E-4,"kickAll":false,"maxIters":200,"evCutoff":1.0E-9}},"modelSettings":{"enrichmentModel":[{"variationsOptimized":false,"bindingSaturation":false,"cumulativeEnrichment":true,"concentration":1,"modelType":"SELEX","bindingModeInteractions":[],"componentName":"SELEX enrichment model 0","freezingLevel":0,"includeComponent":true,"bindingModes":[0,1,2],"variationDescription":[],"modifications":[]}],"letterOrder":"ACGT","countTable":[{"leftFlank":"CGGAGTCGGCAAGCAGAAGACGGCATACGATCG","variationsOptimized":true,"transliterate":{"in":[],"out":[]},"variableRegionLength":20,"countTableFile":"/mnt/e/countTables/Jolma2013/Srebf1_ESZ_TACATT20NCG.100000.tsv","modeledColumns":[0,1,2,3,4],"inputFileType":"tsv","nColumns":5,"rightFlank":"AATGTAGATCGGAAGAGCGTCG","componentName":"Count table 0","freezingLevel":0,"includeComponent":true,"variationDescription":[]}],"bindingModeInteractions":[],"bindingModes":[{"variationsOptimized":true,"fitLogActivity":true,"flankLength":0,"singleStrand":false,"variationName":"0;0;0","size":0,"dinucleotideDistance":0,"componentName":"Binding mode 0","freezingLevel":0,"positionBias":false,"includeComponent":true,"variationDescription":[{"variationName":"0;0;0","descriptionString":"Initial model."}],"modifications":[]},{"variationsOptimized":false,"fitLogActivity":true,"flankLength":2,"singleStrand":false,"variationName":"12;1;0","size":12,"dinucleotideDistance":0,"componentName":"Binding mode 1","freezingLevel":0,"positionBias":false,"includeComponent":true,"variationDescription":[{"variationName":"12;1;0","descriptionString":"Increases flank length."},{"variationName":"12;0;0","descriptionString":"Initial model."},{"variationName":"12;2;0","descriptionString":"Increases flank length."}],"modifications":[]},{"variationsOptimized":false,"fitLogActivity":true,"flankLength":0,"singleStrand":false,"variationName":"16;0;0","size":16,"dinucleotideDistance":0,"componentName":"Binding mode 2","freezingLevel":0,"positionBias":false,"includeComponent":false,"variationDescription":[],"modifications":[]}],"letterComplement":"C-G,A-T"},"coefficients":{"enrichmentModel":[{}],"countTable":[{"h":[-0.7581335529096751,0.5340760991160786,0.26607519464683715,0.04650983933239679,-0.088527499608442]}],"bindingModeInteractions":[],"bindingModes":[{"mononucleotide":[],"activity":[[-2.708835667880133E-5,0.8416024368615427,0.3773738975895836,0.14149895827092804,0.047149321699542716]],"dinucleotide":[],"modifications":[]},{"mononucleotide":[-0.7572177978002315,-0.7083527707735723,-0.5882222443084688,-0.6971275096656281,-0.19940290790112078,-1.014241510263423,-0.3198561649549003,-1.2174197394266624,-0.9022332895277513,-0.9311071841582418,-1.3215759260506517,0.4039960771896201,-1.3786667203538716,0.4347699729510284,-0.25661987545895965,-1.550287072826961,0.3983874066583029,-1.3228756673043442,-0.3911175663663305,-1.4351978686767706,-1.7877733597193661,0.4666189326048248,-0.6134966414108602,-0.8162692540197847,-0.8162692540197847,-0.6134966414108602,0.4666189326048248,-1.7877733597193661,-1.4351978686767706,-0.3911175663663305,-1.3228756673043442,0.3983874066583029,-1.550287072826961,-0.25661987545895965,0.4347699729510284,-1.3786667203538716,0.4039960771896201,-1.3215759260506517,-0.9311071841582418,-0.9022332895277513,-1.2174197394266624,-0.3198561649549003,-1.014241510263423,-0.19940290790112078,-0.6971275096656281,-0.5882222443084688,-0.7083527707735723,-0.7572177978002315],"activity":[[0.0050496039142877815,-0.9241222792503542,-0.39461639341499416,-0.25298094663417825,-1.0902370510333736]],"dinucleotide":[],"modifications":[]},{"mononucleotide":[0,0,0,0,0,0,0,0,0,0,0,0,0,0,0,0,0,0,0,0,0,0,0,0,0,0,0,0,0,0,0,0,0,0,0,0,0,0,0,0,0,0,0,0,0,0,0,0,0,0,0,0,0,0,0,0,0,0,0,0,0,0,0,0],"activity":[[0,0,0,0,0]],"dinucleotide":[],"modifications":[]}]},"modelFittingConstraints":{"enrichmentModel":[{"trySaturation":false}],"countTable":[{}],"bindingModes":[{"maxFlankLength":-1,"positionBiasBinWidth":1,"optimizeSizeHeuristic":false,"maxSize":-1,"optimizeFlankLength":false,"symmetryString":"null","roundSpecificActivity":true,"informationThreshold":0.1,"optimizeMotifShift":false,"fittingStages":[],"optimizeMotifShiftHeuristic":false,"experimentSpecificPositionBias":true,"minSize":-1,"experimentSpecificActivity":true,"optimizeSize":false},{"maxFlankLength":-1,"positionBiasBinWidth":1,"optimizeSizeHeuristic":false,"maxSize":-1,"optimizeFlankLength":true,"symmetryString":"abcdefFEDCBA","roundSpecificActivity":true,"informationThreshold":0.1,"optimizeMotifShift":false,"fittingStages":[{"optimizeFlankLength":true},{"optimizeMotifShift":false},{"optimizeMotifShiftHeuristic":false}],"optimizeMotifShiftHeuristic":false,"experimentSpecificPositionBias":true,"minSize":-1,"experimentSpecificActivity":true,"optimizeSize":false},{"maxFlankLength":-1,"positionBiasBinWidth":1,"optimizeSizeHeuristic":false,"maxSize":-1,"optimizeFlankLength":true,"symmetryString":"abcdefghHGFEDCBA","roundSpecificActivity":true,"informationThreshold":0.1,"optimizeMotifShift":false,"fittingStages":[{"optimizeFlankLength":true},{"optimizeMotifShift":false},{"optimizeMotifShiftHeuristic":false}],"optimizeMotifShiftHeuristic":false,"experimentSpecificPositionBias":true,"minSize":-1,"experimentSpecificActivity":true,"optimizeSize":false}]}}
{"metadata":{"timeStamp":"2023-04-02 01:22:48.219","logLikelihoodPerRead":1.4506010728816965,"logLikelihood":573200.3081115709,"gradientCalls":379,"fitSteps":368,"regularization":0.003903695179372509,"functionCalls":0,"fitter":"proBound","fitName":"component1-2-variation3","fitTime":61.229,"dataLoops":379},"optimizerSetting":{"output":{"outputPath":"/mnt/e/desktop/HB_Rotation_1/ProBound_run/Srebf1__Jolma2013/result","baseName":"fit"},"nThreads":12,"likelihoodThreshold":2.0E-4,"lbfgsSettings":{"memory":100,"convergence":1.0E-7,"MCSearch":true,"maxIters":2000},"lambdaL2":1.0E-6,"fixedLibrarySize":false,"expBound":40,"nRetries":3,"hkSettings":{"epsilon":1.0E-7,"kickFinal":false,"fdDelta":1.0E-4,"kickAll":false,"maxIters":200,"evCutoff":1.0E-9}},"modelSettings":{"enrichmentModel":[{"variationsOptimized":false,"bindingSaturation":false,"cumulativeEnrichment":true,"concentration":1,"modelType":"SELEX","bindingModeInteractions":[],"componentName":"SELEX enrichment model 0","freezingLevel":0,"includeComponent":true,"bindingModes":[0,1,2],"variationDescription":[],"modifications":[]}],"letterOrder":"ACGT","countTable":[{"leftFlank":"CGGAGTCGGCAAGCAGAAGACGGCATACGATCG","variationsOptimized":true,"transliterate":{"in":[],"out":[]},"variableRegionLength":20,"countTableFile":"/mnt/e/countTables/Jolma2013/Srebf1_ESZ_TACATT20NCG.100000.tsv","modeledColumns":[0,1,2,3,4],"inputFileType":"tsv","nColumns":5,"rightFlank":"AATGTAGATCGGAAGAGCGTCG","componentName":"Count table 0","freezingLevel":0,"includeComponent":true,"variationDescription":[]}],"bindingModeInteractions":[],"bindingModes":[{"variationsOptimized":true,"fitLogActivity":true,"flankLength":0,"singleStrand":false,"variationName":"0;0;0","size":0,"dinucleotideDistance":0,"componentName":"Binding mode 0","freezingLevel":0,"positionBias":false,"includeComponent":true,"variationDescription":[{"variationName":"0;0;0","descriptionString":"Initial model."}],"modifications":[]},{"variationsOptimized":false,"fitLogActivity":true,"flankLength":3,"singleStrand":false,"variationName":"12;2;0","size":12,"dinucleotideDistance":0,"componentName":"Binding mode 1","freezingLevel":0,"positionBias":false,"includeComponent":true,"variationDescription":[{"variationName":"12;1;0","descriptionString":"Increases flank length."},{"variationName":"12;3;0","descriptionString":"Increases flank length."},{"variationName":"12;0;0","descriptionString":"Initial model."},{"variationName":"12;2;0","descriptionString":"Increases flank length."}],"modifications":[]},{"variationsOptimized":false,"fitLogActivity":true,"flankLength":0,"singleStrand":false,"variationName":"16;0;0","size":16,"dinucleotideDistance":0,"componentName":"Binding mode 2","freezingLevel":0,"positionBias":false,"includeComponent":false,"variationDescription":[],"modifications":[]}],"letterComplement":"C-G,A-T"},"coefficients":{"enrichmentModel":[{}],"countTable":[{"h":[-0.7530948764127854,0.5387643048081462,0.2670135772099078,0.042653696153883994,-0.0953366302642215]}],"bindingModeInteractions":[],"bindingModes":[{"mononucleotide":[],"activity":[[-2.708835667880133E-5,0.8416024368615427,0.3773738975895836,0.14149895827092804,0.047149321699542716]],"dinucleotide":[],"modifications":[]},{"mononucleotide":[-0.7737508172302214,-0.7066039953379041,-0.5815895303805912,-0.6771141657978864,-0.175226608683789,-0.9760457087235086,-0.3007477795359997,-1.2870384118016502,-0.9239170207972259,-0.9389489393404397,-1.2641712386003217,0.38797868999242685,-1.3522556384074689,0.43161383556056815,-0.27163040629416296,-1.5466952910400973,0.3756112369943644,-1.3430063140040776,-0.40528892136321387,-1.3662835018088015,-1.7776645194436267,0.47262385504327664,-0.6307389569582582,-0.803278887385054,-0.803278887385054,-0.6307389569582582,0.47262385504327664,-1.7776645194436267,-1.3662835018088015,-0.40528892136321387,-1.3430063140040776,0.3756112369943644,-1.5466952910400973,-0.27163040629416296,0.43161383556056815,-1.3522556384074689,0.38797868999242685,-1.2641712386003217,-0.9389489393404397,-0.9239170207972259,-1.2870384118016502,-0.3007477795359997,-0.9760457087235086,-0.175226608683789,-0.6771141657978864,-0.5815895303805912,-0.7066039953379041,-0.7737508172302214],"activity":[[0.004480433666701851,-0.9806693570373186,-0.3752223216574292,-0.24367353873831898,-1.0657122872298703]],"dinucleotide":[],"modifications":[]},{"mononucleotide":[0,0,0,0,0,0,0,0,0,0,0,0,0,0,0,0,0,0,0,0,0,0,0,0,0,0,0,0,0,0,0,0,0,0,0,0,0,0,0,0,0,0,0,0,0,0,0,0,0,0,0,0,0,0,0,0,0,0,0,0,0,0,0,0],"activity":[[0,0,0,0,0]],"dinucleotide":[],"modifications":[]}]},"modelFittingConstraints":{"enrichmentModel":[{"trySaturation":false}],"countTable":[{}],"bindingModes":[{"maxFlankLength":-1,"positionBiasBinWidth":1,"optimizeSizeHeuristic":false,"maxSize":-1,"optimizeFlankLength":false,"symmetryString":"null","roundSpecificActivity":true,"informationThreshold":0.1,"optimizeMotifShift":false,"fittingStages":[],"optimizeMotifShiftHeuristic":false,"experimentSpecificPositionBias":true,"minSize":-1,"experimentSpecificActivity":true,"optimizeSize":false},{"maxFlankLength":-1,"positionBiasBinWidth":1,"optimizeSizeHeuristic":false,"maxSize":-1,"optimizeFlankLength":true,"symmetryString":"abcdefFEDCBA","roundSpecificActivity":true,"informationThreshold":0.1,"optimizeMotifShift":false,"fittingStages":[{"optimizeFlankLength":true},{"optimizeMotifShift":false},{"optimizeMotifShiftHeuristic":false}],"optimizeMotifShiftHeuristic":false,"experimentSpecificPositionBias":true,"minSize":-1,"experimentSpecificActivity":true,"optimizeSize":false},{"maxFlankLength":-1,"positionBiasBinWidth":1,"optimizeSizeHeuristic":false,"maxSize":-1,"optimizeFlankLength":true,"symmetryString":"abcdefghHGFEDCBA","roundSpecificActivity":true,"informationThreshold":0.1,"optimizeMotifShift":false,"fittingStages":[{"optimizeFlankLength":true},{"optimizeMotifShift":false},{"optimizeMotifShiftHeuristic":false}],"optimizeMotifShiftHeuristic":false,"experimentSpecificPositionBias":true,"minSize":-1,"experimentSpecificActivity":true,"optimizeSize":false}]}}
{"metadata":{"timeStamp":"2023-04-02 01:23:00.643","logLikelihoodPerRead":1.450632754229421,"logLikelihood":573209.38341173,"gradientCalls":439,"fitSteps":428,"regularization":0.003912471422622404,"functionCalls":0,"fitter":"proBound","fitName":"component1-4-all","fitTime":73.654,"dataLoops":439},"optimizerSetting":{"output":{"outputPath":"/mnt/e/desktop/HB_Rotation_1/ProBound_run/Srebf1__Jolma2013/result","baseName":"fit"},"nThreads":12,"likelihoodThreshold":2.0E-4,"lbfgsSettings":{"memory":100,"convergence":1.0E-7,"MCSearch":true,"maxIters":2000},"lambdaL2":1.0E-6,"fixedLibrarySize":false,"expBound":40,"nRetries":3,"hkSettings":{"epsilon":1.0E-7,"kickFinal":false,"fdDelta":1.0E-4,"kickAll":false,"maxIters":200,"evCutoff":1.0E-9}},"modelSettings":{"enrichmentModel":[{"variationsOptimized":false,"bindingSaturation":false,"cumulativeEnrichment":true,"concentration":1,"modelType":"SELEX","bindingModeInteractions":[],"componentName":"SELEX enrichment model 0","freezingLevel":0,"includeComponent":true,"bindingModes":[0,1,2],"variationDescription":[],"modifications":[]}],"letterOrder":"ACGT","countTable":[{"leftFlank":"CGGAGTCGGCAAGCAGAAGACGGCATACGATCG","variationsOptimized":true,"transliterate":{"in":[],"out":[]},"variableRegionLength":20,"countTableFile":"/mnt/e/countTables/Jolma2013/Srebf1_ESZ_TACATT20NCG.100000.tsv","modeledColumns":[0,1,2,3,4],"inputFileType":"tsv","nColumns":5,"rightFlank":"AATGTAGATCGGAAGAGCGTCG","componentName":"Count table 0","freezingLevel":0,"includeComponent":true,"variationDescription":[]}],"bindingModeInteractions":[],"bindingModes":[{"variationsOptimized":true,"fitLogActivity":true,"flankLength":0,"singleStrand":false,"variationName":"0;0;0","size":0,"dinucleotideDistance":0,"componentName":"Binding mode 0","freezingLevel":0,"positionBias":false,"includeComponent":true,"variationDescription":[{"variationName":"0;0;0","descriptionString":"Initial model."}],"modifications":[]},{"variationsOptimized":true,"fitLogActivity":true,"flankLength":2,"singleStrand":false,"variationName":"12;2;0","size":12,"dinucleotideDistance":0,"componentName":"Binding mode 1","freezingLevel":0,"positionBias":false,"includeComponent":true,"variationDescription":[{"variationName":"12;1;0","descriptionString":"Increases flank length."},{"variationName":"12;3;0","descriptionString":"Increases flank length."},{"variationName":"12;0;0","descriptionString":"Initial model."},{"variationName":"12;2;0","descriptionString":"Increases flank length."}],"modifications":[]},{"variationsOptimized":false,"fitLogActivity":true,"flankLength":0,"singleStrand":false,"variationName":"16;0;0","size":16,"dinucleotideDistance":0,"componentName":"Binding mode 2","freezingLevel":0,"positionBias":false,"includeComponent":false,"variationDescription":[],"modifications":[]}],"letterComplement":"C-G,A-T"},"coefficients":{"enrichmentModel":[{}],"countTable":[{"h":[-0.4037709343610385,0.5438922653824488,0.24464552300514997,0.06802757412175682,-0.4527944275113142]}],"bindingModeInteractions":[],"bindingModes":[{"mononucleotide":[],"activity":[[-2.123646936335942E-7,1.1864678480253839,0.4086023900968168,0.09855027806526302,0.4329738948388526]],"dinucleotide":[],"modifications":[]},{"mononucleotide":[-0.7416213627972661,-0.6927031545507446,-0.5726129513242617,-0.6815594618135425,-0.18379307721917182,-0.9986206357475728,-0.30421705689024414,-1.2018661606291445,-0.8867981198057041,-0.915695151717125,-1.3056871726332204,0.41968351367058254,-1.3635999504617082,0.45052024836606,-0.24102313614695509,-1.5344881992863595,0.41416481203275574,-1.3076750622700406,-0.3752957685150222,-1.4197850187834746,-1.7723058158331575,0.48245483135322387,-0.5979051641329148,-0.8007407818725484,-0.8007407818725484,-0.5979051641329148,0.48245483135322387,-1.7723058158331575,-1.4197850187834746,-0.3752957685150222,-1.3076750622700406,0.41416481203275574,-1.5344881992863595,-0.24102313614695509,0.45052024836606,-1.3635999504617082,0.41968351367058254,-1.3056871726332204,-0.915695151717125,-0.8867981198057041,-1.2018661606291445,-0.30421705689024414,-0.9986206357475728,-0.18379307721917182,-0.6815594618135425,-0.5726129513242617,-0.6927031545507446,-0.7416213627972661],"activity":[[3.958739070817009E-5,-0.7892873859051598,-0.5506154408583402,-0.48386171110301124,-0.8932517902538957]],"dinucleotide":[],"modifications":[]},{"mononucleotide":[0,0,0,0,0,0,0,0,0,0,0,0,0,0,0,0,0,0,0,0,0,0,0,0,0,0,0,0,0,0,0,0,0,0,0,0,0,0,0,0,0,0,0,0,0,0,0,0,0,0,0,0,0,0,0,0,0,0,0,0,0,0,0,0],"activity":[[0,0,0,0,0]],"dinucleotide":[],"modifications":[]}]},"modelFittingConstraints":{"enrichmentModel":[{"trySaturation":false}],"countTable":[{}],"bindingModes":[{"maxFlankLength":-1,"positionBiasBinWidth":1,"optimizeSizeHeuristic":false,"maxSize":-1,"optimizeFlankLength":false,"symmetryString":"null","roundSpecificActivity":true,"informationThreshold":0.1,"optimizeMotifShift":false,"fittingStages":[],"optimizeMotifShiftHeuristic":false,"experimentSpecificPositionBias":true,"minSize":-1,"experimentSpecificActivity":true,"optimizeSize":false},{"maxFlankLength":-1,"positionBiasBinWidth":1,"optimizeSizeHeuristic":false,"maxSize":-1,"optimizeFlankLength":false,"symmetryString":"abcdefFEDCBA","roundSpecificActivity":true,"informationThreshold":0.1,"optimizeMotifShift":false,"fittingStages":[{"optimizeFlankLength":true},{"optimizeMotifShift":false},{"optimizeMotifShiftHeuristic":false}],"optimizeMotifShiftHeuristic":false,"experimentSpecificPositionBias":true,"minSize":-1,"experimentSpecificActivity":true,"optimizeSize":false},{"maxFlankLength":-1,"positionBiasBinWidth":1,"optimizeSizeHeuristic":false,"maxSize":-1,"optimizeFlankLength":true,"symmetryString":"abcdefghHGFEDCBA","roundSpecificActivity":true,"informationThreshold":0.1,"optimizeMotifShift":false,"fittingStages":[{"optimizeFlankLength":true},{"optimizeMotifShift":false},{"optimizeMotifShiftHeuristic":false}],"optimizeMotifShiftHeuristic":false,"experimentSpecificPositionBias":true,"minSize":-1,"experimentSpecificActivity":true,"optimizeSize":false}]}}
{"metadata":{"timeStamp":"2023-04-02 01:23:02.336","logLikelihoodPerRead":1.4510069083816057,"logLikelihood":574881.3724762168,"gradientCalls":453,"fitSteps":443,"regularization":6.670077555349807E-5,"functionCalls":0,"fitter":"proBound","fitName":"component2-0-h","fitTime":75.346,"dataLoops":453},"optimizerSetting":{"output":{"outputPath":"/mnt/e/desktop/HB_Rotation_1/ProBound_run/Srebf1__Jolma2013/result","baseName":"fit"},"nThreads":12,"likelihoodThreshold":2.0E-4,"lbfgsSettings":{"memory":100,"convergence":1.0E-7,"MCSearch":true,"maxIters":2000},"lambdaL2":1.0E-6,"fixedLibrarySize":false,"expBound":40,"nRetries":3,"hkSettings":{"epsilon":1.0E-7,"kickFinal":false,"fdDelta":1.0E-4,"kickAll":false,"maxIters":200,"evCutoff":1.0E-9}},"modelSettings":{"enrichmentModel":[{"variationsOptimized":false,"bindingSaturation":false,"cumulativeEnrichment":true,"concentration":1,"modelType":"SELEX","bindingModeInteractions":[],"componentName":"SELEX enrichment model 0","freezingLevel":0,"includeComponent":true,"bindingModes":[0,1,2],"variationDescription":[],"modifications":[]}],"letterOrder":"ACGT","countTable":[{"leftFlank":"CGGAGTCGGCAAGCAGAAGACGGCATACGATCG","variationsOptimized":true,"transliterate":{"in":[],"out":[]},"variableRegionLength":20,"countTableFile":"/mnt/e/countTables/Jolma2013/Srebf1_ESZ_TACATT20NCG.100000.tsv","modeledColumns":[0,1,2,3,4],"inputFileType":"tsv","nColumns":5,"rightFlank":"AATGTAGATCGGAAGAGCGTCG","componentName":"Count table 0","freezingLevel":0,"includeComponent":true,"variationDescription":[]}],"bindingModeInteractions":[],"bindingModes":[{"variationsOptimized":true,"fitLogActivity":true,"flankLength":0,"singleStrand":false,"variationName":"0;0;0","size":0,"dinucleotideDistance":0,"componentName":"Binding mode 0","freezingLevel":0,"positionBias":false,"includeComponent":true,"variationDescription":[{"variationName":"0;0;0","descriptionString":"Initial model."}],"modifications":[]},{"variationsOptimized":true,"fitLogActivity":true,"flankLength":2,"singleStrand":false,"variationName":"12;2;0","size":12,"dinucleotideDistance":0,"componentName":"Binding mode 1","freezingLevel":0,"positionBias":false,"includeComponent":true,"variationDescription":[{"variationName":"12;1;0","descriptionString":"Increases flank length."},{"variationName":"12;3;0","descriptionString":"Increases flank length."},{"variationName":"12;0;0","descriptionString":"Initial model."},{"variationName":"12;2;0","descriptionString":"Increases flank length."}],"modifications":[]},{"variationsOptimized":false,"fitLogActivity":true,"flankLength":0,"singleStrand":false,"variationName":"16;0;0","size":16,"dinucleotideDistance":0,"componentName":"Binding mode 2","freezingLevel":0,"positionBias":false,"includeComponent":true,"variationDescription":[],"modifications":[]}],"letterComplement":"C-G,A-T"},"coefficients":{"enrichmentModel":[{}],"countTable":[{"h":[1.8166296360857874,1.6397394504938994,0.2283512644602456,-1.0423011817086054,-2.64241916869454]}],"bindingModeInteractions":[],"bindingModes":[{"mononucleotide":[],"activity":[[-2.123646936335942E-7,1.1864678480253839,0.4086023900968168,0.09855027806526302,0.4329738948388526]],"dinucleotide":[],"modifications":[]},{"mononucleotide":[-0.7416213627972661,-0.6927031545507446,-0.5726129513242617,-0.6815594618135425,-0.18379307721917182,-0.9986206357475728,-0.30421705689024414,-1.2018661606291445,-0.8867981198057041,-0.915695151717125,-1.3056871726332204,0.41968351367058254,-1.3635999504617082,0.45052024836606,-0.24102313614695509,-1.5344881992863595,0.41416481203275574,-1.3076750622700406,-0.3752957685150222,-1.4197850187834746,-1.7723058158331575,0.48245483135322387,-0.5979051641329148,-0.8007407818725484,-0.8007407818725484,-0.5979051641329148,0.48245483135322387,-1.7723058158331575,-1.4197850187834746,-0.3752957685150222,-1.3076750622700406,0.41416481203275574,-1.5344881992863595,-0.24102313614695509,0.45052024836606,-1.3635999504617082,0.41968351367058254,-1.3056871726332204,-0.915695151717125,-0.8867981198057041,-1.2018661606291445,-0.30421705689024414,-0.9986206357475728,-0.18379307721917182,-0.6815594618135425,-0.5726129513242617,-0.6927031545507446,-0.7416213627972661],"activity":[[3.958739070817009E-5,-0.7892873859051598,-0.5506154408583402,-0.48386171110301124,-0.8932517902538957]],"dinucleotide":[],"modifications":[]},{"mononucleotide":[0,0,0,0,0,0,0,0,0,0,0,0,0,0,0,0,0,0,0,0,0,0,0,0,0,0,0,0,0,0,0,0,0,0,0,0,0,0,0,0,0,0,0,0,0,0,0,0,0,0,0,0,0,0,0,0,0,0,0,0,0,0,0,0],"activity":[[-1.5582487915465157,-0.37384690904988055,-1.1511253708310154,-1.460756759203798,-1.1270363922764977]],"dinucleotide":[],"modifications":[]}]},"modelFittingConstraints":{"enrichmentModel":[{"trySaturation":false}],"countTable":[{}],"bindingModes":[{"maxFlankLength":-1,"positionBiasBinWidth":1,"optimizeSizeHeuristic":false,"maxSize":-1,"optimizeFlankLength":false,"symmetryString":"null","roundSpecificActivity":true,"informationThreshold":0.1,"optimizeMotifShift":false,"fittingStages":[],"optimizeMotifShiftHeuristic":false,"experimentSpecificPositionBias":true,"minSize":-1,"experimentSpecificActivity":true,"optimizeSize":false},{"maxFlankLength":-1,"positionBiasBinWidth":1,"optimizeSizeHeuristic":false,"maxSize":-1,"optimizeFlankLength":false,"symmetryString":"abcdefFEDCBA","roundSpecificActivity":true,"informationThreshold":0.1,"optimizeMotifShift":false,"fittingStages":[{"optimizeFlankLength":true},{"optimizeMotifShift":false},{"optimizeMotifShiftHeuristic":false}],"optimizeMotifShiftHeuristic":false,"experimentSpecificPositionBias":true,"minSize":-1,"experimentSpecificActivity":true,"optimizeSize":false},{"maxFlankLength":-1,"positionBiasBinWidth":1,"optimizeSizeHeuristic":false,"maxSize":-1,"optimizeFlankLength":true,"symmetryString":"abcdefghHGFEDCBA","roundSpecificActivity":true,"informationThreshold":0.1,"optimizeMotifShift":false,"fittingStages":[{"optimizeFlankLength":true},{"optimizeMotifShift":false},{"optimizeMotifShiftHeuristic":false}],"optimizeMotifShiftHeuristic":false,"experimentSpecificPositionBias":true,"minSize":-1,"experimentSpecificActivity":true,"optimizeSize":false}]}}
{"metadata":{"timeStamp":"2023-04-02 01:23:28.122","logLikelihoodPerRead":1.4498445290081596,"logLikelihood":572610.4219957994,"gradientCalls":596,"fitSteps":584,"regularization":0.004635961909655906,"functionCalls":0,"fitter":"proBound","fitName":"component2-1-f0","fitTime":101.132,"dataLoops":596},"optimizerSetting":{"output":{"outputPath":"/mnt/e/desktop/HB_Rotation_1/ProBound_run/Srebf1__Jolma2013/result","baseName":"fit"},"nThreads":12,"likelihoodThreshold":2.0E-4,"lbfgsSettings":{"memory":100,"convergence":1.0E-7,"MCSearch":true,"maxIters":2000},"lambdaL2":1.0E-6,"fixedLibrarySize":false,"expBound":40,"nRetries":3,"hkSettings":{"epsilon":1.0E-7,"kickFinal":false,"fdDelta":1.0E-4,"kickAll":false,"maxIters":200,"evCutoff":1.0E-9}},"modelSettings":{"enrichmentModel":[{"variationsOptimized":false,"bindingSaturation":false,"cumulativeEnrichment":true,"concentration":1,"modelType":"SELEX","bindingModeInteractions":[],"componentName":"SELEX enrichment model 0","freezingLevel":0,"includeComponent":true,"bindingModes":[0,1,2],"variationDescription":[],"modifications":[]}],"letterOrder":"ACGT","countTable":[{"leftFlank":"CGGAGTCGGCAAGCAGAAGACGGCATACGATCG","variationsOptimized":true,"transliterate":{"in":[],"out":[]},"variableRegionLength":20,"countTableFile":"/mnt/e/countTables/Jolma2013/Srebf1_ESZ_TACATT20NCG.100000.tsv","modeledColumns":[0,1,2,3,4],"inputFileType":"tsv","nColumns":5,"rightFlank":"AATGTAGATCGGAAGAGCGTCG","componentName":"Count table 0","freezingLevel":0,"includeComponent":true,"variationDescription":[]}],"bindingModeInteractions":[],"bindingModes":[{"variationsOptimized":true,"fitLogActivity":true,"flankLength":0,"singleStrand":false,"variationName":"0;0;0","size":0,"dinucleotideDistance":0,"componentName":"Binding mode 0","freezingLevel":0,"positionBias":false,"includeComponent":true,"variationDescription":[{"variationName":"0;0;0","descriptionString":"Initial model."}],"modifications":[]},{"variationsOptimized":true,"fitLogActivity":true,"flankLength":2,"singleStrand":false,"variationName":"12;2;0","size":12,"dinucleotideDistance":0,"componentName":"Binding mode 1","freezingLevel":0,"positionBias":false,"includeComponent":true,"variationDescription":[{"variationName":"12;1;0","descriptionString":"Increases flank length."},{"variationName":"12;3;0","descriptionString":"Increases flank length."},{"variationName":"12;0;0","descriptionString":"Initial model."},{"variationName":"12;2;0","descriptionString":"Increases flank length."}],"modifications":[]},{"variationsOptimized":false,"fitLogActivity":true,"flankLength":0,"singleStrand":false,"variationName":"16;0;0","size":16,"dinucleotideDistance":0,"componentName":"Binding mode 2","freezingLevel":0,"positionBias":false,"includeComponent":true,"variationDescription":[],"modifications":[]}],"letterComplement":"C-G,A-T"},"coefficients":{"enrichmentModel":[{}],"countTable":[{"h":[-0.301855100235998,0.641849009461335,0.30240891596257635,0.005450642099794539,-0.6478534672823111]}],"bindingModeInteractions":[],"bindingModes":[{"mononucleotide":[],"activity":[[-2.123646936335942E-7,1.1864678480253839,0.4086023900968168,0.09855027806526302,0.4329738948388526]],"dinucleotide":[],"modifications":[]},{"mononucleotide":[-0.7416213627972661,-0.6927031545507446,-0.5726129513242617,-0.6815594618135425,-0.18379307721917182,-0.9986206357475728,-0.30421705689024414,-1.2018661606291445,-0.8867981198057041,-0.915695151717125,-1.3056871726332204,0.41968351367058254,-1.3635999504617082,0.45052024836606,-0.24102313614695509,-1.5344881992863595,0.41416481203275574,-1.3076750622700406,-0.3752957685150222,-1.4197850187834746,-1.7723058158331575,0.48245483135322387,-0.5979051641329148,-0.8007407818725484,-0.8007407818725484,-0.5979051641329148,0.48245483135322387,-1.7723058158331575,-1.4197850187834746,-0.3752957685150222,-1.3076750622700406,0.41416481203275574,-1.5344881992863595,-0.24102313614695509,0.45052024836606,-1.3635999504617082,0.41968351367058254,-1.3056871726332204,-0.915695151717125,-0.8867981198057041,-1.2018661606291445,-0.30421705689024414,-0.9986206357475728,-0.18379307721917182,-0.6815594618135425,-0.5726129513242617,-0.6927031545507446,-0.7416213627972661],"activity":[[3.958739070817009E-5,-0.7892873859051598,-0.5506154408583402,-0.48386171110301124,-0.8932517902538957]],"dinucleotide":[],"modifications":[]},{"mononucleotide":[-0.6619141646928688,0.18696661083775423,-0.25124734841467966,-0.5411788248606593,-0.40917006360686575,-0.3286537700063573,0.06363421309544619,-0.5931841066135559,-0.534098978712972,-0.31985193684411556,-0.5669281558756054,0.153505344301891,-0.5400079068425291,-0.2677581273298901,0.0760626969788706,-0.5356703899377048,0.10410936938372951,-0.2576163127403121,-0.5468882438036469,-0.5669785399711571,-0.633010126006835,-0.1615834541454337,-0.41682162635258646,-0.055958520626446615,-0.4406475752595936,-0.21584821405413832,-0.15845354040590467,-0.4524243974111729,-0.4272170455516399,-0.2768354861694139,-0.3112861652496162,-0.2520350301608817,-0.2520350301608817,-0.3112861652496162,-0.2768354861694139,-0.4272170455516399,-0.4524243974111729,-0.15845354040590467,-0.21584821405413832,-0.4406475752595936,-0.055958520626446615,-0.41682162635258646,-0.1615834541454337,-0.633010126006835,-0.5669785399711571,-0.5468882438036469,-0.2576163127403121,0.10410936938372951,-0.5356703899377048,0.0760626969788706,-0.2677581273298901,-0.5400079068425291,0.153505344301891,-0.5669281558756054,-0.31985193684411556,-0.534098978712972,-0.5931841066135559,0.06363421309544619,-0.3286537700063573,-0.40917006360686575,-0.5411788248606593,-0.25124734841467966,0.18696661083775423,-0.6619141646928688],"activity":[[-0.013561405445950676,-2.029025636961419,-0.43625598305120716,0.4054210659476077,0.8167569537598434]],"dinucleotide":[],"modifications":[]}]},"modelFittingConstraints":{"enrichmentModel":[{"trySaturation":false}],"countTable":[{}],"bindingModes":[{"maxFlankLength":-1,"positionBiasBinWidth":1,"optimizeSizeHeuristic":false,"maxSize":-1,"optimizeFlankLength":false,"symmetryString":"null","roundSpecificActivity":true,"informationThreshold":0.1,"optimizeMotifShift":false,"fittingStages":[],"optimizeMotifShiftHeuristic":false,"experimentSpecificPositionBias":true,"minSize":-1,"experimentSpecificActivity":true,"optimizeSize":false},{"maxFlankLength":-1,"positionBiasBinWidth":1,"optimizeSizeHeuristic":false,"maxSize":-1,"optimizeFlankLength":false,"symmetryString":"abcdefFEDCBA","roundSpecificActivity":true,"informationThreshold":0.1,"optimizeMotifShift":false,"fittingStages":[{"optimizeFlankLength":true},{"optimizeMotifShift":false},{"optimizeMotifShiftHeuristic":false}],"optimizeMotifShiftHeuristic":false,"experimentSpecificPositionBias":true,"minSize":-1,"experimentSpecificActivity":true,"optimizeSize":false},{"maxFlankLength":-1,"positionBiasBinWidth":1,"optimizeSizeHeuristic":false,"maxSize":-1,"optimizeFlankLength":true,"symmetryString":"abcdefghHGFEDCBA","roundSpecificActivity":true,"informationThreshold":0.1,"optimizeMotifShift":false,"fittingStages":[{"optimizeFlankLength":true},{"optimizeMotifShift":false},{"optimizeMotifShiftHeuristic":false}],"optimizeMotifShiftHeuristic":false,"experimentSpecificPositionBias":true,"minSize":-1,"experimentSpecificActivity":true,"optimizeSize":false}]}}
{"metadata":{"timeStamp":"2023-04-02 01:23:28.313","logLikelihoodPerRead":1.4498445290081596,"logLikelihood":572610.4219957994,"gradientCalls":597,"fitSteps":587,"regularization":0.004635961909655906,"functionCalls":0,"fitter":"proBound","fitName":"component2-2-variation0","fitTime":101.323,"dataLoops":597},"optimizerSetting":{"output":{"outputPath":"/mnt/e/desktop/HB_Rotation_1/ProBound_run/Srebf1__Jolma2013/result","baseName":"fit"},"nThreads":12,"likelihoodThreshold":2.0E-4,"lbfgsSettings":{"memory":100,"convergence":1.0E-7,"MCSearch":true,"maxIters":2000},"lambdaL2":1.0E-6,"fixedLibrarySize":false,"expBound":40,"nRetries":3,"hkSettings":{"epsilon":1.0E-7,"kickFinal":false,"fdDelta":1.0E-4,"kickAll":false,"maxIters":200,"evCutoff":1.0E-9}},"modelSettings":{"enrichmentModel":[{"variationsOptimized":false,"bindingSaturation":false,"cumulativeEnrichment":true,"concentration":1,"modelType":"SELEX","bindingModeInteractions":[],"componentName":"SELEX enrichment model 0","freezingLevel":0,"includeComponent":true,"bindingModes":[0,1,2],"variationDescription":[],"modifications":[]}],"letterOrder":"ACGT","countTable":[{"leftFlank":"CGGAGTCGGCAAGCAGAAGACGGCATACGATCG","variationsOptimized":true,"transliterate":{"in":[],"out":[]},"variableRegionLength":20,"countTableFile":"/mnt/e/countTables/Jolma2013/Srebf1_ESZ_TACATT20NCG.100000.tsv","modeledColumns":[0,1,2,3,4],"inputFileType":"tsv","nColumns":5,"rightFlank":"AATGTAGATCGGAAGAGCGTCG","componentName":"Count table 0","freezingLevel":0,"includeComponent":true,"variationDescription":[]}],"bindingModeInteractions":[],"bindingModes":[{"variationsOptimized":true,"fitLogActivity":true,"flankLength":0,"singleStrand":false,"variationName":"0;0;0","size":0,"dinucleotideDistance":0,"componentName":"Binding mode 0","freezingLevel":0,"positionBias":false,"includeComponent":true,"variationDescription":[{"variationName":"0;0;0","descriptionString":"Initial model."}],"modifications":[]},{"variationsOptimized":true,"fitLogActivity":true,"flankLength":2,"singleStrand":false,"variationName":"12;2;0","size":12,"dinucleotideDistance":0,"componentName":"Binding mode 1","freezingLevel":0,"positionBias":false,"includeComponent":true,"variationDescription":[{"variationName":"12;1;0","descriptionString":"Increases flank length."},{"variationName":"12;3;0","descriptionString":"Increases flank length."},{"variationName":"12;0;0","descriptionString":"Initial model."},{"variationName":"12;2;0","descriptionString":"Increases flank length."}],"modifications":[]},{"variationsOptimized":false,"fitLogActivity":true,"flankLength":0,"singleStrand":false,"variationName":"16;0;0","size":16,"dinucleotideDistance":0,"componentName":"Binding mode 2","freezingLevel":0,"positionBias":false,"includeComponent":true,"variationDescription":[{"variationName":"16;0;0","descriptionString":"Initial model."}],"modifications":[]}],"letterComplement":"C-G,A-T"},"coefficients":{"enrichmentModel":[{}],"countTable":[{"h":[-0.301855100235998,0.641849009461335,0.30240891596257635,0.005450642099794539,-0.6478534672823111]}],"bindingModeInteractions":[],"bindingModes":[{"mononucleotide":[],"activity":[[-2.123646936335942E-7,1.1864678480253839,0.4086023900968168,0.09855027806526302,0.4329738948388526]],"dinucleotide":[],"modifications":[]},{"mononucleotide":[-0.7416213627972661,-0.6927031545507446,-0.5726129513242617,-0.6815594618135425,-0.18379307721917182,-0.9986206357475728,-0.30421705689024414,-1.2018661606291445,-0.8867981198057041,-0.915695151717125,-1.3056871726332204,0.41968351367058254,-1.3635999504617082,0.45052024836606,-0.24102313614695509,-1.5344881992863595,0.41416481203275574,-1.3076750622700406,-0.3752957685150222,-1.4197850187834746,-1.7723058158331575,0.48245483135322387,-0.5979051641329148,-0.8007407818725484,-0.8007407818725484,-0.5979051641329148,0.48245483135322387,-1.7723058158331575,-1.4197850187834746,-0.3752957685150222,-1.3076750622700406,0.41416481203275574,-1.5344881992863595,-0.24102313614695509,0.45052024836606,-1.3635999504617082,0.41968351367058254,-1.3056871726332204,-0.915695151717125,-0.8867981198057041,-1.2018661606291445,-0.30421705689024414,-0.9986206357475728,-0.18379307721917182,-0.6815594618135425,-0.5726129513242617,-0.6927031545507446,-0.7416213627972661],"activity":[[3.958739070817009E-5,-0.7892873859051598,-0.5506154408583402,-0.48386171110301124,-0.8932517902538957]],"dinucleotide":[],"modifications":[]},{"mononucleotide":[-0.6619141646928688,0.18696661083775423,-0.25124734841467966,-0.5411788248606593,-0.40917006360686575,-0.3286537700063573,0.06363421309544619,-0.5931841066135559,-0.534098978712972,-0.31985193684411556,-0.5669281558756054,0.153505344301891,-0.5400079068425291,-0.2677581273298901,0.0760626969788706,-0.5356703899377048,0.10410936938372951,-0.2576163127403121,-0.5468882438036469,-0.5669785399711571,-0.633010126006835,-0.1615834541454337,-0.41682162635258646,-0.055958520626446615,-0.4406475752595936,-0.21584821405413832,-0.15845354040590467,-0.4524243974111729,-0.4272170455516399,-0.2768354861694139,-0.3112861652496162,-0.2520350301608817,-0.2520350301608817,-0.3112861652496162,-0.2768354861694139,-0.4272170455516399,-0.4524243974111729,-0.15845354040590467,-0.21584821405413832,-0.4406475752595936,-0.055958520626446615,-0.41682162635258646,-0.1615834541454337,-0.633010126006835,-0.5669785399711571,-0.5468882438036469,-0.2576163127403121,0.10410936938372951,-0.5356703899377048,0.0760626969788706,-0.2677581273298901,-0.5400079068425291,0.153505344301891,-0.5669281558756054,-0.31985193684411556,-0.534098978712972,-0.5931841066135559,0.06363421309544619,-0.3286537700063573,-0.40917006360686575,-0.5411788248606593,-0.25124734841467966,0.18696661083775423,-0.6619141646928688],"activity":[[-0.013561405445950676,-2.029025636961419,-0.43625598305120716,0.4054210659476077,0.8167569537598434]],"dinucleotide":[],"modifications":[]}]},"modelFittingConstraints":{"enrichmentModel":[{"trySaturation":false}],"countTable":[{}],"bindingModes":[{"maxFlankLength":-1,"positionBiasBinWidth":1,"optimizeSizeHeuristic":false,"maxSize":-1,"optimizeFlankLength":false,"symmetryString":"null","roundSpecificActivity":true,"informationThreshold":0.1,"optimizeMotifShift":false,"fittingStages":[],"optimizeMotifShiftHeuristic":false,"experimentSpecificPositionBias":true,"minSize":-1,"experimentSpecificActivity":true,"optimizeSize":false},{"maxFlankLength":-1,"positionBiasBinWidth":1,"optimizeSizeHeuristic":false,"maxSize":-1,"optimizeFlankLength":false,"symmetryString":"abcdefFEDCBA","roundSpecificActivity":true,"informationThreshold":0.1,"optimizeMotifShift":false,"fittingStages":[{"optimizeFlankLength":true},{"optimizeMotifShift":false},{"optimizeMotifShiftHeuristic":false}],"optimizeMotifShiftHeuristic":false,"experimentSpecificPositionBias":true,"minSize":-1,"experimentSpecificActivity":true,"optimizeSize":false},{"maxFlankLength":-1,"positionBiasBinWidth":1,"optimizeSizeHeuristic":false,"maxSize":-1,"optimizeFlankLength":true,"symmetryString":"abcdefghHGFEDCBA","roundSpecificActivity":true,"informationThreshold":0.1,"optimizeMotifShift":false,"fittingStages":[{"optimizeFlankLength":true},{"optimizeMotifShift":false},{"optimizeMotifShiftHeuristic":false}],"optimizeMotifShiftHeuristic":false,"experimentSpecificPositionBias":true,"minSize":-1,"experimentSpecificActivity":true,"optimizeSize":false}]}}
{"metadata":{"timeStamp":"2023-04-02 01:23:39.87","logLikelihoodPerRead":1.450038915029633,"logLikelihood":572676.1694342135,"gradientCalls":653,"fitSteps":641,"regularization":0.00466440830165187,"functionCalls":0,"fitter":"proBound","fitName":"component2-2-variation1","fitTime":112.88,"dataLoops":653},"optimizerSetting":{"output":{"outputPath":"/mnt/e/desktop/HB_Rotation_1/ProBound_run/Srebf1__Jolma2013/result","baseName":"fit"},"nThreads":12,"likelihoodThreshold":2.0E-4,"lbfgsSettings":{"memory":100,"convergence":1.0E-7,"MCSearch":true,"maxIters":2000},"lambdaL2":1.0E-6,"fixedLibrarySize":false,"expBound":40,"nRetries":3,"hkSettings":{"epsilon":1.0E-7,"kickFinal":false,"fdDelta":1.0E-4,"kickAll":false,"maxIters":200,"evCutoff":1.0E-9}},"modelSettings":{"enrichmentModel":[{"variationsOptimized":false,"bindingSaturation":false,"cumulativeEnrichment":true,"concentration":1,"modelType":"SELEX","bindingModeInteractions":[],"componentName":"SELEX enrichment model 0","freezingLevel":0,"includeComponent":true,"bindingModes":[0,1,2],"variationDescription":[],"modifications":[]}],"letterOrder":"ACGT","countTable":[{"leftFlank":"CGGAGTCGGCAAGCAGAAGACGGCATACGATCG","variationsOptimized":true,"transliterate":{"in":[],"out":[]},"variableRegionLength":20,"countTableFile":"/mnt/e/countTables/Jolma2013/Srebf1_ESZ_TACATT20NCG.100000.tsv","modeledColumns":[0,1,2,3,4],"inputFileType":"tsv","nColumns":5,"rightFlank":"AATGTAGATCGGAAGAGCGTCG","componentName":"Count table 0","freezingLevel":0,"includeComponent":true,"variationDescription":[]}],"bindingModeInteractions":[],"bindingModes":[{"variationsOptimized":true,"fitLogActivity":true,"flankLength":0,"singleStrand":false,"variationName":"0;0;0","size":0,"dinucleotideDistance":0,"componentName":"Binding mode 0","freezingLevel":0,"positionBias":false,"includeComponent":true,"variationDescription":[{"variationName":"0;0;0","descriptionString":"Initial model."}],"modifications":[]},{"variationsOptimized":true,"fitLogActivity":true,"flankLength":2,"singleStrand":false,"variationName":"12;2;0","size":12,"dinucleotideDistance":0,"componentName":"Binding mode 1","freezingLevel":0,"positionBias":false,"includeComponent":true,"variationDescription":[{"variationName":"12;1;0","descriptionString":"Increases flank length."},{"variationName":"12;3;0","descriptionString":"Increases flank length."},{"variationName":"12;0;0","descriptionString":"Initial model."},{"variationName":"12;2;0","descriptionString":"Increases flank length."}],"modifications":[]},{"variationsOptimized":false,"fitLogActivity":true,"flankLength":1,"singleStrand":false,"variationName":"16;0;0","size":16,"dinucleotideDistance":0,"componentName":"Binding mode 2","freezingLevel":0,"positionBias":false,"includeComponent":true,"variationDescription":[{"variationName":"16;1;0","descriptionString":"Increases flank length."},{"variationName":"16;0;0","descriptionString":"Initial model."}],"modifications":[]}],"letterComplement":"C-G,A-T"},"coefficients":{"enrichmentModel":[{}],"countTable":[{"h":[-0.3154582265420114,0.6287747239495304,0.2978347024375776,0.020228876327057017,-0.6313800761668233]}],"bindingModeInteractions":[],"bindingModes":[{"mononucleotide":[],"activity":[[-2.123646936335942E-7,1.1864678480253839,0.4086023900968168,0.09855027806526302,0.4329738948388526]],"dinucleotide":[],"modifications":[]},{"mononucleotide":[-0.7416213627972661,-0.6927031545507446,-0.5726129513242617,-0.6815594618135425,-0.18379307721917182,-0.9986206357475728,-0.30421705689024414,-1.2018661606291445,-0.8867981198057041,-0.915695151717125,-1.3056871726332204,0.41968351367058254,-1.3635999504617082,0.45052024836606,-0.24102313614695509,-1.5344881992863595,0.41416481203275574,-1.3076750622700406,-0.3752957685150222,-1.4197850187834746,-1.7723058158331575,0.48245483135322387,-0.5979051641329148,-0.8007407818725484,-0.8007407818725484,-0.5979051641329148,0.48245483135322387,-1.7723058158331575,-1.4197850187834746,-0.3752957685150222,-1.3076750622700406,0.41416481203275574,-1.5344881992863595,-0.24102313614695509,0.45052024836606,-1.3635999504617082,0.41968351367058254,-1.3056871726332204,-0.915695151717125,-0.8867981198057041,-1.2018661606291445,-0.30421705689024414,-0.9986206357475728,-0.18379307721917182,-0.6815594618135425,-0.5726129513242617,-0.6927031545507446,-0.7416213627972661],"activity":[[3.958739070817009E-5,-0.7892873859051598,-0.5506154408583402,-0.48386171110301124,-0.8932517902538957]],"dinucleotide":[],"modifications":[]},{"mononucleotide":[-0.6552707210485038,0.29464961793743955,-0.33445802517618367,-0.7022700729848015,-0.4807740028185281,-0.3028198954192066,0.09616318922453398,-0.7099184922595799,-0.6531942871325587,-0.34616685902186467,-0.555615679425217,0.15762762430722485,-0.6026435717174948,-0.34129961098779316,0.09082496212829769,-0.5442309806957766,0.0917812012303733,-0.34320151641450825,-0.5677016599531299,-0.5782272261356938,-0.6358213253017667,-0.19392533901362352,-0.517054317721889,-0.050548219235521316,-0.44219456210013885,-0.18583471854595743,-0.23677939825826624,-0.53254052236802,-0.45863860910569293,-0.2747712729920744,-0.3103521679462707,-0.35358715122901074,-0.35358715122901074,-0.3103521679462707,-0.2747712729920744,-0.45863860910569293,-0.53254052236802,-0.23677939825826624,-0.18583471854595743,-0.44219456210013885,-0.050548219235521316,-0.517054317721889,-0.19392533901362352,-0.6358213253017667,-0.5782272261356938,-0.5677016599531299,-0.34320151641450825,0.0917812012303733,-0.5442309806957766,0.09082496212829769,-0.34129961098779316,-0.6026435717174948,0.15762762430722485,-0.555615679425217,-0.34616685902186467,-0.6531942871325587,-0.7099184922595799,0.09616318922453398,-0.3028198954192066,-0.4807740028185281,-0.7022700729848015,-0.33445802517618367,0.29464961793743955,-0.6552707210485038],"activity":[[-0.012590461091456093,-2.035203811079805,-0.5509912098875386,0.34582006268036675,0.9261674521164511]],"dinucleotide":[],"modifications":[]}]},"modelFittingConstraints":{"enrichmentModel":[{"trySaturation":false}],"countTable":[{}],"bindingModes":[{"maxFlankLength":-1,"positionBiasBinWidth":1,"optimizeSizeHeuristic":false,"maxSize":-1,"optimizeFlankLength":false,"symmetryString":"null","roundSpecificActivity":true,"informationThreshold":0.1,"optimizeMotifShift":false,"fittingStages":[],"optimizeMotifShiftHeuristic":false,"experimentSpecificPositionBias":true,"minSize":-1,"experimentSpecificActivity":true,"optimizeSize":false},{"maxFlankLength":-1,"positionBiasBinWidth":1,"optimizeSizeHeuristic":false,"maxSize":-1,"optimizeFlankLength":false,"symmetryString":"abcdefFEDCBA","roundSpecificActivity":true,"informationThreshold":0.1,"optimizeMotifShift":false,"fittingStages":[{"optimizeFlankLength":true},{"optimizeMotifShift":false},{"optimizeMotifShiftHeuristic":false}],"optimizeMotifShiftHeuristic":false,"experimentSpecificPositionBias":true,"minSize":-1,"experimentSpecificActivity":true,"optimizeSize":false},{"maxFlankLength":-1,"positionBiasBinWidth":1,"optimizeSizeHeuristic":false,"maxSize":-1,"optimizeFlankLength":true,"symmetryString":"abcdefghHGFEDCBA","roundSpecificActivity":true,"informationThreshold":0.1,"optimizeMotifShift":false,"fittingStages":[{"optimizeFlankLength":true},{"optimizeMotifShift":false},{"optimizeMotifShiftHeuristic":false}],"optimizeMotifShiftHeuristic":false,"experimentSpecificPositionBias":true,"minSize":-1,"experimentSpecificActivity":true,"optimizeSize":false}]}}
{"metadata":{"timeStamp":"2023-04-02 01:24:17.896","logLikelihoodPerRead":1.453560289829347,"logLikelihood":572540.8214722265,"gradientCalls":779,"fitSteps":764,"regularization":0.008527387142593724,"functionCalls":0,"fitter":"proBound","fitName":"component2-4-all","fitTime":150.906,"dataLoops":779},"optimizerSetting":{"output":{"outputPath":"/mnt/e/desktop/HB_Rotation_1/ProBound_run/Srebf1__Jolma2013/result","baseName":"fit"},"nThreads":12,"likelihoodThreshold":2.0E-4,"lbfgsSettings":{"memory":100,"convergence":1.0E-7,"MCSearch":true,"maxIters":2000},"lambdaL2":1.0E-6,"fixedLibrarySize":false,"expBound":40,"nRetries":3,"hkSettings":{"epsilon":1.0E-7,"kickFinal":false,"fdDelta":1.0E-4,"kickAll":false,"maxIters":200,"evCutoff":1.0E-9}},"modelSettings":{"enrichmentModel":[{"variationsOptimized":false,"bindingSaturation":false,"cumulativeEnrichment":true,"concentration":1,"modelType":"SELEX","bindingModeInteractions":[],"componentName":"SELEX enrichment model 0","freezingLevel":0,"includeComponent":true,"bindingModes":[0,1,2],"variationDescription":[],"modifications":[]}],"letterOrder":"ACGT","countTable":[{"leftFlank":"CGGAGTCGGCAAGCAGAAGACGGCATACGATCG","variationsOptimized":true,"transliterate":{"in":[],"out":[]},"variableRegionLength":20,"countTableFile":"/mnt/e/countTables/Jolma2013/Srebf1_ESZ_TACATT20NCG.100000.tsv","modeledColumns":[0,1,2,3,4],"inputFileType":"tsv","nColumns":5,"rightFlank":"AATGTAGATCGGAAGAGCGTCG","componentName":"Count table 0","freezingLevel":0,"includeComponent":true,"variationDescription":[]}],"bindingModeInteractions":[],"bindingModes":[{"variationsOptimized":true,"fitLogActivity":true,"flankLength":0,"singleStrand":false,"variationName":"0;0;0","size":0,"dinucleotideDistance":0,"componentName":"Binding mode 0","freezingLevel":0,"positionBias":false,"includeComponent":true,"variationDescription":[{"variationName":"0;0;0","descriptionString":"Initial model."}],"modifications":[]},{"variationsOptimized":true,"fitLogActivity":true,"flankLength":2,"singleStrand":false,"variationName":"12;2;0","size":12,"dinucleotideDistance":0,"componentName":"Binding mode 1","freezingLevel":0,"positionBias":false,"includeComponent":true,"variationDescription":[{"variationName":"12;1;0","descriptionString":"Increases flank length."},{"variationName":"12;3;0","descriptionString":"Increases flank length."},{"variationName":"12;0;0","descriptionString":"Initial model."},{"variationName":"12;2;0","descriptionString":"Increases flank length."}],"modifications":[]},{"variationsOptimized":true,"fitLogActivity":true,"flankLength":0,"singleStrand":false,"variationName":"16;0;0","size":16,"dinucleotideDistance":0,"componentName":"Binding mode 2","freezingLevel":0,"positionBias":false,"includeComponent":true,"variationDescription":[{"variationName":"16;1;0","descriptionString":"Increases flank length."},{"variationName":"16;0;0","descriptionString":"Initial model."}],"modifications":[]}],"letterComplement":"C-G,A-T"},"coefficients":{"enrichmentModel":[{}],"countTable":[{"h":[0.07106954621329194,0.46324377671930167,0.059853258356271144,-0.08447287512918332,-0.5096937061573038]}],"bindingModeInteractions":[],"bindingModes":[{"mononucleotide":[],"activity":[[-7.128381863535303E-11,1.7359954398864643,0.4637304115265321,-0.0953360610095602,0.13089041132661847]],"dinucleotide":[],"modifications":[]},{"mononucleotide":[-0.7243408945194363,-0.7676094366694957,-0.6070901761809026,-0.6744708337856568,-0.10776349459139876,-1.0849613556334465,-0.2970472144777398,-1.2837392764512143,-0.7519655050024272,-1.0702578872461137,-1.5018681426935963,0.5505801937903027,-1.3190345954515132,0.41756370750577904,-0.3546952681532607,-1.517310909004852,0.5198149317196731,-1.5806195637775278,-0.34186022290397977,-1.370812210138254,-1.611799612648584,0.4219262328617794,-0.7233875784688265,-0.8602503828962427,-0.8602503828962427,-0.7233875784688265,0.4219262328617794,-1.611799612648584,-1.370812210138254,-0.34186022290397977,-1.5806195637775278,0.5198149317196731,-1.517310909004852,-0.3546952681532607,0.41756370750577904,-1.3190345954515132,0.5505801937903027,-1.5018681426935963,-1.0702578872461137,-0.7519655050024272,-1.2837392764512143,-0.2970472144777398,-1.0849613556334465,-0.10776349459139876,-0.6744708337856568,-0.6070901761809026,-0.7676094366694957,-0.7243408945194363],"activity":[[1.3282700666890772E-8,-0.06280716240151551,-0.621060796518244,-0.7562824119410141,-1.339010436338129]],"dinucleotide":[],"modifications":[]},{"mononucleotide":[-0.5811547578799432,0.12706966938498085,-0.23227783962377918,-0.47487922225596446,-0.3525112528675797,-0.31828392630211677,0.02473540049907657,-0.5151823717045013,-0.4617109632038627,-0.30117215030476857,-0.5134634888960262,0.11510445202840626,-0.4654345539823735,-0.24219283029633729,0.037215321197839296,-0.49083008729457683,0.068815893473382,-0.22997030827893622,-0.4725176264553045,-0.5275701091140346,-0.5823130056143302,-0.15073930717279116,-0.34931688190961685,-0.07887295567879203,-0.4126974609481748,-0.2106462173340462,-0.12638663920045887,-0.411511832892944,-0.39492863518147114,-0.25920287428592553,-0.2809358669417587,-0.22617477396644334,-0.22617477396644334,-0.2809358669417587,-0.25920287428592553,-0.39492863518147114,-0.411511832892944,-0.12638663920045887,-0.2106462173340462,-0.4126974609481748,-0.07887295567879203,-0.34931688190961685,-0.15073930717279116,-0.5823130056143302,-0.5275701091140346,-0.4725176264553045,-0.22997030827893622,0.068815893473382,-0.49083008729457683,0.037215321197839296,-0.24219283029633729,-0.4654345539823735,0.11510445202840626,-0.5134634888960262,-0.30117215030476857,-0.4617109632038627,-0.5151823717045013,0.02473540049907657,-0.31828392630211677,-0.3525112528675797,-0.47487922225596446,-0.23227783962377918,0.12706966938498085,-0.5811547578799432],"activity":[[-4.55023870809532E-6,-1.7449066353415121,-0.3770628860468998,0.2576741835056885,0.6987633010891369]],"dinucleotide":[],"modifications":[]}]},"modelFittingConstraints":{"enrichmentModel":[{"trySaturation":false}],"countTable":[{}],"bindingModes":[{"maxFlankLength":-1,"positionBiasBinWidth":1,"optimizeSizeHeuristic":false,"maxSize":-1,"optimizeFlankLength":false,"symmetryString":"null","roundSpecificActivity":true,"informationThreshold":0.1,"optimizeMotifShift":false,"fittingStages":[],"optimizeMotifShiftHeuristic":false,"experimentSpecificPositionBias":true,"minSize":-1,"experimentSpecificActivity":true,"optimizeSize":false},{"maxFlankLength":-1,"positionBiasBinWidth":1,"optimizeSizeHeuristic":false,"maxSize":-1,"optimizeFlankLength":false,"symmetryString":"abcdefFEDCBA","roundSpecificActivity":true,"informationThreshold":0.1,"optimizeMotifShift":false,"fittingStages":[{"optimizeFlankLength":true},{"optimizeMotifShift":false},{"optimizeMotifShiftHeuristic":false}],"optimizeMotifShiftHeuristic":false,"experimentSpecificPositionBias":true,"minSize":-1,"experimentSpecificActivity":true,"optimizeSize":false},{"maxFlankLength":-1,"positionBiasBinWidth":1,"optimizeSizeHeuristic":false,"maxSize":-1,"optimizeFlankLength":false,"symmetryString":"abcdefghHGFEDCBA","roundSpecificActivity":true,"informationThreshold":0.1,"optimizeMotifShift":false,"fittingStages":[{"optimizeFlankLength":true},{"optimizeMotifShift":false},{"optimizeMotifShiftHeuristic":false}],"optimizeMotifShiftHeuristic":false,"experimentSpecificPositionBias":true,"minSize":-1,"experimentSpecificActivity":true,"optimizeSize":false}]}}
