{"metadata":{"timeStamp":"2023-04-02 01:24:22.43","logLikelihoodPerRead":1.610129988421754,"logLikelihood":804718.9584759957,"gradientCalls":23,"fitSteps":19,"regularization":6.920714697627106E-4,"functionCalls":0,"fitter":"proBound","fitName":"component0-0-h","fitTime":1.659,"dataLoops":23},"optimizerSetting":{"output":{"outputPath":"/mnt/e/desktop/HB_Rotation_1/ProBound_run/Srebf1__Yang2017/result","baseName":"fit"},"nThreads":12,"likelihoodThreshold":2.0E-4,"lbfgsSettings":{"memory":100,"convergence":1.0E-7,"MCSearch":true,"maxIters":2000},"lambdaL2":1.0E-6,"fixedLibrarySize":false,"expBound":40,"nRetries":3,"hkSettings":{"epsilon":1.0E-7,"kickFinal":false,"fdDelta":1.0E-4,"kickAll":false,"maxIters":200,"evCutoff":1.0E-9}},"modelSettings":{"enrichmentModel":[{"variationsOptimized":false,"bindingSaturation":false,"cumulativeEnrichment":true,"concentration":1,"modelType":"SELEX","bindingModeInteractions":[],"componentName":"SELEX enrichment model 0","freezingLevel":0,"includeComponent":true,"bindingModes":[0,1,2],"variationDescription":[],"modifications":[]}],"letterOrder":"ACGT","countTable":[{"leftFlank":"CGGAGTCGGCAAGCAGAAGACGGCATACGATCG","variationsOptimized":true,"transliterate":{"in":[],"out":[]},"variableRegionLength":20,"countTableFile":"/mnt/e/countTables/Yang2017/Srebf1_ESZ_TACATT20NCG.100000.tsv","modeledColumns":[0,1,2,3,4],"inputFileType":"tsv","nColumns":5,"rightFlank":"AATGTAGATCGGAAGAGCGTCG","componentName":"Count table 0","freezingLevel":0,"includeComponent":true,"variationDescription":[]}],"bindingModeInteractions":[],"bindingModes":[{"variationsOptimized":false,"fitLogActivity":true,"flankLength":0,"singleStrand":false,"variationName":"0;0;0","size":0,"dinucleotideDistance":0,"componentName":"Binding mode 0","freezingLevel":0,"positionBias":false,"includeComponent":true,"variationDescription":[],"modifications":[]},{"variationsOptimized":false,"fitLogActivity":true,"flankLength":0,"singleStrand":false,"variationName":"12;0;0","size":12,"dinucleotideDistance":0,"componentName":"Binding mode 1","freezingLevel":0,"positionBias":false,"includeComponent":false,"variationDescription":[],"modifications":[]},{"variationsOptimized":false,"fitLogActivity":true,"flankLength":0,"singleStrand":false,"variationName":"16;0;0","size":16,"dinucleotideDistance":0,"componentName":"Binding mode 2","freezingLevel":0,"positionBias":false,"includeComponent":false,"variationDescription":[],"modifications":[]}],"letterComplement":"C-G,A-T"},"coefficients":{"enrichmentModel":[{}],"countTable":[{"h":[-13.466669063481545,-6.733335003262523,-4.334573395950691E-9,6.7333346474649005,13.466669490629707]}],"bindingModeInteractions":[],"bindingModes":[{"mononucleotide":[],"activity":[[-6.733401891837359,-6.733401891837359,-6.733401891837359,-6.733401891837359,-6.733401891837359]],"dinucleotide":[],"modifications":[]},{"mononucleotide":[0,0,0,0,0,0,0,0,0,0,0,0,-1,0,-1,-1,0,-1,-1,-1,0,0,0,0,0,0,0,0,-1,-1,-1,0,-1,-1,0,-1,0,0,0,0,0,0,0,0,0,0,0,0],"activity":[[0,0,0,0,0]],"dinucleotide":[],"modifications":[]},{"mononucleotide":[0,0,0,0,0,0,0,0,0,0,0,0,0,0,0,0,0,0,0,0,0,0,0,0,0,0,0,0,0,0,0,0,0,0,0,0,0,0,0,0,0,0,0,0,0,0,0,0,0,0,0,0,0,0,0,0,0,0,0,0,0,0,0,0],"activity":[[0,0,0,0,0]],"dinucleotide":[],"modifications":[]}]},"modelFittingConstraints":{"enrichmentModel":[{"trySaturation":false}],"countTable":[{}],"bindingModes":[{"maxFlankLength":-1,"positionBiasBinWidth":1,"optimizeSizeHeuristic":false,"maxSize":-1,"optimizeFlankLength":false,"symmetryString":"null","roundSpecificActivity":true,"informationThreshold":0.1,"optimizeMotifShift":false,"fittingStages":[],"optimizeMotifShiftHeuristic":false,"experimentSpecificPositionBias":true,"minSize":-1,"experimentSpecificActivity":true,"optimizeSize":false},{"maxFlankLength":-1,"positionBiasBinWidth":1,"optimizeSizeHeuristic":false,"maxSize":-1,"optimizeFlankLength":true,"symmetryString":"abcdefFEDCBA","roundSpecificActivity":true,"informationThreshold":0.1,"optimizeMotifShift":false,"fittingStages":[{"optimizeFlankLength":true},{"optimizeMotifShift":false},{"optimizeMotifShiftHeuristic":false}],"optimizeMotifShiftHeuristic":false,"experimentSpecificPositionBias":true,"minSize":-1,"experimentSpecificActivity":true,"optimizeSize":false},{"maxFlankLength":-1,"positionBiasBinWidth":1,"optimizeSizeHeuristic":false,"maxSize":-1,"optimizeFlankLength":true,"symmetryString":"abcdefghHGFEDCBA","roundSpecificActivity":true,"informationThreshold":0.1,"optimizeMotifShift":false,"fittingStages":[{"optimizeFlankLength":true},{"optimizeMotifShift":false},{"optimizeMotifShiftHeuristic":false}],"optimizeMotifShiftHeuristic":false,"experimentSpecificPositionBias":true,"minSize":-1,"experimentSpecificActivity":true,"optimizeSize":false}]}}
{"metadata":{"timeStamp":"2023-04-02 01:24:24.633","logLikelihoodPerRead":1.6094499124343615,"logLikelihood":804718.9562171807,"gradientCalls":46,"fitSteps":39,"regularization":1.2000000000203281E-5,"functionCalls":0,"fitter":"proBound","fitName":"component0-1-f0","fitTime":3.862,"dataLoops":46},"optimizerSetting":{"output":{"outputPath":"/mnt/e/desktop/HB_Rotation_1/ProBound_run/Srebf1__Yang2017/result","baseName":"fit"},"nThreads":12,"likelihoodThreshold":2.0E-4,"lbfgsSettings":{"memory":100,"convergence":1.0E-7,"MCSearch":true,"maxIters":2000},"lambdaL2":1.0E-6,"fixedLibrarySize":false,"expBound":40,"nRetries":3,"hkSettings":{"epsilon":1.0E-7,"kickFinal":false,"fdDelta":1.0E-4,"kickAll":false,"maxIters":200,"evCutoff":1.0E-9}},"modelSettings":{"enrichmentModel":[{"variationsOptimized":false,"bindingSaturation":false,"cumulativeEnrichment":true,"concentration":1,"modelType":"SELEX","bindingModeInteractions":[],"componentName":"SELEX enrichment model 0","freezingLevel":0,"includeComponent":true,"bindingModes":[0,1,2],"variationDescription":[],"modifications":[]}],"letterOrder":"ACGT","countTable":[{"leftFlank":"CGGAGTCGGCAAGCAGAAGACGGCATACGATCG","variationsOptimized":true,"transliterate":{"in":[],"out":[]},"variableRegionLength":20,"countTableFile":"/mnt/e/countTables/Yang2017/Srebf1_ESZ_TACATT20NCG.100000.tsv","modeledColumns":[0,1,2,3,4],"inputFileType":"tsv","nColumns":5,"rightFlank":"AATGTAGATCGGAAGAGCGTCG","componentName":"Count table 0","freezingLevel":0,"includeComponent":true,"variationDescription":[]}],"bindingModeInteractions":[],"bindingModes":[{"variationsOptimized":false,"fitLogActivity":true,"flankLength":0,"singleStrand":false,"variationName":"0;0;0","size":0,"dinucleotideDistance":0,"componentName":"Binding mode 0","freezingLevel":0,"positionBias":false,"includeComponent":true,"variationDescription":[],"modifications":[]},{"variationsOptimized":false,"fitLogActivity":true,"flankLength":0,"singleStrand":false,"variationName":"12;0;0","size":12,"dinucleotideDistance":0,"componentName":"Binding mode 1","freezingLevel":0,"positionBias":false,"includeComponent":false,"variationDescription":[],"modifications":[]},{"variationsOptimized":false,"fitLogActivity":true,"flankLength":0,"singleStrand":false,"variationName":"16;0;0","size":16,"dinucleotideDistance":0,"componentName":"Binding mode 2","freezingLevel":0,"positionBias":false,"includeComponent":false,"variationDescription":[],"modifications":[]}],"letterComplement":"C-G,A-T"},"coefficients":{"enrichmentModel":[{}],"countTable":[{"h":[-5.4864571651117646E-6,-2.878500330355592E-6,-7.029586623317083E-8,2.9272377019979174E-6,5.508945882471864E-6]}],"bindingModeInteractions":[],"bindingModes":[{"mononucleotide":[],"activity":[[-3.203356125618012E-6,-2.6285319898417146E-6,-2.9534380269745657E-6,-2.8837602780014564E-6,-2.606745834455226E-6]],"dinucleotide":[],"modifications":[]},{"mononucleotide":[0,0,0,0,0,0,0,0,0,0,0,0,-1,0,-1,-1,0,-1,-1,-1,0,0,0,0,0,0,0,0,-1,-1,-1,0,-1,-1,0,-1,0,0,0,0,0,0,0,0,0,0,0,0],"activity":[[0,0,0,0,0]],"dinucleotide":[],"modifications":[]},{"mononucleotide":[0,0,0,0,0,0,0,0,0,0,0,0,0,0,0,0,0,0,0,0,0,0,0,0,0,0,0,0,0,0,0,0,0,0,0,0,0,0,0,0,0,0,0,0,0,0,0,0,0,0,0,0,0,0,0,0,0,0,0,0,0,0,0,0],"activity":[[0,0,0,0,0]],"dinucleotide":[],"modifications":[]}]},"modelFittingConstraints":{"enrichmentModel":[{"trySaturation":false}],"countTable":[{}],"bindingModes":[{"maxFlankLength":-1,"positionBiasBinWidth":1,"optimizeSizeHeuristic":false,"maxSize":-1,"optimizeFlankLength":false,"symmetryString":"null","roundSpecificActivity":true,"informationThreshold":0.1,"optimizeMotifShift":false,"fittingStages":[],"optimizeMotifShiftHeuristic":false,"experimentSpecificPositionBias":true,"minSize":-1,"experimentSpecificActivity":true,"optimizeSize":false},{"maxFlankLength":-1,"positionBiasBinWidth":1,"optimizeSizeHeuristic":false,"maxSize":-1,"optimizeFlankLength":true,"symmetryString":"abcdefFEDCBA","roundSpecificActivity":true,"informationThreshold":0.1,"optimizeMotifShift":false,"fittingStages":[{"optimizeFlankLength":true},{"optimizeMotifShift":false},{"optimizeMotifShiftHeuristic":false}],"optimizeMotifShiftHeuristic":false,"experimentSpecificPositionBias":true,"minSize":-1,"experimentSpecificActivity":true,"optimizeSize":false},{"maxFlankLength":-1,"positionBiasBinWidth":1,"optimizeSizeHeuristic":false,"maxSize":-1,"optimizeFlankLength":true,"symmetryString":"abcdefghHGFEDCBA","roundSpecificActivity":true,"informationThreshold":0.1,"optimizeMotifShift":false,"fittingStages":[{"optimizeFlankLength":true},{"optimizeMotifShift":false},{"optimizeMotifShiftHeuristic":false}],"optimizeMotifShiftHeuristic":false,"experimentSpecificPositionBias":true,"minSize":-1,"experimentSpecificActivity":true,"optimizeSize":false}]}}
{"metadata":{"timeStamp":"2023-04-02 01:24:24.663","logLikelihoodPerRead":1.6094499124343613,"logLikelihood":804718.9562171806,"gradientCalls":47,"fitSteps":42,"regularization":1.2000000000203281E-5,"functionCalls":0,"fitter":"proBound","fitName":"component0-2-variation0","fitTime":3.892,"dataLoops":47},"optimizerSetting":{"output":{"outputPath":"/mnt/e/desktop/HB_Rotation_1/ProBound_run/Srebf1__Yang2017/result","baseName":"fit"},"nThreads":12,"likelihoodThreshold":2.0E-4,"lbfgsSettings":{"memory":100,"convergence":1.0E-7,"MCSearch":true,"maxIters":2000},"lambdaL2":1.0E-6,"fixedLibrarySize":false,"expBound":40,"nRetries":3,"hkSettings":{"epsilon":1.0E-7,"kickFinal":false,"fdDelta":1.0E-4,"kickAll":false,"maxIters":200,"evCutoff":1.0E-9}},"modelSettings":{"enrichmentModel":[{"variationsOptimized":false,"bindingSaturation":false,"cumulativeEnrichment":true,"concentration":1,"modelType":"SELEX","bindingModeInteractions":[],"componentName":"SELEX enrichment model 0","freezingLevel":0,"includeComponent":true,"bindingModes":[0,1,2],"variationDescription":[],"modifications":[]}],"letterOrder":"ACGT","countTable":[{"leftFlank":"CGGAGTCGGCAAGCAGAAGACGGCATACGATCG","variationsOptimized":true,"transliterate":{"in":[],"out":[]},"variableRegionLength":20,"countTableFile":"/mnt/e/countTables/Yang2017/Srebf1_ESZ_TACATT20NCG.100000.tsv","modeledColumns":[0,1,2,3,4],"inputFileType":"tsv","nColumns":5,"rightFlank":"AATGTAGATCGGAAGAGCGTCG","componentName":"Count table 0","freezingLevel":0,"includeComponent":true,"variationDescription":[]}],"bindingModeInteractions":[],"bindingModes":[{"variationsOptimized":false,"fitLogActivity":true,"flankLength":0,"singleStrand":false,"variationName":"0;0;0","size":0,"dinucleotideDistance":0,"componentName":"Binding mode 0","freezingLevel":0,"positionBias":false,"includeComponent":true,"variationDescription":[{"variationName":"0;0;0","descriptionString":"Initial model."}],"modifications":[]},{"variationsOptimized":false,"fitLogActivity":true,"flankLength":0,"singleStrand":false,"variationName":"12;0;0","size":12,"dinucleotideDistance":0,"componentName":"Binding mode 1","freezingLevel":0,"positionBias":false,"includeComponent":false,"variationDescription":[],"modifications":[]},{"variationsOptimized":false,"fitLogActivity":true,"flankLength":0,"singleStrand":false,"variationName":"16;0;0","size":16,"dinucleotideDistance":0,"componentName":"Binding mode 2","freezingLevel":0,"positionBias":false,"includeComponent":false,"variationDescription":[],"modifications":[]}],"letterComplement":"C-G,A-T"},"coefficients":{"enrichmentModel":[{}],"countTable":[{"h":[-5.4864571651117646E-6,-2.878500330355592E-6,-7.029586623317083E-8,2.9272377019979174E-6,5.508945882471864E-6]}],"bindingModeInteractions":[],"bindingModes":[{"mononucleotide":[],"activity":[[-3.203356125618012E-6,-2.6285319898417146E-6,-2.9534380269745657E-6,-2.8837602780014564E-6,-2.606745834455226E-6]],"dinucleotide":[],"modifications":[]},{"mononucleotide":[0,0,0,0,0,0,0,0,0,0,0,0,-1,0,-1,-1,0,-1,-1,-1,0,0,0,0,0,0,0,0,-1,-1,-1,0,-1,-1,0,-1,0,0,0,0,0,0,0,0,0,0,0,0],"activity":[[0,0,0,0,0]],"dinucleotide":[],"modifications":[]},{"mononucleotide":[0,0,0,0,0,0,0,0,0,0,0,0,0,0,0,0,0,0,0,0,0,0,0,0,0,0,0,0,0,0,0,0,0,0,0,0,0,0,0,0,0,0,0,0,0,0,0,0,0,0,0,0,0,0,0,0,0,0,0,0,0,0,0,0],"activity":[[0,0,0,0,0]],"dinucleotide":[],"modifications":[]}]},"modelFittingConstraints":{"enrichmentModel":[{"trySaturation":false}],"countTable":[{}],"bindingModes":[{"maxFlankLength":-1,"positionBiasBinWidth":1,"optimizeSizeHeuristic":false,"maxSize":-1,"optimizeFlankLength":false,"symmetryString":"null","roundSpecificActivity":true,"informationThreshold":0.1,"optimizeMotifShift":false,"fittingStages":[],"optimizeMotifShiftHeuristic":false,"experimentSpecificPositionBias":true,"minSize":-1,"experimentSpecificActivity":true,"optimizeSize":false},{"maxFlankLength":-1,"positionBiasBinWidth":1,"optimizeSizeHeuristic":false,"maxSize":-1,"optimizeFlankLength":true,"symmetryString":"abcdefFEDCBA","roundSpecificActivity":true,"informationThreshold":0.1,"optimizeMotifShift":false,"fittingStages":[{"optimizeFlankLength":true},{"optimizeMotifShift":false},{"optimizeMotifShiftHeuristic":false}],"optimizeMotifShiftHeuristic":false,"experimentSpecificPositionBias":true,"minSize":-1,"experimentSpecificActivity":true,"optimizeSize":false},{"maxFlankLength":-1,"positionBiasBinWidth":1,"optimizeSizeHeuristic":false,"maxSize":-1,"optimizeFlankLength":true,"symmetryString":"abcdefghHGFEDCBA","roundSpecificActivity":true,"informationThreshold":0.1,"optimizeMotifShift":false,"fittingStages":[{"optimizeFlankLength":true},{"optimizeMotifShift":false},{"optimizeMotifShiftHeuristic":false}],"optimizeMotifShiftHeuristic":false,"experimentSpecificPositionBias":true,"minSize":-1,"experimentSpecificActivity":true,"optimizeSize":false}]}}
{"metadata":{"timeStamp":"2023-04-02 01:24:25.209","logLikelihoodPerRead":1.6094499124343615,"logLikelihood":804718.9562171807,"gradientCalls":48,"fitSteps":45,"regularization":1.2000000000203281E-5,"functionCalls":0,"fitter":"proBound","fitName":"component0-4-all","fitTime":4.438,"dataLoops":48},"optimizerSetting":{"output":{"outputPath":"/mnt/e/desktop/HB_Rotation_1/ProBound_run/Srebf1__Yang2017/result","baseName":"fit"},"nThreads":12,"likelihoodThreshold":2.0E-4,"lbfgsSettings":{"memory":100,"convergence":1.0E-7,"MCSearch":true,"maxIters":2000},"lambdaL2":1.0E-6,"fixedLibrarySize":false,"expBound":40,"nRetries":3,"hkSettings":{"epsilon":1.0E-7,"kickFinal":false,"fdDelta":1.0E-4,"kickAll":false,"maxIters":200,"evCutoff":1.0E-9}},"modelSettings":{"enrichmentModel":[{"variationsOptimized":false,"bindingSaturation":false,"cumulativeEnrichment":true,"concentration":1,"modelType":"SELEX","bindingModeInteractions":[],"componentName":"SELEX enrichment model 0","freezingLevel":0,"includeComponent":true,"bindingModes":[0,1,2],"variationDescription":[],"modifications":[]}],"letterOrder":"ACGT","countTable":[{"leftFlank":"CGGAGTCGGCAAGCAGAAGACGGCATACGATCG","variationsOptimized":true,"transliterate":{"in":[],"out":[]},"variableRegionLength":20,"countTableFile":"/mnt/e/countTables/Yang2017/Srebf1_ESZ_TACATT20NCG.100000.tsv","modeledColumns":[0,1,2,3,4],"inputFileType":"tsv","nColumns":5,"rightFlank":"AATGTAGATCGGAAGAGCGTCG","componentName":"Count table 0","freezingLevel":0,"includeComponent":true,"variationDescription":[]}],"bindingModeInteractions":[],"bindingModes":[{"variationsOptimized":true,"fitLogActivity":true,"flankLength":0,"singleStrand":false,"variationName":"0;0;0","size":0,"dinucleotideDistance":0,"componentName":"Binding mode 0","freezingLevel":0,"positionBias":false,"includeComponent":true,"variationDescription":[{"variationName":"0;0;0","descriptionString":"Initial model."}],"modifications":[]},{"variationsOptimized":false,"fitLogActivity":true,"flankLength":0,"singleStrand":false,"variationName":"12;0;0","size":12,"dinucleotideDistance":0,"componentName":"Binding mode 1","freezingLevel":0,"positionBias":false,"includeComponent":false,"variationDescription":[],"modifications":[]},{"variationsOptimized":false,"fitLogActivity":true,"flankLength":0,"singleStrand":false,"variationName":"16;0;0","size":16,"dinucleotideDistance":0,"componentName":"Binding mode 2","freezingLevel":0,"positionBias":false,"includeComponent":false,"variationDescription":[],"modifications":[]}],"letterComplement":"C-G,A-T"},"coefficients":{"enrichmentModel":[{}],"countTable":[{"h":[-5.4864571651117646E-6,-2.878500330355592E-6,-7.029586623317083E-8,2.9272377019979174E-6,5.508945882471864E-6]}],"bindingModeInteractions":[],"bindingModes":[{"mononucleotide":[],"activity":[[-3.203356125618012E-6,-2.6285319898417146E-6,-2.9534380269745657E-6,-2.8837602780014564E-6,-2.606745834455226E-6]],"dinucleotide":[],"modifications":[]},{"mononucleotide":[0,0,0,0,0,0,0,0,0,0,0,0,-1,0,-1,-1,0,-1,-1,-1,0,0,0,0,0,0,0,0,-1,-1,-1,0,-1,-1,0,-1,0,0,0,0,0,0,0,0,0,0,0,0],"activity":[[0,0,0,0,0]],"dinucleotide":[],"modifications":[]},{"mononucleotide":[0,0,0,0,0,0,0,0,0,0,0,0,0,0,0,0,0,0,0,0,0,0,0,0,0,0,0,0,0,0,0,0,0,0,0,0,0,0,0,0,0,0,0,0,0,0,0,0,0,0,0,0,0,0,0,0,0,0,0,0,0,0,0,0],"activity":[[0,0,0,0,0]],"dinucleotide":[],"modifications":[]}]},"modelFittingConstraints":{"enrichmentModel":[{"trySaturation":false}],"countTable":[{}],"bindingModes":[{"maxFlankLength":-1,"positionBiasBinWidth":1,"optimizeSizeHeuristic":false,"maxSize":-1,"optimizeFlankLength":false,"symmetryString":"null","roundSpecificActivity":true,"informationThreshold":0.1,"optimizeMotifShift":false,"fittingStages":[],"optimizeMotifShiftHeuristic":false,"experimentSpecificPositionBias":true,"minSize":-1,"experimentSpecificActivity":true,"optimizeSize":false},{"maxFlankLength":-1,"positionBiasBinWidth":1,"optimizeSizeHeuristic":false,"maxSize":-1,"optimizeFlankLength":true,"symmetryString":"abcdefFEDCBA","roundSpecificActivity":true,"informationThreshold":0.1,"optimizeMotifShift":false,"fittingStages":[{"optimizeFlankLength":true},{"optimizeMotifShift":false},{"optimizeMotifShiftHeuristic":false}],"optimizeMotifShiftHeuristic":false,"experimentSpecificPositionBias":true,"minSize":-1,"experimentSpecificActivity":true,"optimizeSize":false},{"maxFlankLength":-1,"positionBiasBinWidth":1,"optimizeSizeHeuristic":false,"maxSize":-1,"optimizeFlankLength":true,"symmetryString":"abcdefghHGFEDCBA","roundSpecificActivity":true,"informationThreshold":0.1,"optimizeMotifShift":false,"fittingStages":[{"optimizeFlankLength":true},{"optimizeMotifShift":false},{"optimizeMotifShiftHeuristic":false}],"optimizeMotifShiftHeuristic":false,"experimentSpecificPositionBias":true,"minSize":-1,"experimentSpecificActivity":true,"optimizeSize":false}]}}
{"metadata":{"timeStamp":"2023-04-02 01:24:26.591","logLikelihoodPerRead":1.6351131031478712,"logLikelihood":817543.8727713107,"gradientCalls":58,"fitSteps":56,"regularization":2.5357605249820377E-5,"functionCalls":0,"fitter":"proBound","fitName":"component1-0-h","fitTime":5.82,"dataLoops":58},"optimizerSetting":{"output":{"outputPath":"/mnt/e/desktop/HB_Rotation_1/ProBound_run/Srebf1__Yang2017/result","baseName":"fit"},"nThreads":12,"likelihoodThreshold":2.0E-4,"lbfgsSettings":{"memory":100,"convergence":1.0E-7,"MCSearch":true,"maxIters":2000},"lambdaL2":1.0E-6,"fixedLibrarySize":false,"expBound":40,"nRetries":3,"hkSettings":{"epsilon":1.0E-7,"kickFinal":false,"fdDelta":1.0E-4,"kickAll":false,"maxIters":200,"evCutoff":1.0E-9}},"modelSettings":{"enrichmentModel":[{"variationsOptimized":false,"bindingSaturation":false,"cumulativeEnrichment":true,"concentration":1,"modelType":"SELEX","bindingModeInteractions":[],"componentName":"SELEX enrichment model 0","freezingLevel":0,"includeComponent":true,"bindingModes":[0,1,2],"variationDescription":[],"modifications":[]}],"letterOrder":"ACGT","countTable":[{"leftFlank":"CGGAGTCGGCAAGCAGAAGACGGCATACGATCG","variationsOptimized":true,"transliterate":{"in":[],"out":[]},"variableRegionLength":20,"countTableFile":"/mnt/e/countTables/Yang2017/Srebf1_ESZ_TACATT20NCG.100000.tsv","modeledColumns":[0,1,2,3,4],"inputFileType":"tsv","nColumns":5,"rightFlank":"AATGTAGATCGGAAGAGCGTCG","componentName":"Count table 0","freezingLevel":0,"includeComponent":true,"variationDescription":[]}],"bindingModeInteractions":[],"bindingModes":[{"variationsOptimized":true,"fitLogActivity":true,"flankLength":0,"singleStrand":false,"variationName":"0;0;0","size":0,"dinucleotideDistance":0,"componentName":"Binding mode 0","freezingLevel":0,"positionBias":false,"includeComponent":true,"variationDescription":[{"variationName":"0;0;0","descriptionString":"Initial model."}],"modifications":[]},{"variationsOptimized":false,"fitLogActivity":true,"flankLength":0,"singleStrand":false,"variationName":"12;0;0","size":12,"dinucleotideDistance":0,"componentName":"Binding mode 1","freezingLevel":0,"positionBias":false,"includeComponent":true,"variationDescription":[],"modifications":[]},{"variationsOptimized":false,"fitLogActivity":true,"flankLength":0,"singleStrand":false,"variationName":"16;0;0","size":16,"dinucleotideDistance":0,"componentName":"Binding mode 2","freezingLevel":0,"positionBias":false,"includeComponent":false,"variationDescription":[],"modifications":[]}],"letterComplement":"C-G,A-T"},"coefficients":{"enrichmentModel":[{}],"countTable":[{"h":[2.1949355364169856,1.1332616118944037,0.03885185460259769,-1.0940921038434601,-2.27295689814049]}],"bindingModeInteractions":[],"bindingModes":[{"mononucleotide":[],"activity":[[-3.203356125618012E-6,-2.6285319898417146E-6,-2.9534380269745657E-6,-2.8837602780014564E-6,-2.606745834455226E-6]],"dinucleotide":[],"modifications":[]},{"mononucleotide":[0,0,0,0,0,0,0,0,0,0,0,0,-1,0,-1,-1,0,-1,-1,-1,0,0,0,0,0,0,0,0,-1,-1,-1,0,-1,-1,0,-1,0,0,0,0,0,0,0,0,0,0,0,0],"activity":[[0.422066305441933,0.42206688026606876,0.4220665553600315,0.4220666250377805,0.4220669020522241]],"dinucleotide":[],"modifications":[]},{"mononucleotide":[0,0,0,0,0,0,0,0,0,0,0,0,0,0,0,0,0,0,0,0,0,0,0,0,0,0,0,0,0,0,0,0,0,0,0,0,0,0,0,0,0,0,0,0,0,0,0,0,0,0,0,0,0,0,0,0,0,0,0,0,0,0,0,0],"activity":[[0,0,0,0,0]],"dinucleotide":[],"modifications":[]}]},"modelFittingConstraints":{"enrichmentModel":[{"trySaturation":false}],"countTable":[{}],"bindingModes":[{"maxFlankLength":-1,"positionBiasBinWidth":1,"optimizeSizeHeuristic":false,"maxSize":-1,"optimizeFlankLength":false,"symmetryString":"null","roundSpecificActivity":true,"informationThreshold":0.1,"optimizeMotifShift":false,"fittingStages":[],"optimizeMotifShiftHeuristic":false,"experimentSpecificPositionBias":true,"minSize":-1,"experimentSpecificActivity":true,"optimizeSize":false},{"maxFlankLength":-1,"positionBiasBinWidth":1,"optimizeSizeHeuristic":false,"maxSize":-1,"optimizeFlankLength":true,"symmetryString":"abcdefFEDCBA","roundSpecificActivity":true,"informationThreshold":0.1,"optimizeMotifShift":false,"fittingStages":[{"optimizeFlankLength":true},{"optimizeMotifShift":false},{"optimizeMotifShiftHeuristic":false}],"optimizeMotifShiftHeuristic":false,"experimentSpecificPositionBias":true,"minSize":-1,"experimentSpecificActivity":true,"optimizeSize":false},{"maxFlankLength":-1,"positionBiasBinWidth":1,"optimizeSizeHeuristic":false,"maxSize":-1,"optimizeFlankLength":true,"symmetryString":"abcdefghHGFEDCBA","roundSpecificActivity":true,"informationThreshold":0.1,"optimizeMotifShift":false,"fittingStages":[{"optimizeFlankLength":true},{"optimizeMotifShift":false},{"optimizeMotifShiftHeuristic":false}],"optimizeMotifShiftHeuristic":false,"experimentSpecificPositionBias":true,"minSize":-1,"experimentSpecificActivity":true,"optimizeSize":false}]}}
{"metadata":{"timeStamp":"2023-04-02 01:24:56.929","logLikelihoodPerRead":1.5948885805368325,"logLikelihood":795892.8283922197,"gradientCalls":209,"fitSteps":205,"regularization":0.0031029237523931543,"functionCalls":0,"fitter":"proBound","fitName":"component1-1-f0","fitTime":36.158,"dataLoops":209},"optimizerSetting":{"output":{"outputPath":"/mnt/e/desktop/HB_Rotation_1/ProBound_run/Srebf1__Yang2017/result","baseName":"fit"},"nThreads":12,"likelihoodThreshold":2.0E-4,"lbfgsSettings":{"memory":100,"convergence":1.0E-7,"MCSearch":true,"maxIters":2000},"lambdaL2":1.0E-6,"fixedLibrarySize":false,"expBound":40,"nRetries":3,"hkSettings":{"epsilon":1.0E-7,"kickFinal":false,"fdDelta":1.0E-4,"kickAll":false,"maxIters":200,"evCutoff":1.0E-9}},"modelSettings":{"enrichmentModel":[{"variationsOptimized":false,"bindingSaturation":false,"cumulativeEnrichment":true,"concentration":1,"modelType":"SELEX","bindingModeInteractions":[],"componentName":"SELEX enrichment model 0","freezingLevel":0,"includeComponent":true,"bindingModes":[0,1,2],"variationDescription":[],"modifications":[]}],"letterOrder":"ACGT","countTable":[{"leftFlank":"CGGAGTCGGCAAGCAGAAGACGGCATACGATCG","variationsOptimized":true,"transliterate":{"in":[],"out":[]},"variableRegionLength":20,"countTableFile":"/mnt/e/countTables/Yang2017/Srebf1_ESZ_TACATT20NCG.100000.tsv","modeledColumns":[0,1,2,3,4],"inputFileType":"tsv","nColumns":5,"rightFlank":"AATGTAGATCGGAAGAGCGTCG","componentName":"Count table 0","freezingLevel":0,"includeComponent":true,"variationDescription":[]}],"bindingModeInteractions":[],"bindingModes":[{"variationsOptimized":true,"fitLogActivity":true,"flankLength":0,"singleStrand":false,"variationName":"0;0;0","size":0,"dinucleotideDistance":0,"componentName":"Binding mode 0","freezingLevel":0,"positionBias":false,"includeComponent":true,"variationDescription":[{"variationName":"0;0;0","descriptionString":"Initial model."}],"modifications":[]},{"variationsOptimized":false,"fitLogActivity":true,"flankLength":0,"singleStrand":false,"variationName":"12;0;0","size":12,"dinucleotideDistance":0,"componentName":"Binding mode 1","freezingLevel":0,"positionBias":false,"includeComponent":true,"variationDescription":[],"modifications":[]},{"variationsOptimized":false,"fitLogActivity":true,"flankLength":0,"singleStrand":false,"variationName":"16;0;0","size":16,"dinucleotideDistance":0,"componentName":"Binding mode 2","freezingLevel":0,"positionBias":false,"includeComponent":false,"variationDescription":[],"modifications":[]}],"letterComplement":"C-G,A-T"},"coefficients":{"enrichmentModel":[{}],"countTable":[{"h":[0.0698019976679324,0.05639133852516424,0.023086333522861532,-0.03975384082904398,-0.10952582885792216]}],"bindingModeInteractions":[],"bindingModes":[{"mononucleotide":[],"activity":[[-3.203356125618012E-6,-2.6285319898417146E-6,-2.9534380269745657E-6,-2.8837602780014564E-6,-2.606745834455226E-6]],"dinucleotide":[],"modifications":[]},{"mononucleotide":[-0.7204723961262001,-0.6322651398221989,-0.6706577895490086,-0.7491077460776185,-0.08862443511709889,-0.9926678314145724,-0.17933128872775156,-1.5118795163126406,-0.6056345963962174,-1.0160485095392222,-1.6977728751612602,0.5469529095261295,-1.252765759253201,0.22255977995374104,-0.26251228506943336,-1.4801238441902431,0.45243454517338194,-1.5946020214104095,-0.5253811455038703,-1.1052934868174062,-1.5625855755149358,0.21774142581401712,-0.8421831190080428,-0.5854758028644184,-0.5854758028644184,-0.8421831190080428,0.21774142581401712,-1.5625855755149358,-1.1052934868174062,-0.5253811455038703,-1.5946020214104095,0.45243454517338194,-1.4801238441902431,-0.26251228506943336,0.22255977995374104,-1.252765759253201,0.5469529095261295,-1.6977728751612602,-1.0160485095392222,-0.6056345963962174,-1.5118795163126406,-0.17933128872775156,-0.9926678314145724,-0.08862443511709889,-0.7491077460776185,-0.6706577895490086,-0.6322651398221989,-0.7204723961262001],"activity":[[0.006959842129624233,-1.3003350799742395,-0.47475392406978967,-0.1397095212177226,-0.8613300992241707]],"dinucleotide":[],"modifications":[]},{"mononucleotide":[0,0,0,0,0,0,0,0,0,0,0,0,0,0,0,0,0,0,0,0,0,0,0,0,0,0,0,0,0,0,0,0,0,0,0,0,0,0,0,0,0,0,0,0,0,0,0,0,0,0,0,0,0,0,0,0,0,0,0,0,0,0,0,0],"activity":[[0,0,0,0,0]],"dinucleotide":[],"modifications":[]}]},"modelFittingConstraints":{"enrichmentModel":[{"trySaturation":false}],"countTable":[{}],"bindingModes":[{"maxFlankLength":-1,"positionBiasBinWidth":1,"optimizeSizeHeuristic":false,"maxSize":-1,"optimizeFlankLength":false,"symmetryString":"null","roundSpecificActivity":true,"informationThreshold":0.1,"optimizeMotifShift":false,"fittingStages":[],"optimizeMotifShiftHeuristic":false,"experimentSpecificPositionBias":true,"minSize":-1,"experimentSpecificActivity":true,"optimizeSize":false},{"maxFlankLength":-1,"positionBiasBinWidth":1,"optimizeSizeHeuristic":false,"maxSize":-1,"optimizeFlankLength":true,"symmetryString":"abcdefFEDCBA","roundSpecificActivity":true,"informationThreshold":0.1,"optimizeMotifShift":false,"fittingStages":[{"optimizeFlankLength":true},{"optimizeMotifShift":false},{"optimizeMotifShiftHeuristic":false}],"optimizeMotifShiftHeuristic":false,"experimentSpecificPositionBias":true,"minSize":-1,"experimentSpecificActivity":true,"optimizeSize":false},{"maxFlankLength":-1,"positionBiasBinWidth":1,"optimizeSizeHeuristic":false,"maxSize":-1,"optimizeFlankLength":true,"symmetryString":"abcdefghHGFEDCBA","roundSpecificActivity":true,"informationThreshold":0.1,"optimizeMotifShift":false,"fittingStages":[{"optimizeFlankLength":true},{"optimizeMotifShift":false},{"optimizeMotifShiftHeuristic":false}],"optimizeMotifShiftHeuristic":false,"experimentSpecificPositionBias":true,"minSize":-1,"experimentSpecificActivity":true,"optimizeSize":false}]}}
{"metadata":{"timeStamp":"2023-04-02 01:24:57.126","logLikelihoodPerRead":1.5948885805368325,"logLikelihood":795892.8283922197,"gradientCalls":210,"fitSteps":208,"regularization":0.0031029237523931543,"functionCalls":0,"fitter":"proBound","fitName":"component1-2-variation0","fitTime":36.355,"dataLoops":210},"optimizerSetting":{"output":{"outputPath":"/mnt/e/desktop/HB_Rotation_1/ProBound_run/Srebf1__Yang2017/result","baseName":"fit"},"nThreads":12,"likelihoodThreshold":2.0E-4,"lbfgsSettings":{"memory":100,"convergence":1.0E-7,"MCSearch":true,"maxIters":2000},"lambdaL2":1.0E-6,"fixedLibrarySize":false,"expBound":40,"nRetries":3,"hkSettings":{"epsilon":1.0E-7,"kickFinal":false,"fdDelta":1.0E-4,"kickAll":false,"maxIters":200,"evCutoff":1.0E-9}},"modelSettings":{"enrichmentModel":[{"variationsOptimized":false,"bindingSaturation":false,"cumulativeEnrichment":true,"concentration":1,"modelType":"SELEX","bindingModeInteractions":[],"componentName":"SELEX enrichment model 0","freezingLevel":0,"includeComponent":true,"bindingModes":[0,1,2],"variationDescription":[],"modifications":[]}],"letterOrder":"ACGT","countTable":[{"leftFlank":"CGGAGTCGGCAAGCAGAAGACGGCATACGATCG","variationsOptimized":true,"transliterate":{"in":[],"out":[]},"variableRegionLength":20,"countTableFile":"/mnt/e/countTables/Yang2017/Srebf1_ESZ_TACATT20NCG.100000.tsv","modeledColumns":[0,1,2,3,4],"inputFileType":"tsv","nColumns":5,"rightFlank":"AATGTAGATCGGAAGAGCGTCG","componentName":"Count table 0","freezingLevel":0,"includeComponent":true,"variationDescription":[]}],"bindingModeInteractions":[],"bindingModes":[{"variationsOptimized":true,"fitLogActivity":true,"flankLength":0,"singleStrand":false,"variationName":"0;0;0","size":0,"dinucleotideDistance":0,"componentName":"Binding mode 0","freezingLevel":0,"positionBias":false,"includeComponent":true,"variationDescription":[{"variationName":"0;0;0","descriptionString":"Initial model."}],"modifications":[]},{"variationsOptimized":false,"fitLogActivity":true,"flankLength":0,"singleStrand":false,"variationName":"12;0;0","size":12,"dinucleotideDistance":0,"componentName":"Binding mode 1","freezingLevel":0,"positionBias":false,"includeComponent":true,"variationDescription":[{"variationName":"12;0;0","descriptionString":"Initial model."}],"modifications":[]},{"variationsOptimized":false,"fitLogActivity":true,"flankLength":0,"singleStrand":false,"variationName":"16;0;0","size":16,"dinucleotideDistance":0,"componentName":"Binding mode 2","freezingLevel":0,"positionBias":false,"includeComponent":false,"variationDescription":[],"modifications":[]}],"letterComplement":"C-G,A-T"},"coefficients":{"enrichmentModel":[{}],"countTable":[{"h":[0.0698019976679324,0.05639133852516424,0.023086333522861532,-0.03975384082904398,-0.10952582885792216]}],"bindingModeInteractions":[],"bindingModes":[{"mononucleotide":[],"activity":[[-3.203356125618012E-6,-2.6285319898417146E-6,-2.9534380269745657E-6,-2.8837602780014564E-6,-2.606745834455226E-6]],"dinucleotide":[],"modifications":[]},{"mononucleotide":[-0.7204723961262001,-0.6322651398221989,-0.6706577895490086,-0.7491077460776185,-0.08862443511709889,-0.9926678314145724,-0.17933128872775156,-1.5118795163126406,-0.6056345963962174,-1.0160485095392222,-1.6977728751612602,0.5469529095261295,-1.252765759253201,0.22255977995374104,-0.26251228506943336,-1.4801238441902431,0.45243454517338194,-1.5946020214104095,-0.5253811455038703,-1.1052934868174062,-1.5625855755149358,0.21774142581401712,-0.8421831190080428,-0.5854758028644184,-0.5854758028644184,-0.8421831190080428,0.21774142581401712,-1.5625855755149358,-1.1052934868174062,-0.5253811455038703,-1.5946020214104095,0.45243454517338194,-1.4801238441902431,-0.26251228506943336,0.22255977995374104,-1.252765759253201,0.5469529095261295,-1.6977728751612602,-1.0160485095392222,-0.6056345963962174,-1.5118795163126406,-0.17933128872775156,-0.9926678314145724,-0.08862443511709889,-0.7491077460776185,-0.6706577895490086,-0.6322651398221989,-0.7204723961262001],"activity":[[0.006959842129624233,-1.3003350799742395,-0.47475392406978967,-0.1397095212177226,-0.8613300992241707]],"dinucleotide":[],"modifications":[]},{"mononucleotide":[0,0,0,0,0,0,0,0,0,0,0,0,0,0,0,0,0,0,0,0,0,0,0,0,0,0,0,0,0,0,0,0,0,0,0,0,0,0,0,0,0,0,0,0,0,0,0,0,0,0,0,0,0,0,0,0,0,0,0,0,0,0,0,0],"activity":[[0,0,0,0,0]],"dinucleotide":[],"modifications":[]}]},"modelFittingConstraints":{"enrichmentModel":[{"trySaturation":false}],"countTable":[{}],"bindingModes":[{"maxFlankLength":-1,"positionBiasBinWidth":1,"optimizeSizeHeuristic":false,"maxSize":-1,"optimizeFlankLength":false,"symmetryString":"null","roundSpecificActivity":true,"informationThreshold":0.1,"optimizeMotifShift":false,"fittingStages":[],"optimizeMotifShiftHeuristic":false,"experimentSpecificPositionBias":true,"minSize":-1,"experimentSpecificActivity":true,"optimizeSize":false},{"maxFlankLength":-1,"positionBiasBinWidth":1,"optimizeSizeHeuristic":false,"maxSize":-1,"optimizeFlankLength":true,"symmetryString":"abcdefFEDCBA","roundSpecificActivity":true,"informationThreshold":0.1,"optimizeMotifShift":false,"fittingStages":[{"optimizeFlankLength":true},{"optimizeMotifShift":false},{"optimizeMotifShiftHeuristic":false}],"optimizeMotifShiftHeuristic":false,"experimentSpecificPositionBias":true,"minSize":-1,"experimentSpecificActivity":true,"optimizeSize":false},{"maxFlankLength":-1,"positionBiasBinWidth":1,"optimizeSizeHeuristic":false,"maxSize":-1,"optimizeFlankLength":true,"symmetryString":"abcdefghHGFEDCBA","roundSpecificActivity":true,"informationThreshold":0.1,"optimizeMotifShift":false,"fittingStages":[{"optimizeFlankLength":true},{"optimizeMotifShift":false},{"optimizeMotifShiftHeuristic":false}],"optimizeMotifShiftHeuristic":false,"experimentSpecificPositionBias":true,"minSize":-1,"experimentSpecificActivity":true,"optimizeSize":false}]}}
{"metadata":{"timeStamp":"2023-04-02 01:25:10.135","logLikelihoodPerRead":1.591356924044495,"logLikelihood":794085.0708474464,"gradientCalls":267,"fitSteps":264,"regularization":0.003186782349602063,"functionCalls":0,"fitter":"proBound","fitName":"component1-2-variation1","fitTime":49.364,"dataLoops":267},"optimizerSetting":{"output":{"outputPath":"/mnt/e/desktop/HB_Rotation_1/ProBound_run/Srebf1__Yang2017/result","baseName":"fit"},"nThreads":12,"likelihoodThreshold":2.0E-4,"lbfgsSettings":{"memory":100,"convergence":1.0E-7,"MCSearch":true,"maxIters":2000},"lambdaL2":1.0E-6,"fixedLibrarySize":false,"expBound":40,"nRetries":3,"hkSettings":{"epsilon":1.0E-7,"kickFinal":false,"fdDelta":1.0E-4,"kickAll":false,"maxIters":200,"evCutoff":1.0E-9}},"modelSettings":{"enrichmentModel":[{"variationsOptimized":false,"bindingSaturation":false,"cumulativeEnrichment":true,"concentration":1,"modelType":"SELEX","bindingModeInteractions":[],"componentName":"SELEX enrichment model 0","freezingLevel":0,"includeComponent":true,"bindingModes":[0,1,2],"variationDescription":[],"modifications":[]}],"letterOrder":"ACGT","countTable":[{"leftFlank":"CGGAGTCGGCAAGCAGAAGACGGCATACGATCG","variationsOptimized":true,"transliterate":{"in":[],"out":[]},"variableRegionLength":20,"countTableFile":"/mnt/e/countTables/Yang2017/Srebf1_ESZ_TACATT20NCG.100000.tsv","modeledColumns":[0,1,2,3,4],"inputFileType":"tsv","nColumns":5,"rightFlank":"AATGTAGATCGGAAGAGCGTCG","componentName":"Count table 0","freezingLevel":0,"includeComponent":true,"variationDescription":[]}],"bindingModeInteractions":[],"bindingModes":[{"variationsOptimized":true,"fitLogActivity":true,"flankLength":0,"singleStrand":false,"variationName":"0;0;0","size":0,"dinucleotideDistance":0,"componentName":"Binding mode 0","freezingLevel":0,"positionBias":false,"includeComponent":true,"variationDescription":[{"variationName":"0;0;0","descriptionString":"Initial model."}],"modifications":[]},{"variationsOptimized":false,"fitLogActivity":true,"flankLength":1,"singleStrand":false,"variationName":"12;0;0","size":12,"dinucleotideDistance":0,"componentName":"Binding mode 1","freezingLevel":0,"positionBias":false,"includeComponent":true,"variationDescription":[{"variationName":"12;1;0","descriptionString":"Increases flank length."},{"variationName":"12;0;0","descriptionString":"Initial model."}],"modifications":[]},{"variationsOptimized":false,"fitLogActivity":true,"flankLength":0,"singleStrand":false,"variationName":"16;0;0","size":16,"dinucleotideDistance":0,"componentName":"Binding mode 2","freezingLevel":0,"positionBias":false,"includeComponent":false,"variationDescription":[],"modifications":[]}],"letterComplement":"C-G,A-T"},"coefficients":{"enrichmentModel":[{}],"countTable":[{"h":[0.06851910764860608,0.05650586681528116,0.02376929833795877,-0.03690925561380007,-0.11188501716063659]}],"bindingModeInteractions":[],"bindingModes":[{"mononucleotide":[],"activity":[[-3.203356125618012E-6,-2.6285319898417146E-6,-2.9534380269745657E-6,-2.8837602780014564E-6,-2.606745834455226E-6]],"dinucleotide":[],"modifications":[]},{"mononucleotide":[-0.7426476575142579,-0.7492687860100995,-0.731514608961949,-0.8077958441096188,-0.08488564173698339,-1.0598857791970326,-0.2323029025252386,-1.6541525731336841,-0.6620199933413221,-1.1165149001816708,-1.8056186058517216,0.5529266027833001,-1.3117442950195572,0.3112116170781706,-0.34220646261602616,-1.6887915491538341,0.44466627494308625,-1.7993525479439199,-0.48192011690189857,-1.194924299807702,-1.7862823280217908,0.29506083656237425,-0.7806905348527636,-0.7593148702818733,-0.7593148702818733,-0.7806905348527636,0.29506083656237425,-1.7862823280217908,-1.194924299807702,-0.48192011690189857,-1.7993525479439199,0.44466627494308625,-1.6887915491538341,-0.34220646261602616,0.3112116170781706,-1.3117442950195572,0.5529266027833001,-1.8056186058517216,-1.1165149001816708,-0.6620199933413221,-1.6541525731336841,-0.2323029025252386,-1.0598857791970326,-0.08488564173698339,-0.8077958441096188,-0.731514608961949,-0.7492687860100995,-0.7426476575142579],"activity":[[0.006590203396158079,-1.3048343152872204,-0.4074442853272898,-0.19871228035798663,-1.0004445843918501]],"dinucleotide":[],"modifications":[]},{"mononucleotide":[0,0,0,0,0,0,0,0,0,0,0,0,0,0,0,0,0,0,0,0,0,0,0,0,0,0,0,0,0,0,0,0,0,0,0,0,0,0,0,0,0,0,0,0,0,0,0,0,0,0,0,0,0,0,0,0,0,0,0,0,0,0,0,0],"activity":[[0,0,0,0,0]],"dinucleotide":[],"modifications":[]}]},"modelFittingConstraints":{"enrichmentModel":[{"trySaturation":false}],"countTable":[{}],"bindingModes":[{"maxFlankLength":-1,"positionBiasBinWidth":1,"optimizeSizeHeuristic":false,"maxSize":-1,"optimizeFlankLength":false,"symmetryString":"null","roundSpecificActivity":true,"informationThreshold":0.1,"optimizeMotifShift":false,"fittingStages":[],"optimizeMotifShiftHeuristic":false,"experimentSpecificPositionBias":true,"minSize":-1,"experimentSpecificActivity":true,"optimizeSize":false},{"maxFlankLength":-1,"positionBiasBinWidth":1,"optimizeSizeHeuristic":false,"maxSize":-1,"optimizeFlankLength":true,"symmetryString":"abcdefFEDCBA","roundSpecificActivity":true,"informationThreshold":0.1,"optimizeMotifShift":false,"fittingStages":[{"optimizeFlankLength":true},{"optimizeMotifShift":false},{"optimizeMotifShiftHeuristic":false}],"optimizeMotifShiftHeuristic":false,"experimentSpecificPositionBias":true,"minSize":-1,"experimentSpecificActivity":true,"optimizeSize":false},{"maxFlankLength":-1,"positionBiasBinWidth":1,"optimizeSizeHeuristic":false,"maxSize":-1,"optimizeFlankLength":true,"symmetryString":"abcdefghHGFEDCBA","roundSpecificActivity":true,"informationThreshold":0.1,"optimizeMotifShift":false,"fittingStages":[{"optimizeFlankLength":true},{"optimizeMotifShift":false},{"optimizeMotifShiftHeuristic":false}],"optimizeMotifShiftHeuristic":false,"experimentSpecificPositionBias":true,"minSize":-1,"experimentSpecificActivity":true,"optimizeSize":false}]}}
{"metadata":{"timeStamp":"2023-04-02 01:25:21.701","logLikelihoodPerRead":1.5904307980789731,"logLikelihood":793625.3424115672,"gradientCalls":312,"fitSteps":308,"regularization":0.003180113255838733,"functionCalls":0,"fitter":"proBound","fitName":"component1-2-variation2","fitTime":60.93,"dataLoops":312},"optimizerSetting":{"output":{"outputPath":"/mnt/e/desktop/HB_Rotation_1/ProBound_run/Srebf1__Yang2017/result","baseName":"fit"},"nThreads":12,"likelihoodThreshold":2.0E-4,"lbfgsSettings":{"memory":100,"convergence":1.0E-7,"MCSearch":true,"maxIters":2000},"lambdaL2":1.0E-6,"fixedLibrarySize":false,"expBound":40,"nRetries":3,"hkSettings":{"epsilon":1.0E-7,"kickFinal":false,"fdDelta":1.0E-4,"kickAll":false,"maxIters":200,"evCutoff":1.0E-9}},"modelSettings":{"enrichmentModel":[{"variationsOptimized":false,"bindingSaturation":false,"cumulativeEnrichment":true,"concentration":1,"modelType":"SELEX","bindingModeInteractions":[],"componentName":"SELEX enrichment model 0","freezingLevel":0,"includeComponent":true,"bindingModes":[0,1,2],"variationDescription":[],"modifications":[]}],"letterOrder":"ACGT","countTable":[{"leftFlank":"CGGAGTCGGCAAGCAGAAGACGGCATACGATCG","variationsOptimized":true,"transliterate":{"in":[],"out":[]},"variableRegionLength":20,"countTableFile":"/mnt/e/countTables/Yang2017/Srebf1_ESZ_TACATT20NCG.100000.tsv","modeledColumns":[0,1,2,3,4],"inputFileType":"tsv","nColumns":5,"rightFlank":"AATGTAGATCGGAAGAGCGTCG","componentName":"Count table 0","freezingLevel":0,"includeComponent":true,"variationDescription":[]}],"bindingModeInteractions":[],"bindingModes":[{"variationsOptimized":true,"fitLogActivity":true,"flankLength":0,"singleStrand":false,"variationName":"0;0;0","size":0,"dinucleotideDistance":0,"componentName":"Binding mode 0","freezingLevel":0,"positionBias":false,"includeComponent":true,"variationDescription":[{"variationName":"0;0;0","descriptionString":"Initial model."}],"modifications":[]},{"variationsOptimized":false,"fitLogActivity":true,"flankLength":2,"singleStrand":false,"variationName":"12;1;0","size":12,"dinucleotideDistance":0,"componentName":"Binding mode 1","freezingLevel":0,"positionBias":false,"includeComponent":true,"variationDescription":[{"variationName":"12;1;0","descriptionString":"Increases flank length."},{"variationName":"12;0;0","descriptionString":"Initial model."},{"variationName":"12;2;0","descriptionString":"Increases flank length."}],"modifications":[]},{"variationsOptimized":false,"fitLogActivity":true,"flankLength":0,"singleStrand":false,"variationName":"16;0;0","size":16,"dinucleotideDistance":0,"componentName":"Binding mode 2","freezingLevel":0,"positionBias":false,"includeComponent":false,"variationDescription":[],"modifications":[]}],"letterComplement":"C-G,A-T"},"coefficients":{"enrichmentModel":[{}],"countTable":[{"h":[0.07411416833174128,0.06090332533525461,0.026160570479385956,-0.04095258965698896,-0.12022547446248129]}],"bindingModeInteractions":[],"bindingModes":[{"mononucleotide":[],"activity":[[-3.203356125618012E-6,-2.6285319898417146E-6,-2.9534380269745657E-6,-2.8837602780014564E-6,-2.606745834455226E-6]],"dinucleotide":[],"modifications":[]},{"mononucleotide":[-0.7258933044807395,-0.8486031491282988,-0.7239087688727686,-0.7351199498322457,-0.16842052960954546,-1.157735787840191,-0.40000922351552476,-1.307359631345855,-0.6744554815406242,-1.105256508512354,-1.8182680220069474,0.564454839750403,-1.281192136037976,0.3503728137252021,-0.37597811929985325,-1.7270191186758785,0.4620627340590681,-1.8215012605345267,-0.48968924780117207,-1.1846887860111095,-1.7802322569354272,0.3482995261004074,-0.7525318533995883,-0.849060588077443,-0.849060588077443,-0.7525318533995883,0.3482995261004074,-1.7802322569354272,-1.1846887860111095,-0.48968924780117207,-1.8215012605345267,0.4620627340590681,-1.7270191186758785,-0.37597811929985325,0.3503728137252021,-1.281192136037976,0.564454839750403,-1.8182680220069474,-1.105256508512354,-0.6744554815406242,-1.307359631345855,-0.40000922351552476,-1.157735787840191,-0.16842052960954546,-0.7351199498322457,-0.7239087688727686,-0.8486031491282988,-0.7258933044807395],"activity":[[0.00645449395074545,-1.3121582229232895,-0.4438957626290371,-0.16163044738314764,-0.9974521678579192]],"dinucleotide":[],"modifications":[]},{"mononucleotide":[0,0,0,0,0,0,0,0,0,0,0,0,0,0,0,0,0,0,0,0,0,0,0,0,0,0,0,0,0,0,0,0,0,0,0,0,0,0,0,0,0,0,0,0,0,0,0,0,0,0,0,0,0,0,0,0,0,0,0,0,0,0,0,0],"activity":[[0,0,0,0,0]],"dinucleotide":[],"modifications":[]}]},"modelFittingConstraints":{"enrichmentModel":[{"trySaturation":false}],"countTable":[{}],"bindingModes":[{"maxFlankLength":-1,"positionBiasBinWidth":1,"optimizeSizeHeuristic":false,"maxSize":-1,"optimizeFlankLength":false,"symmetryString":"null","roundSpecificActivity":true,"informationThreshold":0.1,"optimizeMotifShift":false,"fittingStages":[],"optimizeMotifShiftHeuristic":false,"experimentSpecificPositionBias":true,"minSize":-1,"experimentSpecificActivity":true,"optimizeSize":false},{"maxFlankLength":-1,"positionBiasBinWidth":1,"optimizeSizeHeuristic":false,"maxSize":-1,"optimizeFlankLength":true,"symmetryString":"abcdefFEDCBA","roundSpecificActivity":true,"informationThreshold":0.1,"optimizeMotifShift":false,"fittingStages":[{"optimizeFlankLength":true},{"optimizeMotifShift":false},{"optimizeMotifShiftHeuristic":false}],"optimizeMotifShiftHeuristic":false,"experimentSpecificPositionBias":true,"minSize":-1,"experimentSpecificActivity":true,"optimizeSize":false},{"maxFlankLength":-1,"positionBiasBinWidth":1,"optimizeSizeHeuristic":false,"maxSize":-1,"optimizeFlankLength":true,"symmetryString":"abcdefghHGFEDCBA","roundSpecificActivity":true,"informationThreshold":0.1,"optimizeMotifShift":false,"fittingStages":[{"optimizeFlankLength":true},{"optimizeMotifShift":false},{"optimizeMotifShiftHeuristic":false}],"optimizeMotifShiftHeuristic":false,"experimentSpecificPositionBias":true,"minSize":-1,"experimentSpecificActivity":true,"optimizeSize":false}]}}
{"metadata":{"timeStamp":"2023-04-02 01:25:36.293","logLikelihoodPerRead":1.5905206471040338,"logLikelihood":793666.1402160093,"gradientCalls":363,"fitSteps":357,"regularization":0.0031883666720151456,"functionCalls":0,"fitter":"proBound","fitName":"component1-2-variation3","fitTime":75.522,"dataLoops":363},"optimizerSetting":{"output":{"outputPath":"/mnt/e/desktop/HB_Rotation_1/ProBound_run/Srebf1__Yang2017/result","baseName":"fit"},"nThreads":12,"likelihoodThreshold":2.0E-4,"lbfgsSettings":{"memory":100,"convergence":1.0E-7,"MCSearch":true,"maxIters":2000},"lambdaL2":1.0E-6,"fixedLibrarySize":false,"expBound":40,"nRetries":3,"hkSettings":{"epsilon":1.0E-7,"kickFinal":false,"fdDelta":1.0E-4,"kickAll":false,"maxIters":200,"evCutoff":1.0E-9}},"modelSettings":{"enrichmentModel":[{"variationsOptimized":false,"bindingSaturation":false,"cumulativeEnrichment":true,"concentration":1,"modelType":"SELEX","bindingModeInteractions":[],"componentName":"SELEX enrichment model 0","freezingLevel":0,"includeComponent":true,"bindingModes":[0,1,2],"variationDescription":[],"modifications":[]}],"letterOrder":"ACGT","countTable":[{"leftFlank":"CGGAGTCGGCAAGCAGAAGACGGCATACGATCG","variationsOptimized":true,"transliterate":{"in":[],"out":[]},"variableRegionLength":20,"countTableFile":"/mnt/e/countTables/Yang2017/Srebf1_ESZ_TACATT20NCG.100000.tsv","modeledColumns":[0,1,2,3,4],"inputFileType":"tsv","nColumns":5,"rightFlank":"AATGTAGATCGGAAGAGCGTCG","componentName":"Count table 0","freezingLevel":0,"includeComponent":true,"variationDescription":[]}],"bindingModeInteractions":[],"bindingModes":[{"variationsOptimized":true,"fitLogActivity":true,"flankLength":0,"singleStrand":false,"variationName":"0;0;0","size":0,"dinucleotideDistance":0,"componentName":"Binding mode 0","freezingLevel":0,"positionBias":false,"includeComponent":true,"variationDescription":[{"variationName":"0;0;0","descriptionString":"Initial model."}],"modifications":[]},{"variationsOptimized":false,"fitLogActivity":true,"flankLength":3,"singleStrand":false,"variationName":"12;2;0","size":12,"dinucleotideDistance":0,"componentName":"Binding mode 1","freezingLevel":0,"positionBias":false,"includeComponent":true,"variationDescription":[{"variationName":"12;1;0","descriptionString":"Increases flank length."},{"variationName":"12;3;0","descriptionString":"Increases flank length."},{"variationName":"12;0;0","descriptionString":"Initial model."},{"variationName":"12;2;0","descriptionString":"Increases flank length."}],"modifications":[]},{"variationsOptimized":false,"fitLogActivity":true,"flankLength":0,"singleStrand":false,"variationName":"16;0;0","size":16,"dinucleotideDistance":0,"componentName":"Binding mode 2","freezingLevel":0,"positionBias":false,"includeComponent":false,"variationDescription":[],"modifications":[]}],"letterComplement":"C-G,A-T"},"coefficients":{"enrichmentModel":[{}],"countTable":[{"h":[0.07590484302747731,0.06331413539399906,0.026461900872099556,-0.042599828387184034,-0.12308105088082123]}],"bindingModeInteractions":[],"bindingModes":[{"mononucleotide":[],"activity":[[-3.203356125618012E-6,-2.6285319898417146E-6,-2.9534380269745657E-6,-2.8837602780014564E-6,-2.606745834455226E-6]],"dinucleotide":[],"modifications":[]},{"mononucleotide":[-0.7704512763009341,-0.8479484072185616,-0.7242722759083356,-0.7225213985706316,-0.138786801237408,-1.1171911645698602,-0.3706097654096225,-1.4386056267786582,-0.7034556103598035,-1.1380074208148898,-1.757865069058594,0.5341347422393933,-1.243507738584303,0.3370201231179631,-0.40330382637412426,-1.755663221713768,0.4649580909976109,-1.92489202096197,-0.48971786057457223,-1.1158028730145189,-1.833965566727903,0.3573618057341591,-0.781531076334701,-0.8070585206676857,-0.8070585206676857,-0.781531076334701,0.3573618057341591,-1.833965566727903,-1.1158028730145189,-0.48971786057457223,-1.92489202096197,0.4649580909976109,-1.755663221713768,-0.40330382637412426,0.3370201231179631,-1.243507738584303,0.5341347422393933,-1.757865069058594,-1.1380074208148898,-0.7034556103598035,-1.4386056267786582,-0.3706097654096225,-1.1171911645698602,-0.138786801237408,-0.7225213985706316,-0.7242722759083356,-0.8479484072185616,-0.7704512763009341],"activity":[[0.006114184314049034,-1.4036512222275819,-0.41487273878382724,-0.1488686759389061,-0.9704961805124547]],"dinucleotide":[],"modifications":[]},{"mononucleotide":[0,0,0,0,0,0,0,0,0,0,0,0,0,0,0,0,0,0,0,0,0,0,0,0,0,0,0,0,0,0,0,0,0,0,0,0,0,0,0,0,0,0,0,0,0,0,0,0,0,0,0,0,0,0,0,0,0,0,0,0,0,0,0,0],"activity":[[0,0,0,0,0]],"dinucleotide":[],"modifications":[]}]},"modelFittingConstraints":{"enrichmentModel":[{"trySaturation":false}],"countTable":[{}],"bindingModes":[{"maxFlankLength":-1,"positionBiasBinWidth":1,"optimizeSizeHeuristic":false,"maxSize":-1,"optimizeFlankLength":false,"symmetryString":"null","roundSpecificActivity":true,"informationThreshold":0.1,"optimizeMotifShift":false,"fittingStages":[],"optimizeMotifShiftHeuristic":false,"experimentSpecificPositionBias":true,"minSize":-1,"experimentSpecificActivity":true,"optimizeSize":false},{"maxFlankLength":-1,"positionBiasBinWidth":1,"optimizeSizeHeuristic":false,"maxSize":-1,"optimizeFlankLength":true,"symmetryString":"abcdefFEDCBA","roundSpecificActivity":true,"informationThreshold":0.1,"optimizeMotifShift":false,"fittingStages":[{"optimizeFlankLength":true},{"optimizeMotifShift":false},{"optimizeMotifShiftHeuristic":false}],"optimizeMotifShiftHeuristic":false,"experimentSpecificPositionBias":true,"minSize":-1,"experimentSpecificActivity":true,"optimizeSize":false},{"maxFlankLength":-1,"positionBiasBinWidth":1,"optimizeSizeHeuristic":false,"maxSize":-1,"optimizeFlankLength":true,"symmetryString":"abcdefghHGFEDCBA","roundSpecificActivity":true,"informationThreshold":0.1,"optimizeMotifShift":false,"fittingStages":[{"optimizeFlankLength":true},{"optimizeMotifShift":false},{"optimizeMotifShiftHeuristic":false}],"optimizeMotifShiftHeuristic":false,"experimentSpecificPositionBias":true,"minSize":-1,"experimentSpecificActivity":true,"optimizeSize":false}]}}
{"metadata":{"timeStamp":"2023-04-02 01:25:51.389","logLikelihoodPerRead":1.5904298233645566,"logLikelihood":793625.228736676,"gradientCalls":421,"fitSteps":414,"regularization":0.0031793658912046842,"functionCalls":0,"fitter":"proBound","fitName":"component1-4-all","fitTime":90.618,"dataLoops":421},"optimizerSetting":{"output":{"outputPath":"/mnt/e/desktop/HB_Rotation_1/ProBound_run/Srebf1__Yang2017/result","baseName":"fit"},"nThreads":12,"likelihoodThreshold":2.0E-4,"lbfgsSettings":{"memory":100,"convergence":1.0E-7,"MCSearch":true,"maxIters":2000},"lambdaL2":1.0E-6,"fixedLibrarySize":false,"expBound":40,"nRetries":3,"hkSettings":{"epsilon":1.0E-7,"kickFinal":false,"fdDelta":1.0E-4,"kickAll":false,"maxIters":200,"evCutoff":1.0E-9}},"modelSettings":{"enrichmentModel":[{"variationsOptimized":false,"bindingSaturation":false,"cumulativeEnrichment":true,"concentration":1,"modelType":"SELEX","bindingModeInteractions":[],"componentName":"SELEX enrichment model 0","freezingLevel":0,"includeComponent":true,"bindingModes":[0,1,2],"variationDescription":[],"modifications":[]}],"letterOrder":"ACGT","countTable":[{"leftFlank":"CGGAGTCGGCAAGCAGAAGACGGCATACGATCG","variationsOptimized":true,"transliterate":{"in":[],"out":[]},"variableRegionLength":20,"countTableFile":"/mnt/e/countTables/Yang2017/Srebf1_ESZ_TACATT20NCG.100000.tsv","modeledColumns":[0,1,2,3,4],"inputFileType":"tsv","nColumns":5,"rightFlank":"AATGTAGATCGGAAGAGCGTCG","componentName":"Count table 0","freezingLevel":0,"includeComponent":true,"variationDescription":[]}],"bindingModeInteractions":[],"bindingModes":[{"variationsOptimized":true,"fitLogActivity":true,"flankLength":0,"singleStrand":false,"variationName":"0;0;0","size":0,"dinucleotideDistance":0,"componentName":"Binding mode 0","freezingLevel":0,"positionBias":false,"includeComponent":true,"variationDescription":[{"variationName":"0;0;0","descriptionString":"Initial model."}],"modifications":[]},{"variationsOptimized":true,"fitLogActivity":true,"flankLength":2,"singleStrand":false,"variationName":"12;2;0","size":12,"dinucleotideDistance":0,"componentName":"Binding mode 1","freezingLevel":0,"positionBias":false,"includeComponent":true,"variationDescription":[{"variationName":"12;1;0","descriptionString":"Increases flank length."},{"variationName":"12;3;0","descriptionString":"Increases flank length."},{"variationName":"12;0;0","descriptionString":"Initial model."},{"variationName":"12;2;0","descriptionString":"Increases flank length."}],"modifications":[]},{"variationsOptimized":false,"fitLogActivity":true,"flankLength":0,"singleStrand":false,"variationName":"16;0;0","size":16,"dinucleotideDistance":0,"componentName":"Binding mode 2","freezingLevel":0,"positionBias":false,"includeComponent":false,"variationDescription":[],"modifications":[]}],"letterComplement":"C-G,A-T"},"coefficients":{"enrichmentModel":[{}],"countTable":[{"h":[0.5425581197757605,0.033912124595735504,-0.0463499254232122,-0.04283989793483301,-0.4872804210102727]}],"bindingModeInteractions":[],"bindingModes":[{"mononucleotide":[],"activity":[[-2.8900853984863824E-8,0.4955083958576526,0.045499751182761915,-0.07062481184739676,0.3651995133944862]],"dinucleotide":[],"modifications":[]},{"mononucleotide":[-0.7071829234188413,-0.8297858834840119,-0.7051481732741641,-0.7163258749844676,-0.14957009890418171,-1.1389865622953188,-0.38117877512185677,-1.2887074188414307,-0.6556182737471645,-1.086361563421065,-1.7999181461001705,0.583455128131155,-1.2624532212331065,0.3694931458971543,-0.35694657298693544,-1.7082695172349043,0.48124767906034277,-1.8030194849560617,-0.4705964814250139,-1.1658078782365617,-1.7617432093759315,0.3673246767927999,-0.7336281662467131,-0.8303961563146365,-0.8303961563146365,-0.7336281662467131,0.3673246767927999,-1.7617432093759315,-1.1658078782365617,-0.4705964814250139,-1.8030194849560617,0.48124767906034277,-1.7082695172349043,-0.35694657298693544,0.3694931458971543,-1.2624532212331065,0.583455128131155,-1.7999181461001705,-1.086361563421065,-0.6556182737471645,-1.2887074188414307,-0.38117877512185677,-1.1389865622953188,-0.14957009890418171,-0.7163258749844676,-0.7051481732741641,-0.8297858834840119,-0.7071829234188413],"activity":[[5.823270718185287E-5,-1.0492362232016557,-0.6247567345117783,-0.4594996145360415,-0.8603943328583019]],"dinucleotide":[],"modifications":[]},{"mononucleotide":[0,0,0,0,0,0,0,0,0,0,0,0,0,0,0,0,0,0,0,0,0,0,0,0,0,0,0,0,0,0,0,0,0,0,0,0,0,0,0,0,0,0,0,0,0,0,0,0,0,0,0,0,0,0,0,0,0,0,0,0,0,0,0,0],"activity":[[0,0,0,0,0]],"dinucleotide":[],"modifications":[]}]},"modelFittingConstraints":{"enrichmentModel":[{"trySaturation":false}],"countTable":[{}],"bindingModes":[{"maxFlankLength":-1,"positionBiasBinWidth":1,"optimizeSizeHeuristic":false,"maxSize":-1,"optimizeFlankLength":false,"symmetryString":"null","roundSpecificActivity":true,"informationThreshold":0.1,"optimizeMotifShift":false,"fittingStages":[],"optimizeMotifShiftHeuristic":false,"experimentSpecificPositionBias":true,"minSize":-1,"experimentSpecificActivity":true,"optimizeSize":false},{"maxFlankLength":-1,"positionBiasBinWidth":1,"optimizeSizeHeuristic":false,"maxSize":-1,"optimizeFlankLength":false,"symmetryString":"abcdefFEDCBA","roundSpecificActivity":true,"informationThreshold":0.1,"optimizeMotifShift":false,"fittingStages":[{"optimizeFlankLength":true},{"optimizeMotifShift":false},{"optimizeMotifShiftHeuristic":false}],"optimizeMotifShiftHeuristic":false,"experimentSpecificPositionBias":true,"minSize":-1,"experimentSpecificActivity":true,"optimizeSize":false},{"maxFlankLength":-1,"positionBiasBinWidth":1,"optimizeSizeHeuristic":false,"maxSize":-1,"optimizeFlankLength":true,"symmetryString":"abcdefghHGFEDCBA","roundSpecificActivity":true,"informationThreshold":0.1,"optimizeMotifShift":false,"fittingStages":[{"optimizeFlankLength":true},{"optimizeMotifShift":false},{"optimizeMotifShiftHeuristic":false}],"optimizeMotifShiftHeuristic":false,"experimentSpecificPositionBias":true,"minSize":-1,"experimentSpecificActivity":true,"optimizeSize":false}]}}
{"metadata":{"timeStamp":"2023-04-02 01:25:52.892","logLikelihoodPerRead":1.5915275434865386,"logLikelihood":795723.8103298949,"gradientCalls":431,"fitSteps":425,"regularization":7.992282674906042E-5,"functionCalls":0,"fitter":"proBound","fitName":"component2-0-h","fitTime":92.121,"dataLoops":431},"optimizerSetting":{"output":{"outputPath":"/mnt/e/desktop/HB_Rotation_1/ProBound_run/Srebf1__Yang2017/result","baseName":"fit"},"nThreads":12,"likelihoodThreshold":2.0E-4,"lbfgsSettings":{"memory":100,"convergence":1.0E-7,"MCSearch":true,"maxIters":2000},"lambdaL2":1.0E-6,"fixedLibrarySize":false,"expBound":40,"nRetries":3,"hkSettings":{"epsilon":1.0E-7,"kickFinal":false,"fdDelta":1.0E-4,"kickAll":false,"maxIters":200,"evCutoff":1.0E-9}},"modelSettings":{"enrichmentModel":[{"variationsOptimized":false,"bindingSaturation":false,"cumulativeEnrichment":true,"concentration":1,"modelType":"SELEX","bindingModeInteractions":[],"componentName":"SELEX enrichment model 0","freezingLevel":0,"includeComponent":true,"bindingModes":[0,1,2],"variationDescription":[],"modifications":[]}],"letterOrder":"ACGT","countTable":[{"leftFlank":"CGGAGTCGGCAAGCAGAAGACGGCATACGATCG","variationsOptimized":true,"transliterate":{"in":[],"out":[]},"variableRegionLength":20,"countTableFile":"/mnt/e/countTables/Yang2017/Srebf1_ESZ_TACATT20NCG.100000.tsv","modeledColumns":[0,1,2,3,4],"inputFileType":"tsv","nColumns":5,"rightFlank":"AATGTAGATCGGAAGAGCGTCG","componentName":"Count table 0","freezingLevel":0,"includeComponent":true,"variationDescription":[]}],"bindingModeInteractions":[],"bindingModes":[{"variationsOptimized":true,"fitLogActivity":true,"flankLength":0,"singleStrand":false,"variationName":"0;0;0","size":0,"dinucleotideDistance":0,"componentName":"Binding mode 0","freezingLevel":0,"positionBias":false,"includeComponent":true,"variationDescription":[{"variationName":"0;0;0","descriptionString":"Initial model."}],"modifications":[]},{"variationsOptimized":true,"fitLogActivity":true,"flankLength":2,"singleStrand":false,"variationName":"12;2;0","size":12,"dinucleotideDistance":0,"componentName":"Binding mode 1","freezingLevel":0,"positionBias":false,"includeComponent":true,"variationDescription":[{"variationName":"12;1;0","descriptionString":"Increases flank length."},{"variationName":"12;3;0","descriptionString":"Increases flank length."},{"variationName":"12;0;0","descriptionString":"Initial model."},{"variationName":"12;2;0","descriptionString":"Increases flank length."}],"modifications":[]},{"variationsOptimized":false,"fitLogActivity":true,"flankLength":0,"singleStrand":false,"variationName":"16;0;0","size":16,"dinucleotideDistance":0,"componentName":"Binding mode 2","freezingLevel":0,"positionBias":false,"includeComponent":true,"variationDescription":[],"modifications":[]}],"letterComplement":"C-G,A-T"},"coefficients":{"enrichmentModel":[{}],"countTable":[{"h":[2.768555318441052,1.1349793354450681,-0.060309426279690555,-1.1572435713417257,-2.6859816562615264]}],"bindingModeInteractions":[],"bindingModes":[{"mononucleotide":[],"activity":[[-2.8900853984863824E-8,0.4955083958576526,0.045499751182761915,-0.07062481184739676,0.3651995133944862]],"dinucleotide":[],"modifications":[]},{"mononucleotide":[-0.7071829234188413,-0.8297858834840119,-0.7051481732741641,-0.7163258749844676,-0.14957009890418171,-1.1389865622953188,-0.38117877512185677,-1.2887074188414307,-0.6556182737471645,-1.086361563421065,-1.7999181461001705,0.583455128131155,-1.2624532212331065,0.3694931458971543,-0.35694657298693544,-1.7082695172349043,0.48124767906034277,-1.8030194849560617,-0.4705964814250139,-1.1658078782365617,-1.7617432093759315,0.3673246767927999,-0.7336281662467131,-0.8303961563146365,-0.8303961563146365,-0.7336281662467131,0.3673246767927999,-1.7617432093759315,-1.1658078782365617,-0.4705964814250139,-1.8030194849560617,0.48124767906034277,-1.7082695172349043,-0.35694657298693544,0.3694931458971543,-1.2624532212331065,0.583455128131155,-1.7999181461001705,-1.086361563421065,-0.6556182737471645,-1.2887074188414307,-0.38117877512185677,-1.1389865622953188,-0.14957009890418171,-0.7163258749844676,-0.7051481732741641,-0.8297858834840119,-0.7071829234188413],"activity":[[5.823270718185287E-5,-1.0492362232016557,-0.6247567345117783,-0.4594996145360415,-0.8603943328583019]],"dinucleotide":[],"modifications":[]},{"mononucleotide":[0,0,0,0,0,0,0,0,0,0,0,0,0,0,0,0,0,0,0,0,0,0,0,0,0,0,0,0,0,0,0,0,0,0,0,0,0,0,0,0,0,0,0,0,0,0,0,0,0,0,0,0,0,0,0,0,0,0,0,0,0,0,0,0],"activity":[[-1.5590690709653938,-1.0648023200349592,-1.514340102432989,-1.6302022730954586,-1.1949845215979775]],"dinucleotide":[],"modifications":[]}]},"modelFittingConstraints":{"enrichmentModel":[{"trySaturation":false}],"countTable":[{}],"bindingModes":[{"maxFlankLength":-1,"positionBiasBinWidth":1,"optimizeSizeHeuristic":false,"maxSize":-1,"optimizeFlankLength":false,"symmetryString":"null","roundSpecificActivity":true,"informationThreshold":0.1,"optimizeMotifShift":false,"fittingStages":[],"optimizeMotifShiftHeuristic":false,"experimentSpecificPositionBias":true,"minSize":-1,"experimentSpecificActivity":true,"optimizeSize":false},{"maxFlankLength":-1,"positionBiasBinWidth":1,"optimizeSizeHeuristic":false,"maxSize":-1,"optimizeFlankLength":false,"symmetryString":"abcdefFEDCBA","roundSpecificActivity":true,"informationThreshold":0.1,"optimizeMotifShift":false,"fittingStages":[{"optimizeFlankLength":true},{"optimizeMotifShift":false},{"optimizeMotifShiftHeuristic":false}],"optimizeMotifShiftHeuristic":false,"experimentSpecificPositionBias":true,"minSize":-1,"experimentSpecificActivity":true,"optimizeSize":false},{"maxFlankLength":-1,"positionBiasBinWidth":1,"optimizeSizeHeuristic":false,"maxSize":-1,"optimizeFlankLength":true,"symmetryString":"abcdefghHGFEDCBA","roundSpecificActivity":true,"informationThreshold":0.1,"optimizeMotifShift":false,"fittingStages":[{"optimizeFlankLength":true},{"optimizeMotifShift":false},{"optimizeMotifShiftHeuristic":false}],"optimizeMotifShiftHeuristic":false,"experimentSpecificPositionBias":true,"minSize":-1,"experimentSpecificActivity":true,"optimizeSize":false}]}}
{"metadata":{"timeStamp":"2023-04-02 01:26:34.736","logLikelihoodPerRead":1.589756411313079,"logLikelihood":793041.8118275666,"gradientCalls":616,"fitSteps":605,"regularization":0.003672787657946125,"functionCalls":0,"fitter":"proBound","fitName":"component2-1-f0","fitTime":133.965,"dataLoops":616},"optimizerSetting":{"output":{"outputPath":"/mnt/e/desktop/HB_Rotation_1/ProBound_run/Srebf1__Yang2017/result","baseName":"fit"},"nThreads":12,"likelihoodThreshold":2.0E-4,"lbfgsSettings":{"memory":100,"convergence":1.0E-7,"MCSearch":true,"maxIters":2000},"lambdaL2":1.0E-6,"fixedLibrarySize":false,"expBound":40,"nRetries":3,"hkSettings":{"epsilon":1.0E-7,"kickFinal":false,"fdDelta":1.0E-4,"kickAll":false,"maxIters":200,"evCutoff":1.0E-9}},"modelSettings":{"enrichmentModel":[{"variationsOptimized":false,"bindingSaturation":false,"cumulativeEnrichment":true,"concentration":1,"modelType":"SELEX","bindingModeInteractions":[],"componentName":"SELEX enrichment model 0","freezingLevel":0,"includeComponent":true,"bindingModes":[0,1,2],"variationDescription":[],"modifications":[]}],"letterOrder":"ACGT","countTable":[{"leftFlank":"CGGAGTCGGCAAGCAGAAGACGGCATACGATCG","variationsOptimized":true,"transliterate":{"in":[],"out":[]},"variableRegionLength":20,"countTableFile":"/mnt/e/countTables/Yang2017/Srebf1_ESZ_TACATT20NCG.100000.tsv","modeledColumns":[0,1,2,3,4],"inputFileType":"tsv","nColumns":5,"rightFlank":"AATGTAGATCGGAAGAGCGTCG","componentName":"Count table 0","freezingLevel":0,"includeComponent":true,"variationDescription":[]}],"bindingModeInteractions":[],"bindingModes":[{"variationsOptimized":true,"fitLogActivity":true,"flankLength":0,"singleStrand":false,"variationName":"0;0;0","size":0,"dinucleotideDistance":0,"componentName":"Binding mode 0","freezingLevel":0,"positionBias":false,"includeComponent":true,"variationDescription":[{"variationName":"0;0;0","descriptionString":"Initial model."}],"modifications":[]},{"variationsOptimized":true,"fitLogActivity":true,"flankLength":2,"singleStrand":false,"variationName":"12;2;0","size":12,"dinucleotideDistance":0,"componentName":"Binding mode 1","freezingLevel":0,"positionBias":false,"includeComponent":true,"variationDescription":[{"variationName":"12;1;0","descriptionString":"Increases flank length."},{"variationName":"12;3;0","descriptionString":"Increases flank length."},{"variationName":"12;0;0","descriptionString":"Initial model."},{"variationName":"12;2;0","descriptionString":"Increases flank length."}],"modifications":[]},{"variationsOptimized":false,"fitLogActivity":true,"flankLength":0,"singleStrand":false,"variationName":"16;0;0","size":16,"dinucleotideDistance":0,"componentName":"Binding mode 2","freezingLevel":0,"positionBias":false,"includeComponent":true,"variationDescription":[],"modifications":[]}],"letterComplement":"C-G,A-T"},"coefficients":{"enrichmentModel":[{}],"countTable":[{"h":[0.708314026422156,0.13914377184391594,-0.024058874466710567,-0.16078407618024654,-0.662614847616984]}],"bindingModeInteractions":[],"bindingModes":[{"mononucleotide":[],"activity":[[-2.8900853984863824E-8,0.4955083958576526,0.045499751182761915,-0.07062481184739676,0.3651995133944862]],"dinucleotide":[],"modifications":[]},{"mononucleotide":[-0.7071829234188413,-0.8297858834840119,-0.7051481732741641,-0.7163258749844676,-0.14957009890418171,-1.1389865622953188,-0.38117877512185677,-1.2887074188414307,-0.6556182737471645,-1.086361563421065,-1.7999181461001705,0.583455128131155,-1.2624532212331065,0.3694931458971543,-0.35694657298693544,-1.7082695172349043,0.48124767906034277,-1.8030194849560617,-0.4705964814250139,-1.1658078782365617,-1.7617432093759315,0.3673246767927999,-0.7336281662467131,-0.8303961563146365,-0.8303961563146365,-0.7336281662467131,0.3673246767927999,-1.7617432093759315,-1.1658078782365617,-0.4705964814250139,-1.8030194849560617,0.48124767906034277,-1.7082695172349043,-0.35694657298693544,0.3694931458971543,-1.2624532212331065,0.583455128131155,-1.7999181461001705,-1.086361563421065,-0.6556182737471645,-1.2887074188414307,-0.38117877512185677,-1.1389865622953188,-0.14957009890418171,-0.7163258749844676,-0.7051481732741641,-0.8297858834840119,-0.7071829234188413],"activity":[[5.823270718185287E-5,-1.0492362232016557,-0.6247567345117783,-0.4594996145360415,-0.8603943328583019]],"dinucleotide":[],"modifications":[]},{"mononucleotide":[-0.4670187605974128,-0.08735890861013952,-0.42080220693339143,-0.1834543524664201,-0.15763589857152682,-0.518341582544558,-0.00860026605910475,-0.47405648143239115,-0.26988843711534316,-0.4172832225144443,-0.6953106029722821,0.22384803399518527,-0.4381559278371757,-0.2582594864540721,0.07932681422036285,-0.5415456285366815,0.19180555159010168,-0.4019712450138718,-0.5411471429444473,-0.40732139223934005,-0.479094475579261,-0.2376503451953584,-0.4955530188489827,0.05366361101606056,-0.3283248708321808,-0.26127742523044295,-0.2556697540762406,-0.31336217846904824,-0.31591085505052924,-0.27790413467180775,-0.30822415335266484,-0.25659508553336396,-0.25659508553336396,-0.30822415335266484,-0.27790413467180775,-0.31591085505052924,-0.31336217846904824,-0.2556697540762406,-0.26127742523044295,-0.3283248708321808,0.05366361101606056,-0.4955530188489827,-0.2376503451953584,-0.479094475579261,-0.40732139223934005,-0.5411471429444473,-0.4019712450138718,0.19180555159010168,-0.5415456285366815,0.07932681422036285,-0.2582594864540721,-0.4381559278371757,0.22384803399518527,-0.6953106029722821,-0.4172832225144443,-0.26988843711534316,-0.47405648143239115,-0.00860026605910475,-0.518341582544558,-0.15763589857152682,-0.1834543524664201,-0.42080220693339143,-0.08735890861013952,-0.4670187605974128],"activity":[[-0.024342302560042467,-0.28826856370450765,-0.4071971440894698,0.03978415107300255,-0.47054977043311785]],"dinucleotide":[],"modifications":[]}]},"modelFittingConstraints":{"enrichmentModel":[{"trySaturation":false}],"countTable":[{}],"bindingModes":[{"maxFlankLength":-1,"positionBiasBinWidth":1,"optimizeSizeHeuristic":false,"maxSize":-1,"optimizeFlankLength":false,"symmetryString":"null","roundSpecificActivity":true,"informationThreshold":0.1,"optimizeMotifShift":false,"fittingStages":[],"optimizeMotifShiftHeuristic":false,"experimentSpecificPositionBias":true,"minSize":-1,"experimentSpecificActivity":true,"optimizeSize":false},{"maxFlankLength":-1,"positionBiasBinWidth":1,"optimizeSizeHeuristic":false,"maxSize":-1,"optimizeFlankLength":false,"symmetryString":"abcdefFEDCBA","roundSpecificActivity":true,"informationThreshold":0.1,"optimizeMotifShift":false,"fittingStages":[{"optimizeFlankLength":true},{"optimizeMotifShift":false},{"optimizeMotifShiftHeuristic":false}],"optimizeMotifShiftHeuristic":false,"experimentSpecificPositionBias":true,"minSize":-1,"experimentSpecificActivity":true,"optimizeSize":false},{"maxFlankLength":-1,"positionBiasBinWidth":1,"optimizeSizeHeuristic":false,"maxSize":-1,"optimizeFlankLength":true,"symmetryString":"abcdefghHGFEDCBA","roundSpecificActivity":true,"informationThreshold":0.1,"optimizeMotifShift":false,"fittingStages":[{"optimizeFlankLength":true},{"optimizeMotifShift":false},{"optimizeMotifShiftHeuristic":false}],"optimizeMotifShiftHeuristic":false,"experimentSpecificPositionBias":true,"minSize":-1,"experimentSpecificActivity":true,"optimizeSize":false}]}}
{"metadata":{"timeStamp":"2023-04-02 01:26:34.968","logLikelihoodPerRead":1.589756411313079,"logLikelihood":793041.8118275666,"gradientCalls":617,"fitSteps":608,"regularization":0.003672787657946125,"functionCalls":0,"fitter":"proBound","fitName":"component2-2-variation0","fitTime":134.197,"dataLoops":617},"optimizerSetting":{"output":{"outputPath":"/mnt/e/desktop/HB_Rotation_1/ProBound_run/Srebf1__Yang2017/result","baseName":"fit"},"nThreads":12,"likelihoodThreshold":2.0E-4,"lbfgsSettings":{"memory":100,"convergence":1.0E-7,"MCSearch":true,"maxIters":2000},"lambdaL2":1.0E-6,"fixedLibrarySize":false,"expBound":40,"nRetries":3,"hkSettings":{"epsilon":1.0E-7,"kickFinal":false,"fdDelta":1.0E-4,"kickAll":false,"maxIters":200,"evCutoff":1.0E-9}},"modelSettings":{"enrichmentModel":[{"variationsOptimized":false,"bindingSaturation":false,"cumulativeEnrichment":true,"concentration":1,"modelType":"SELEX","bindingModeInteractions":[],"componentName":"SELEX enrichment model 0","freezingLevel":0,"includeComponent":true,"bindingModes":[0,1,2],"variationDescription":[],"modifications":[]}],"letterOrder":"ACGT","countTable":[{"leftFlank":"CGGAGTCGGCAAGCAGAAGACGGCATACGATCG","variationsOptimized":true,"transliterate":{"in":[],"out":[]},"variableRegionLength":20,"countTableFile":"/mnt/e/countTables/Yang2017/Srebf1_ESZ_TACATT20NCG.100000.tsv","modeledColumns":[0,1,2,3,4],"inputFileType":"tsv","nColumns":5,"rightFlank":"AATGTAGATCGGAAGAGCGTCG","componentName":"Count table 0","freezingLevel":0,"includeComponent":true,"variationDescription":[]}],"bindingModeInteractions":[],"bindingModes":[{"variationsOptimized":true,"fitLogActivity":true,"flankLength":0,"singleStrand":false,"variationName":"0;0;0","size":0,"dinucleotideDistance":0,"componentName":"Binding mode 0","freezingLevel":0,"positionBias":false,"includeComponent":true,"variationDescription":[{"variationName":"0;0;0","descriptionString":"Initial model."}],"modifications":[]},{"variationsOptimized":true,"fitLogActivity":true,"flankLength":2,"singleStrand":false,"variationName":"12;2;0","size":12,"dinucleotideDistance":0,"componentName":"Binding mode 1","freezingLevel":0,"positionBias":false,"includeComponent":true,"variationDescription":[{"variationName":"12;1;0","descriptionString":"Increases flank length."},{"variationName":"12;3;0","descriptionString":"Increases flank length."},{"variationName":"12;0;0","descriptionString":"Initial model."},{"variationName":"12;2;0","descriptionString":"Increases flank length."}],"modifications":[]},{"variationsOptimized":false,"fitLogActivity":true,"flankLength":0,"singleStrand":false,"variationName":"16;0;0","size":16,"dinucleotideDistance":0,"componentName":"Binding mode 2","freezingLevel":0,"positionBias":false,"includeComponent":true,"variationDescription":[{"variationName":"16;0;0","descriptionString":"Initial model."}],"modifications":[]}],"letterComplement":"C-G,A-T"},"coefficients":{"enrichmentModel":[{}],"countTable":[{"h":[0.708314026422156,0.13914377184391594,-0.024058874466710567,-0.16078407618024654,-0.662614847616984]}],"bindingModeInteractions":[],"bindingModes":[{"mononucleotide":[],"activity":[[-2.8900853984863824E-8,0.4955083958576526,0.045499751182761915,-0.07062481184739676,0.3651995133944862]],"dinucleotide":[],"modifications":[]},{"mononucleotide":[-0.7071829234188413,-0.8297858834840119,-0.7051481732741641,-0.7163258749844676,-0.14957009890418171,-1.1389865622953188,-0.38117877512185677,-1.2887074188414307,-0.6556182737471645,-1.086361563421065,-1.7999181461001705,0.583455128131155,-1.2624532212331065,0.3694931458971543,-0.35694657298693544,-1.7082695172349043,0.48124767906034277,-1.8030194849560617,-0.4705964814250139,-1.1658078782365617,-1.7617432093759315,0.3673246767927999,-0.7336281662467131,-0.8303961563146365,-0.8303961563146365,-0.7336281662467131,0.3673246767927999,-1.7617432093759315,-1.1658078782365617,-0.4705964814250139,-1.8030194849560617,0.48124767906034277,-1.7082695172349043,-0.35694657298693544,0.3694931458971543,-1.2624532212331065,0.583455128131155,-1.7999181461001705,-1.086361563421065,-0.6556182737471645,-1.2887074188414307,-0.38117877512185677,-1.1389865622953188,-0.14957009890418171,-0.7163258749844676,-0.7051481732741641,-0.8297858834840119,-0.7071829234188413],"activity":[[5.823270718185287E-5,-1.0492362232016557,-0.6247567345117783,-0.4594996145360415,-0.8603943328583019]],"dinucleotide":[],"modifications":[]},{"mononucleotide":[-0.4670187605974128,-0.08735890861013952,-0.42080220693339143,-0.1834543524664201,-0.15763589857152682,-0.518341582544558,-0.00860026605910475,-0.47405648143239115,-0.26988843711534316,-0.4172832225144443,-0.6953106029722821,0.22384803399518527,-0.4381559278371757,-0.2582594864540721,0.07932681422036285,-0.5415456285366815,0.19180555159010168,-0.4019712450138718,-0.5411471429444473,-0.40732139223934005,-0.479094475579261,-0.2376503451953584,-0.4955530188489827,0.05366361101606056,-0.3283248708321808,-0.26127742523044295,-0.2556697540762406,-0.31336217846904824,-0.31591085505052924,-0.27790413467180775,-0.30822415335266484,-0.25659508553336396,-0.25659508553336396,-0.30822415335266484,-0.27790413467180775,-0.31591085505052924,-0.31336217846904824,-0.2556697540762406,-0.26127742523044295,-0.3283248708321808,0.05366361101606056,-0.4955530188489827,-0.2376503451953584,-0.479094475579261,-0.40732139223934005,-0.5411471429444473,-0.4019712450138718,0.19180555159010168,-0.5415456285366815,0.07932681422036285,-0.2582594864540721,-0.4381559278371757,0.22384803399518527,-0.6953106029722821,-0.4172832225144443,-0.26988843711534316,-0.47405648143239115,-0.00860026605910475,-0.518341582544558,-0.15763589857152682,-0.1834543524664201,-0.42080220693339143,-0.08735890861013952,-0.4670187605974128],"activity":[[-0.024342302560042467,-0.28826856370450765,-0.4071971440894698,0.03978415107300255,-0.47054977043311785]],"dinucleotide":[],"modifications":[]}]},"modelFittingConstraints":{"enrichmentModel":[{"trySaturation":false}],"countTable":[{}],"bindingModes":[{"maxFlankLength":-1,"positionBiasBinWidth":1,"optimizeSizeHeuristic":false,"maxSize":-1,"optimizeFlankLength":false,"symmetryString":"null","roundSpecificActivity":true,"informationThreshold":0.1,"optimizeMotifShift":false,"fittingStages":[],"optimizeMotifShiftHeuristic":false,"experimentSpecificPositionBias":true,"minSize":-1,"experimentSpecificActivity":true,"optimizeSize":false},{"maxFlankLength":-1,"positionBiasBinWidth":1,"optimizeSizeHeuristic":false,"maxSize":-1,"optimizeFlankLength":false,"symmetryString":"abcdefFEDCBA","roundSpecificActivity":true,"informationThreshold":0.1,"optimizeMotifShift":false,"fittingStages":[{"optimizeFlankLength":true},{"optimizeMotifShift":false},{"optimizeMotifShiftHeuristic":false}],"optimizeMotifShiftHeuristic":false,"experimentSpecificPositionBias":true,"minSize":-1,"experimentSpecificActivity":true,"optimizeSize":false},{"maxFlankLength":-1,"positionBiasBinWidth":1,"optimizeSizeHeuristic":false,"maxSize":-1,"optimizeFlankLength":true,"symmetryString":"abcdefghHGFEDCBA","roundSpecificActivity":true,"informationThreshold":0.1,"optimizeMotifShift":false,"fittingStages":[{"optimizeFlankLength":true},{"optimizeMotifShift":false},{"optimizeMotifShiftHeuristic":false}],"optimizeMotifShiftHeuristic":false,"experimentSpecificPositionBias":true,"minSize":-1,"experimentSpecificActivity":true,"optimizeSize":false}]}}
{"metadata":{"timeStamp":"2023-04-02 01:26:59.359","logLikelihoodPerRead":1.590122381035484,"logLikelihood":793183.7130385799,"gradientCalls":711,"fitSteps":701,"regularization":0.003754954958324264,"functionCalls":0,"fitter":"proBound","fitName":"component2-2-variation1","fitTime":158.588,"dataLoops":711},"optimizerSetting":{"output":{"outputPath":"/mnt/e/desktop/HB_Rotation_1/ProBound_run/Srebf1__Yang2017/result","baseName":"fit"},"nThreads":12,"likelihoodThreshold":2.0E-4,"lbfgsSettings":{"memory":100,"convergence":1.0E-7,"MCSearch":true,"maxIters":2000},"lambdaL2":1.0E-6,"fixedLibrarySize":false,"expBound":40,"nRetries":3,"hkSettings":{"epsilon":1.0E-7,"kickFinal":false,"fdDelta":1.0E-4,"kickAll":false,"maxIters":200,"evCutoff":1.0E-9}},"modelSettings":{"enrichmentModel":[{"variationsOptimized":false,"bindingSaturation":false,"cumulativeEnrichment":true,"concentration":1,"modelType":"SELEX","bindingModeInteractions":[],"componentName":"SELEX enrichment model 0","freezingLevel":0,"includeComponent":true,"bindingModes":[0,1,2],"variationDescription":[],"modifications":[]}],"letterOrder":"ACGT","countTable":[{"leftFlank":"CGGAGTCGGCAAGCAGAAGACGGCATACGATCG","variationsOptimized":true,"transliterate":{"in":[],"out":[]},"variableRegionLength":20,"countTableFile":"/mnt/e/countTables/Yang2017/Srebf1_ESZ_TACATT20NCG.100000.tsv","modeledColumns":[0,1,2,3,4],"inputFileType":"tsv","nColumns":5,"rightFlank":"AATGTAGATCGGAAGAGCGTCG","componentName":"Count table 0","freezingLevel":0,"includeComponent":true,"variationDescription":[]}],"bindingModeInteractions":[],"bindingModes":[{"variationsOptimized":true,"fitLogActivity":true,"flankLength":0,"singleStrand":false,"variationName":"0;0;0","size":0,"dinucleotideDistance":0,"componentName":"Binding mode 0","freezingLevel":0,"positionBias":false,"includeComponent":true,"variationDescription":[{"variationName":"0;0;0","descriptionString":"Initial model."}],"modifications":[]},{"variationsOptimized":true,"fitLogActivity":true,"flankLength":2,"singleStrand":false,"variationName":"12;2;0","size":12,"dinucleotideDistance":0,"componentName":"Binding mode 1","freezingLevel":0,"positionBias":false,"includeComponent":true,"variationDescription":[{"variationName":"12;1;0","descriptionString":"Increases flank length."},{"variationName":"12;3;0","descriptionString":"Increases flank length."},{"variationName":"12;0;0","descriptionString":"Initial model."},{"variationName":"12;2;0","descriptionString":"Increases flank length."}],"modifications":[]},{"variationsOptimized":false,"fitLogActivity":true,"flankLength":1,"singleStrand":false,"variationName":"16;0;0","size":16,"dinucleotideDistance":0,"componentName":"Binding mode 2","freezingLevel":0,"positionBias":false,"includeComponent":true,"variationDescription":[{"variationName":"16;1;0","descriptionString":"Increases flank length."},{"variationName":"16;0;0","descriptionString":"Initial model."}],"modifications":[]}],"letterComplement":"C-G,A-T"},"coefficients":{"enrichmentModel":[{}],"countTable":[{"h":[0.6048030218560576,0.08948699529662317,-0.022729005428531773,-0.0947698362812322,-0.576791175436511]}],"bindingModeInteractions":[],"bindingModes":[{"mononucleotide":[],"activity":[[-2.8900853984863824E-8,0.4955083958576526,0.045499751182761915,-0.07062481184739676,0.3651995133944862]],"dinucleotide":[],"modifications":[]},{"mononucleotide":[-0.7071829234188413,-0.8297858834840119,-0.7051481732741641,-0.7163258749844676,-0.14957009890418171,-1.1389865622953188,-0.38117877512185677,-1.2887074188414307,-0.6556182737471645,-1.086361563421065,-1.7999181461001705,0.583455128131155,-1.2624532212331065,0.3694931458971543,-0.35694657298693544,-1.7082695172349043,0.48124767906034277,-1.8030194849560617,-0.4705964814250139,-1.1658078782365617,-1.7617432093759315,0.3673246767927999,-0.7336281662467131,-0.8303961563146365,-0.8303961563146365,-0.7336281662467131,0.3673246767927999,-1.7617432093759315,-1.1658078782365617,-0.4705964814250139,-1.8030194849560617,0.48124767906034277,-1.7082695172349043,-0.35694657298693544,0.3694931458971543,-1.2624532212331065,0.583455128131155,-1.7999181461001705,-1.086361563421065,-0.6556182737471645,-1.2887074188414307,-0.38117877512185677,-1.1389865622953188,-0.14957009890418171,-0.7163258749844676,-0.7051481732741641,-0.8297858834840119,-0.7071829234188413],"activity":[[5.823270718185287E-5,-1.0492362232016557,-0.6247567345117783,-0.4594996145360415,-0.8603943328583019]],"dinucleotide":[],"modifications":[]},{"mononucleotide":[-0.5675495454216497,0.13572661492069132,-0.5988560353331474,-0.5475514171334251,-0.3424618460533699,-0.6456092127100889,0.026380385326363328,-0.6165397095300122,-0.4409309705002261,-0.5684794035488621,-0.96837689141883,0.39955688250062743,-0.6261204638266921,-0.46852035402994147,0.09013443730375627,-0.5737240024142479,0.28547814334357813,-0.588023827911139,-0.7710160058826687,-0.5046686925170161,-0.5470821048049673,-0.3096395643903728,-0.8109233103406988,0.08941459656886817,-0.35040024190665625,-0.29240892879439323,-0.4125376995051675,-0.5228835127613777,-0.388607871512481,-0.3640020843265501,-0.441770003408988,-0.38385042371918937,-0.38385042371918937,-0.441770003408988,-0.3640020843265501,-0.388607871512481,-0.5228835127613777,-0.4125376995051675,-0.29240892879439323,-0.35040024190665625,0.08941459656886817,-0.8109233103406988,-0.3096395643903728,-0.5470821048049673,-0.5046686925170161,-0.7710160058826687,-0.588023827911139,0.28547814334357813,-0.5737240024142479,0.09013443730375627,-0.46852035402994147,-0.6261204638266921,0.39955688250062743,-0.96837689141883,-0.5684794035488621,-0.4409309705002261,-0.6165397095300122,0.026380385326363328,-0.6456092127100889,-0.3424618460533699,-0.5475514171334251,-0.5988560353331474,0.13572661492069132,-0.5675495454216497],"activity":[[-4.076926837057964E-4,-1.5550059597675878,-0.4115647404582415,0.3565808690926467,0.030500577349419238]],"dinucleotide":[],"modifications":[]}]},"modelFittingConstraints":{"enrichmentModel":[{"trySaturation":false}],"countTable":[{}],"bindingModes":[{"maxFlankLength":-1,"positionBiasBinWidth":1,"optimizeSizeHeuristic":false,"maxSize":-1,"optimizeFlankLength":false,"symmetryString":"null","roundSpecificActivity":true,"informationThreshold":0.1,"optimizeMotifShift":false,"fittingStages":[],"optimizeMotifShiftHeuristic":false,"experimentSpecificPositionBias":true,"minSize":-1,"experimentSpecificActivity":true,"optimizeSize":false},{"maxFlankLength":-1,"positionBiasBinWidth":1,"optimizeSizeHeuristic":false,"maxSize":-1,"optimizeFlankLength":false,"symmetryString":"abcdefFEDCBA","roundSpecificActivity":true,"informationThreshold":0.1,"optimizeMotifShift":false,"fittingStages":[{"optimizeFlankLength":true},{"optimizeMotifShift":false},{"optimizeMotifShiftHeuristic":false}],"optimizeMotifShiftHeuristic":false,"experimentSpecificPositionBias":true,"minSize":-1,"experimentSpecificActivity":true,"optimizeSize":false},{"maxFlankLength":-1,"positionBiasBinWidth":1,"optimizeSizeHeuristic":false,"maxSize":-1,"optimizeFlankLength":true,"symmetryString":"abcdefghHGFEDCBA","roundSpecificActivity":true,"informationThreshold":0.1,"optimizeMotifShift":false,"fittingStages":[{"optimizeFlankLength":true},{"optimizeMotifShift":false},{"optimizeMotifShiftHeuristic":false}],"optimizeMotifShiftHeuristic":false,"experimentSpecificPositionBias":true,"minSize":-1,"experimentSpecificActivity":true,"optimizeSize":false}]}}
{"metadata":{"timeStamp":"2023-04-02 01:29:42.335","logLikelihoodPerRead":1.5926368178012607,"logLikelihood":792933.6298606987,"gradientCalls":1137,"fitSteps":1101,"regularization":0.0067695580798633,"functionCalls":0,"fitter":"proBound","fitName":"component2-4-all","fitTime":321.564,"dataLoops":1137},"optimizerSetting":{"output":{"outputPath":"/mnt/e/desktop/HB_Rotation_1/ProBound_run/Srebf1__Yang2017/result","baseName":"fit"},"nThreads":12,"likelihoodThreshold":2.0E-4,"lbfgsSettings":{"memory":100,"convergence":1.0E-7,"MCSearch":true,"maxIters":2000},"lambdaL2":1.0E-6,"fixedLibrarySize":false,"expBound":40,"nRetries":3,"hkSettings":{"epsilon":1.0E-7,"kickFinal":false,"fdDelta":1.0E-4,"kickAll":false,"maxIters":200,"evCutoff":1.0E-9}},"modelSettings":{"enrichmentModel":[{"variationsOptimized":false,"bindingSaturation":false,"cumulativeEnrichment":true,"concentration":1,"modelType":"SELEX","bindingModeInteractions":[],"componentName":"SELEX enrichment model 0","freezingLevel":0,"includeComponent":true,"bindingModes":[0,1,2],"variationDescription":[],"modifications":[]}],"letterOrder":"ACGT","countTable":[{"leftFlank":"CGGAGTCGGCAAGCAGAAGACGGCATACGATCG","variationsOptimized":true,"transliterate":{"in":[],"out":[]},"variableRegionLength":20,"countTableFile":"/mnt/e/countTables/Yang2017/Srebf1_ESZ_TACATT20NCG.100000.tsv","modeledColumns":[0,1,2,3,4],"inputFileType":"tsv","nColumns":5,"rightFlank":"AATGTAGATCGGAAGAGCGTCG","componentName":"Count table 0","freezingLevel":0,"includeComponent":true,"variationDescription":[]}],"bindingModeInteractions":[],"bindingModes":[{"variationsOptimized":true,"fitLogActivity":true,"flankLength":0,"singleStrand":false,"variationName":"0;0;0","size":0,"dinucleotideDistance":0,"componentName":"Binding mode 0","freezingLevel":0,"positionBias":false,"includeComponent":true,"variationDescription":[{"variationName":"0;0;0","descriptionString":"Initial model."}],"modifications":[]},{"variationsOptimized":true,"fitLogActivity":true,"flankLength":2,"singleStrand":false,"variationName":"12;2;0","size":12,"dinucleotideDistance":0,"componentName":"Binding mode 1","freezingLevel":0,"positionBias":false,"includeComponent":true,"variationDescription":[{"variationName":"12;1;0","descriptionString":"Increases flank length."},{"variationName":"12;3;0","descriptionString":"Increases flank length."},{"variationName":"12;0;0","descriptionString":"Initial model."},{"variationName":"12;2;0","descriptionString":"Increases flank length."}],"modifications":[]},{"variationsOptimized":true,"fitLogActivity":true,"flankLength":0,"singleStrand":false,"variationName":"16;0;0","size":16,"dinucleotideDistance":0,"componentName":"Binding mode 2","freezingLevel":0,"positionBias":false,"includeComponent":true,"variationDescription":[{"variationName":"16;1;0","descriptionString":"Increases flank length."},{"variationName":"16;0;0","descriptionString":"Initial model."}],"modifications":[]}],"letterComplement":"C-G,A-T"},"coefficients":{"enrichmentModel":[{}],"countTable":[{"h":[1.4973093919978335,0.3843457741576094,0.0975271422356313,-0.5170022359747383,-1.4621800724129235]}],"bindingModeInteractions":[],"bindingModes":[{"mononucleotide":[],"activity":[[-1.2976989493702293E-8,-1.5038105793350078,-0.735196021161203,-1.8229353153081767,0.7567551928055758]],"dinucleotide":[],"modifications":[]},{"mononucleotide":[-0.7025598339391993,-0.7955215540742117,-0.6619242559130056,-0.7187831972446975,-0.13100381954451173,-1.075597452964514,-0.35404708684004776,-1.3181404818216593,-0.6967300282830254,-1.0094076890738375,-1.737273511460023,0.5646223876533925,-1.27372814424134,0.4992490672256063,-0.27490717384961294,-1.8293594433026132,0.4609741570657821,-1.6560528230334208,-0.4350700930845133,-1.2485969351172252,-1.8239950315685936,0.4676066716488773,-0.6062342933158278,-0.916166187929232,-0.916166187929232,-0.6062342933158278,0.4676066716488773,-1.8239950315685936,-1.2485969351172252,-0.4350700930845133,-1.6560528230334208,0.4609741570657821,-1.8293594433026132,-0.27490717384961294,0.4992490672256063,-1.27372814424134,0.5646223876533925,-1.737273511460023,-1.0094076890738375,-0.6967300282830254,-1.3181404818216593,-0.35404708684004776,-1.075597452964514,-0.13100381954451173,-0.7187831972446975,-0.6619242559130056,-0.7955215540742117,-0.7025598339391993],"activity":[[2.614752118336501E-5,-0.9376203425693297,-0.8543908139046806,-0.3153950846223548,-0.8171675720487177]],"dinucleotide":[],"modifications":[]},{"mononucleotide":[-0.16131927880474667,-0.13289997111097124,-0.1846772890647138,-0.06840540252977349,-0.08996288187036525,-0.21039662690989566,-0.06568083042562765,-0.18126160230455418,-0.15372564529280555,-0.1457881286432492,-0.23050900535208424,-0.017279162223332145,-0.16690240028034417,-0.09665954447220472,-0.01366862592666234,-0.27007137083232546,-0.013678924015402336,-0.15020184917311252,-0.2351440418023016,-0.14827712652011604,-0.2046154798905611,-0.13144942278395927,-0.17233172284464945,-0.03890531599225503,-0.12817667793280982,-0.18107297815993598,-0.09601200148155263,-0.1420402839371815,-0.17789800031579403,-0.10993517272513076,-0.14938078434142074,-0.11008798412980442,-0.11008798412980442,-0.14938078434142074,-0.10993517272513076,-0.17789800031579403,-0.1420402839371815,-0.09601200148155263,-0.18107297815993598,-0.12817667793280982,-0.03890531599225503,-0.17233172284464945,-0.13144942278395927,-0.2046154798905611,-0.14827712652011604,-0.2351440418023016,-0.15020184917311252,-0.013678924015402336,-0.27007137083232546,-0.01366862592666234,-0.09665954447220472,-0.16690240028034417,-0.017279162223332145,-0.23050900535208424,-0.1457881286432492,-0.15372564529280555,-0.18126160230455418,-0.06568083042562765,-0.21039662690989566,-0.08996288187036525,-0.06840540252977349,-0.1846772890647138,-0.13289997111097124,-0.16131927880474667],"activity":[[-0.010930126773330042,0.8840957706713467,-0.35448015490399715,0.30869734810763455,-1.537878338565698]],"dinucleotide":[],"modifications":[]}]},"modelFittingConstraints":{"enrichmentModel":[{"trySaturation":false}],"countTable":[{}],"bindingModes":[{"maxFlankLength":-1,"positionBiasBinWidth":1,"optimizeSizeHeuristic":false,"maxSize":-1,"optimizeFlankLength":false,"symmetryString":"null","roundSpecificActivity":true,"informationThreshold":0.1,"optimizeMotifShift":false,"fittingStages":[],"optimizeMotifShiftHeuristic":false,"experimentSpecificPositionBias":true,"minSize":-1,"experimentSpecificActivity":true,"optimizeSize":false},{"maxFlankLength":-1,"positionBiasBinWidth":1,"optimizeSizeHeuristic":false,"maxSize":-1,"optimizeFlankLength":false,"symmetryString":"abcdefFEDCBA","roundSpecificActivity":true,"informationThreshold":0.1,"optimizeMotifShift":false,"fittingStages":[{"optimizeFlankLength":true},{"optimizeMotifShift":false},{"optimizeMotifShiftHeuristic":false}],"optimizeMotifShiftHeuristic":false,"experimentSpecificPositionBias":true,"minSize":-1,"experimentSpecificActivity":true,"optimizeSize":false},{"maxFlankLength":-1,"positionBiasBinWidth":1,"optimizeSizeHeuristic":false,"maxSize":-1,"optimizeFlankLength":false,"symmetryString":"abcdefghHGFEDCBA","roundSpecificActivity":true,"informationThreshold":0.1,"optimizeMotifShift":false,"fittingStages":[{"optimizeFlankLength":true},{"optimizeMotifShift":false},{"optimizeMotifShiftHeuristic":false}],"optimizeMotifShiftHeuristic":false,"experimentSpecificPositionBias":true,"minSize":-1,"experimentSpecificActivity":true,"optimizeSize":false}]}}
